time=2026-09-23T14:26:53.358+03:00 level=INFO msg="azbot attaching" pid=14760
time=2026-09-23T14:26:58.963+03:00 level=INFO msg="aim calibration loaded" kx=1.1125320679211068 ky=1.1293540875695656 ox=2.951161121414657 oy=-27.490030603728087
time=2026-09-23T14:26:58.964+03:00 level=INFO msg="world scale" scale=1.25 client=1536x840 dpi=1.25
time=2026-09-23T14:26:59.045+03:00 level=INFO msg="attach report" verdict="position=true stats=true uibytes=true mode=true"
time=2026-09-23T14:27:03.662+03:00 level=INFO msg="sentinel live" killswitch=f10 drinkAt=60
time=2026-09-23T14:27:03.664+03:00 level=INFO msg=director goal=campaign
time=2026-09-23T14:27:08.563+03:00 level=INFO msg="map data fetched" seed=466817790 areas=136
time=2026-09-23T14:27:08.864+03:00 level=INFO msg="capability: proven binding" key=f1 skill=220 skill_name="Book of Townportal"
time=2026-09-23T14:27:09.072+03:00 level=INFO msg="capability: proven binding" key=f2 skill=218 skill_name="Book of Identify"
time=2026-09-23T14:27:09.249+03:00 level=INFO msg="capability: proven binding" key=f3 skill=133 skill_name="Double Swing"
time=2026-09-23T14:27:09.413+03:00 level=INFO msg="capability: key selected nothing (unbound or unusable)" key=f4
time=2026-09-23T14:27:09.631+03:00 level=INFO msg="capability: proven binding" key=f5 skill=143 skill_name="Leap Attack"
time=2026-09-23T14:27:09.827+03:00 level=INFO msg="capability: key selected nothing (unbound or unusable)" key=f6
time=2026-09-23T14:27:10.025+03:00 level=INFO msg="capability: key selected nothing (unbound or unusable)" key=f7
time=2026-09-23T14:27:10.235+03:00 level=INFO msg="capability: key selected nothing (unbound or unusable)" key=f8
time=2026-09-23T14:27:10.236+03:00 level=INFO msg="capability: combat binding" skill=143 skill_name="Leap Attack" key=116
time=2026-09-23T14:27:10.312+03:00 level=INFO msg="campaign itinerary selected" act=2 startArea=40 legs=24
time=2026-09-23T14:27:10.313+03:00 level=INFO msg="flight recorder live" path=logs/flight_1790162830.jsonl
time=2026-09-23T14:27:10.340+03:00 level=INFO msg="executive: grid re-aligned" area=40
time=2026-09-23T14:27:10.341+03:00 level=INFO msg="executive: self-model event — recalibrating" armed=true revived=false
time=2026-09-23T14:27:10.525+03:00 level=INFO msg="capability: proven binding" key=f1 skill=220 skill_name="Book of Townportal"
time=2026-09-23T14:27:10.735+03:00 level=INFO msg="capability: proven binding" key=f2 skill=218 skill_name="Book of Identify"
time=2026-09-23T14:27:10.935+03:00 level=INFO msg="capability: proven binding" key=f3 skill=133 skill_name="Double Swing"
time=2026-09-23T14:27:11.109+03:00 level=INFO msg="capability: key selected nothing (unbound or unusable)" key=f4
time=2026-09-23T14:27:11.309+03:00 level=INFO msg="capability: proven binding" key=f5 skill=143 skill_name="Leap Attack"
time=2026-09-23T14:27:11.497+03:00 level=INFO msg="capability: key selected nothing (unbound or unusable)" key=f6
time=2026-09-23T14:27:11.680+03:00 level=INFO msg="capability: key selected nothing (unbound or unusable)" key=f7
time=2026-09-23T14:27:11.866+03:00 level=INFO msg="capability: key selected nothing (unbound or unusable)" key=f8
time=2026-09-23T14:27:11.866+03:00 level=INFO msg="capability: combat binding" skill=143 skill_name="Leap Attack" key=116
time=2026-09-23T14:27:11.949+03:00 level=INFO msg=grant to=restock class=service urgency=1.08
time=2026-09-23T14:27:11.950+03:00 level=INFO msg=outcome verb=errand-trace holder=restock tgt="" result=refused ev="phase=0 menuTry=0 tries=0 menuOpen=false tradeSelected=false"
time=2026-09-23T14:27:11.951+03:00 level=INFO msg=status pos=(5101,5023) area=40 hp=119 mp=247 maxmana=34 lvl=25 gold=66304 weapon=melee arrows=-1 holder=restock
time=2026-09-23T14:27:11.956+03:00 level=INFO msg=outcome verb=errand-trace holder=restock tgt="" result=refused ev="phase=1 menuTry=0 tries=0 menuOpen=false tradeSelected=false"
time=2026-09-23T14:27:12.481+03:00 level=INFO msg=outcome verb=errand-trace holder=restock tgt="" result=refused ev="phase=2 menuTry=0 tries=0 menuOpen=false tradeSelected=false"
time=2026-09-23T14:27:20.447+03:00 level=INFO msg=outcome verb=errand-trace holder=restock tgt="" result=refused ev="phase=1 menuTry=0 tries=1 menuOpen=false tradeSelected=false"
time=2026-09-23T14:27:20.718+03:00 level=INFO msg=outcome verb=errand-trace holder=restock tgt="" result=refused ev="phase=2 menuTry=0 tries=1 menuOpen=false tradeSelected=false"
time=2026-09-23T14:27:30.105+03:00 level=INFO msg=outcome verb=stride holder=restock/hoverarc tgt=(5082,5035) result=blocked ev="from=(5087,5034) to=(5087,5034) gain=0"
time=2026-09-23T14:27:31.207+03:00 level=INFO msg=status pos=(5086,5025) area=40 hp=122 mp=247 maxmana=34 lvl=25 gold=66304 weapon=melee arrows=-1 holder=restock
time=2026-09-23T14:27:31.208+03:00 level=INFO msg="executive: game unfocused — playing on (posted input, your windows untouched)"
time=2026-09-23T14:27:31.252+03:00 level=INFO msg=outcome verb=errand-trace holder=restock tgt="" result=refused ev="phase=1 menuTry=0 tries=2 menuOpen=false tradeSelected=false"
time=2026-09-23T14:27:31.254+03:00 level=INFO msg=outcome verb=errand-trace holder=restock tgt="" result=refused ev="phase=2 menuTry=0 tries=2 menuOpen=false tradeSelected=false"
time=2026-09-23T14:27:31.825+03:00 level=INFO msg=outcome verb=errand holder=restock tgt="" result=whiff ev="talk diag: npc=177 unit@(5089,5032) me@(5084,5030) dist=5 proj=(827,443) hoverConfirmed=true"
time=2026-09-23T14:27:31.895+03:00 level=INFO msg=outcome verb=errand-trace holder=restock tgt="" result=refused ev="phase=2 menuTry=0 tries=3 menuOpen=false tradeSelected=false"
time=2026-09-23T14:27:31.971+03:00 level=INFO msg=outcome verb=errand-trace holder=restock tgt="" result=refused ev="phase=2 menuTry=0 tries=3 menuOpen=true tradeSelected=false"
time=2026-09-23T14:27:32.011+03:00 level=INFO msg=outcome verb=errand-trace holder=restock tgt="" result=refused ev="phase=3 menuTry=0 tries=3 menuOpen=true tradeSelected=false"
time=2026-09-23T14:27:32.142+03:00 level=INFO msg="sentinel: game refocused — modifier amnesty fired"
time=2026-09-23T14:27:32.729+03:00 level=INFO msg="executive: game refocused"
time=2026-09-23T14:27:32.732+03:00 level=INFO msg=outcome verb=errand-trace holder=restock tgt="" result=refused ev="phase=4 menuTry=0 tries=3 menuOpen=true tradeSelected=true"
time=2026-09-23T14:27:39.700+03:00 level=INFO msg="sentinel: game refocused — modifier amnesty fired"
time=2026-09-23T14:27:42.367+03:00 level=INFO msg="sentinel: game refocused — modifier amnesty fired"
time=2026-09-23T14:27:43.568+03:00 level=INFO msg=status pos=(5087,5031) area=40 hp=122 mp=247 maxmana=34 lvl=25 gold=65899 weapon=melee arrows=-1 holder=restock
time=2026-09-23T14:27:48.128+03:00 level=INFO msg=grant to=fence class=service urgency=0.85
time=2026-09-23T14:27:48.129+03:00 level=INFO msg=outcome verb=errand-trace holder=fence tgt="" result=refused ev="phase=0 menuTry=0 tries=0 menuOpen=true tradeSelected=false"
time=2026-09-23T14:27:48.170+03:00 level=INFO msg=outcome verb=errand-trace holder=fence tgt="" result=refused ev="phase=1 menuTry=0 tries=0 menuOpen=true tradeSelected=false"
time=2026-09-23T14:27:48.785+03:00 level=INFO msg=outcome verb=errand-trace holder=fence tgt="" result=refused ev="phase=1 menuTry=0 tries=0 menuOpen=false tradeSelected=false"
time=2026-09-23T14:27:49.191+03:00 level=INFO msg=outcome verb=errand-trace holder=fence tgt="" result=refused ev="phase=2 menuTry=0 tries=0 menuOpen=false tradeSelected=false"
time=2026-09-23T14:27:57.348+03:00 level=INFO msg=outcome verb=stride holder=fence/hoverarc tgt=(5084,5035) result=blocked ev="from=(5087,5034) to=(5087,5034) gain=0 detour=+22°"
time=2026-09-23T14:27:58.472+03:00 level=INFO msg=status pos=(5086,5027) area=40 hp=122 mp=247 maxmana=34 lvl=25 gold=65630 weapon=melee arrows=-1 holder=fence
time=2026-09-23T14:27:58.472+03:00 level=INFO msg="executive: game unfocused — playing on (posted input, your windows untouched)"
time=2026-09-23T14:27:58.505+03:00 level=INFO msg=outcome verb=errand-trace holder=fence tgt="" result=refused ev="phase=1 menuTry=0 tries=1 menuOpen=false tradeSelected=false"
time=2026-09-23T14:27:58.514+03:00 level=INFO msg=outcome verb=errand-trace holder=fence tgt="" result=refused ev="phase=2 menuTry=0 tries=1 menuOpen=false tradeSelected=false"
time=2026-09-23T14:27:58.863+03:00 level=INFO msg=outcome verb=errand-trace holder=fence tgt="" result=refused ev="phase=2 menuTry=0 tries=2 menuOpen=false tradeSelected=false"
time=2026-09-23T14:28:02.714+03:00 level=INFO msg=outcome verb=errand holder=fence tgt="" result=whiff ev="talk diag: npc=177 unit@(5089,5032) me@(5089,5029) dist=3 proj=(709,403) hoverConfirmed=true"
time=2026-09-23T14:28:02.911+03:00 level=INFO msg=outcome verb=errand-trace holder=fence tgt="" result=refused ev="phase=2 menuTry=0 tries=3 menuOpen=true tradeSelected=false"
time=2026-09-23T14:28:02.939+03:00 level=INFO msg=outcome verb=errand-trace holder=fence tgt="" result=refused ev="phase=3 menuTry=0 tries=3 menuOpen=true tradeSelected=false"
time=2026-09-23T14:28:03.070+03:00 level=INFO msg="sentinel: game refocused — modifier amnesty fired"
time=2026-09-23T14:28:03.666+03:00 level=INFO msg="executive: game refocused"
time=2026-09-23T14:28:03.669+03:00 level=INFO msg=outcome verb=errand-trace holder=fence tgt="" result=refused ev="phase=4 menuTry=0 tries=3 menuOpen=true tradeSelected=true"
time=2026-09-23T14:28:08.089+03:00 level=WARN msg="STALL — mute holder" class=service holder=fence silent=4.4s hp=122 pos=(5089,5029)
time=2026-09-23T14:28:08.183+03:00 level=INFO msg=outcome verb=fence holder=fence tgt="" result=deaf ev="GHOST TRADE WINDOW: sells not landing — aborting before a ctrl-click drops an item"
time=2026-09-23T14:28:09.284+03:00 level=INFO msg=verdict activity=fence verdict=abandoned
time=2026-09-23T14:28:09.285+03:00 level=INFO msg=status pos=(5089,5029) area=40 hp=122 mp=247 maxmana=34 lvl=25 gold=70876 weapon=melee arrows=-1 holder=fence
time=2026-09-23T14:28:09.290+03:00 level=INFO msg=grant to=spend class=service urgency=0.60
time=2026-09-23T14:28:09.290+03:00 level=INFO msg=outcome verb=spend holder=spend tgt="" result=refused ev="no proven REACH TOOL — skill points banked (P-8.5)"
time=2026-09-23T14:28:09.291+03:00 level=INFO msg=verdict activity=spend verdict=done
time=2026-09-23T14:28:09.331+03:00 level=INFO msg=grant to=identify class=service urgency=0.55
time=2026-09-23T14:28:13.299+03:00 level=WARN msg="STALL — mute holder" class=service holder=identify silent=4s hp=122 pos=(5089,5029)
time=2026-09-23T14:28:15.325+03:00 level=INFO msg=grant to=repair class=service urgency=0.50
time=2026-09-23T14:28:15.325+03:00 level=INFO msg=outcome verb=errand-trace holder=repair tgt="" result=refused ev="phase=0 menuTry=0 tries=0 menuOpen=false tradeSelected=false"
time=2026-09-23T14:28:17.045+03:00 level=INFO msg=outcome verb=errand-trace holder=repair tgt="" result=refused ev="phase=1 menuTry=0 tries=0 menuOpen=false tradeSelected=false"
time=2026-09-23T14:28:19.381+03:00 level=INFO msg=status pos=(5117,5058) area=40 hp=122 mp=247 maxmana=34 lvl=25 gold=70876 weapon=melee arrows=-1 holder=repair
time=2026-09-23T14:28:20.958+03:00 level=INFO msg="executive: game unfocused — playing on (posted input, your windows untouched)"
time=2026-09-23T14:28:25.643+03:00 level=INFO msg=outcome verb=errand-trace holder=repair tgt="" result=refused ev="phase=2 menuTry=0 tries=0 menuOpen=false tradeSelected=false"
time=2026-09-23T14:28:36.413+03:00 level=INFO msg=status pos=(5126,5073) area=40 hp=122 mp=247 maxmana=34 lvl=25 gold=70876 weapon=melee arrows=-1 holder=repair
time=2026-09-23T14:28:36.452+03:00 level=INFO msg=outcome verb=errand-trace holder=repair tgt="" result=refused ev="phase=1 menuTry=0 tries=1 menuOpen=false tradeSelected=false"
time=2026-09-23T14:28:36.456+03:00 level=INFO msg=outcome verb=errand-trace holder=repair tgt="" result=refused ev="phase=2 menuTry=0 tries=1 menuOpen=false tradeSelected=false"
time=2026-09-23T14:28:36.788+03:00 level=INFO msg="sentinel: OS shift state changed" down=true engaged=true
time=2026-09-23T14:28:37.038+03:00 level=INFO msg="sentinel: OS shift state changed" down=false engaged=true
time=2026-09-23T14:28:38.063+03:00 level=INFO msg="sentinel: OS shift state changed" down=true engaged=true
time=2026-09-23T14:28:38.288+03:00 level=INFO msg="sentinel: OS shift state changed" down=false engaged=true
time=2026-09-23T14:28:43.337+03:00 level=INFO msg="sentinel: OS shift state changed" down=true engaged=true
time=2026-09-23T14:28:43.588+03:00 level=INFO msg="sentinel: OS shift state changed" down=false engaged=true
time=2026-09-23T14:28:46.963+03:00 level=INFO msg=status pos=(5114,5078) area=40 hp=122 mp=247 maxmana=34 lvl=25 gold=70876 weapon=melee arrows=-1 holder=repair
time=2026-09-23T14:28:47.001+03:00 level=INFO msg=outcome verb=errand-trace holder=repair tgt="" result=refused ev="phase=1 menuTry=0 tries=2 menuOpen=false tradeSelected=false"
time=2026-09-23T14:28:48.541+03:00 level=INFO msg=outcome verb=errand-trace holder=repair tgt="" result=refused ev="phase=2 menuTry=0 tries=2 menuOpen=false tradeSelected=false"
time=2026-09-23T14:28:58.259+03:00 level=INFO msg=outcome verb=errand holder=repair tgt="" result=whiff ev="talk diag: npc=178 unit@(5113,5083) me@(5113,5078) dist=5 proj=(669,423) hoverConfirmed=false"
time=2026-09-23T14:28:58.359+03:00 level=INFO msg=status pos=(5113,5078) area=40 hp=122 mp=247 maxmana=34 lvl=25 gold=70876 weapon=melee arrows=-1 holder=repair
time=2026-09-23T14:28:58.411+03:00 level=INFO msg=grant to=fence class=service urgency=0.75
time=2026-09-23T14:28:58.412+03:00 level=INFO msg=outcome verb=errand-trace holder=fence tgt="" result=refused ev="phase=0 menuTry=0 tries=0 menuOpen=false tradeSelected=false"
time=2026-09-23T14:28:58.421+03:00 level=INFO msg=outcome verb=errand-trace holder=fence tgt="" result=refused ev="phase=1 menuTry=0 tries=0 menuOpen=false tradeSelected=false"
time=2026-09-23T14:28:58.678+03:00 level=INFO msg=outcome verb=stride holder=fence tgt=(5116,5078) result=blocked ev="from=(5113,5078) to=(5113,5078) gain=0"
time=2026-09-23T14:28:58.951+03:00 level=INFO msg=outcome verb=stride holder=fence tgt=(5116,5078) result=blocked ev="from=(5113,5078) to=(5113,5078) gain=0"
time=2026-09-23T14:28:59.201+03:00 level=INFO msg=outcome verb=stride holder=fence tgt=(5116,5078) result=blocked ev="from=(5113,5078) to=(5113,5078) gain=0"
time=2026-09-23T14:28:59.468+03:00 level=INFO msg=outcome verb=stride holder=fence tgt=(5116,5078) result=blocked ev="from=(5113,5078) to=(5113,5078) gain=0"
time=2026-09-23T14:28:59.718+03:00 level=INFO msg=outcome verb=stride holder=fence tgt=(5116,5078) result=blocked ev="from=(5113,5078) to=(5113,5078) gain=0"
time=2026-09-23T14:28:59.951+03:00 level=INFO msg=outcome verb=stride holder=fence tgt=(5116,5078) result=blocked ev="from=(5113,5078) to=(5113,5078) gain=0"
time=2026-09-23T14:29:00.188+03:00 level=INFO msg=outcome verb=stride holder=fence tgt=(5116,5078) result=blocked ev="from=(5113,5078) to=(5113,5078) gain=0"
time=2026-09-23T14:29:00.452+03:00 level=INFO msg=outcome verb=stride holder=fence tgt=(5116,5078) result=blocked ev="from=(5113,5078) to=(5113,5078) gain=0"
time=2026-09-23T14:29:00.716+03:00 level=INFO msg=outcome verb=stride holder=fence tgt=(5116,5078) result=blocked ev="from=(5113,5078) to=(5113,5078) gain=0"
time=2026-09-23T14:29:00.982+03:00 level=INFO msg=outcome verb=stride holder=fence tgt=(5116,5078) result=blocked ev="from=(5113,5078) to=(5113,5078) gain=0"
time=2026-09-23T14:29:01.247+03:00 level=INFO msg=outcome verb=stride holder=fence tgt=(5116,5078) result=blocked ev="from=(5113,5078) to=(5113,5078) gain=0"
time=2026-09-23T14:29:01.501+03:00 level=INFO msg=outcome verb=stride holder=fence tgt=(5116,5078) result=blocked ev="from=(5113,5078) to=(5113,5078) gain=0"
time=2026-09-23T14:29:01.807+03:00 level=INFO msg=outcome verb=stride holder=fence tgt=(5116,5078) result=blocked ev="from=(5113,5078) to=(5113,5078) gain=0"
time=2026-09-23T14:29:02.053+03:00 level=INFO msg=outcome verb=stride holder=fence tgt=(5116,5078) result=blocked ev="from=(5113,5078) to=(5113,5078) gain=0"
time=2026-09-23T14:29:02.311+03:00 level=INFO msg=outcome verb=stride holder=fence tgt=(5116,5078) result=blocked ev="from=(5113,5078) to=(5113,5078) gain=0"
time=2026-09-23T14:29:02.559+03:00 level=INFO msg=outcome verb=stride holder=fence tgt=(5116,5078) result=blocked ev="from=(5113,5078) to=(5113,5078) gain=0"
time=2026-09-23T14:29:02.823+03:00 level=INFO msg=outcome verb=stride holder=fence tgt=(5116,5078) result=blocked ev="from=(5113,5078) to=(5113,5078) gain=0"
time=2026-09-23T14:29:03.084+03:00 level=INFO msg=outcome verb=stride holder=fence tgt=(5116,5078) result=blocked ev="from=(5113,5078) to=(5113,5078) gain=0"
time=2026-09-23T14:29:03.348+03:00 level=INFO msg=outcome verb=stride holder=fence tgt=(5116,5078) result=blocked ev="from=(5113,5078) to=(5113,5078) gain=0"
time=2026-09-23T14:29:03.602+03:00 level=INFO msg=outcome verb=stride holder=fence tgt=(5116,5078) result=blocked ev="from=(5113,5078) to=(5113,5078) gain=0"
time=2026-09-23T14:29:03.875+03:00 level=INFO msg=outcome verb=stride holder=fence tgt=(5116,5078) result=blocked ev="from=(5113,5078) to=(5113,5078) gain=0"
time=2026-09-23T14:29:04.125+03:00 level=INFO msg=outcome verb=stride holder=fence tgt=(5116,5078) result=blocked ev="from=(5113,5078) to=(5113,5078) gain=0"
time=2026-09-23T14:29:04.373+03:00 level=INFO msg=outcome verb=stride holder=fence tgt=(5116,5078) result=blocked ev="from=(5113,5078) to=(5113,5078) gain=0"
time=2026-09-23T14:29:04.619+03:00 level=INFO msg=outcome verb=stride holder=fence tgt=(5116,5078) result=blocked ev="from=(5113,5078) to=(5113,5078) gain=0"
time=2026-09-23T14:29:04.911+03:00 level=INFO msg=outcome verb=stride holder=fence tgt=(5116,5078) result=blocked ev="from=(5113,5078) to=(5113,5078) gain=0"
time=2026-09-23T14:29:05.159+03:00 level=INFO msg=outcome verb=stride holder=fence tgt=(5116,5078) result=blocked ev="from=(5113,5078) to=(5113,5078) gain=0"
time=2026-09-23T14:29:05.428+03:00 level=INFO msg=outcome verb=stride holder=fence tgt=(5116,5078) result=blocked ev="from=(5113,5078) to=(5113,5078) gain=0"
time=2026-09-23T14:29:05.683+03:00 level=INFO msg=outcome verb=stride holder=fence tgt=(5116,5078) result=blocked ev="from=(5113,5078) to=(5113,5078) gain=0"
time=2026-09-23T14:29:05.945+03:00 level=INFO msg=outcome verb=stride holder=fence tgt=(5116,5078) result=blocked ev="from=(5113,5078) to=(5113,5078) gain=0"
time=2026-09-23T14:29:06.209+03:00 level=INFO msg=outcome verb=stride holder=fence tgt=(5116,5078) result=blocked ev="from=(5113,5078) to=(5113,5078) gain=0"
time=2026-09-23T14:29:06.483+03:00 level=INFO msg=outcome verb=stride holder=fence tgt=(5116,5078) result=blocked ev="from=(5113,5078) to=(5113,5078) gain=0"
time=2026-09-23T14:29:06.749+03:00 level=INFO msg=outcome verb=stride holder=fence tgt=(5116,5078) result=blocked ev="from=(5113,5078) to=(5113,5078) gain=0"
time=2026-09-23T14:29:07.010+03:00 level=INFO msg=outcome verb=stride holder=fence tgt=(5116,5078) result=blocked ev="from=(5113,5078) to=(5113,5078) gain=0"
time=2026-09-23T14:29:07.265+03:00 level=INFO msg=outcome verb=stride holder=fence tgt=(5116,5078) result=blocked ev="from=(5113,5078) to=(5113,5078) gain=0"
time=2026-09-23T14:29:07.545+03:00 level=INFO msg=outcome verb=stride holder=fence tgt=(5116,5078) result=blocked ev="from=(5113,5078) to=(5113,5078) gain=0"
time=2026-09-23T14:29:07.794+03:00 level=INFO msg=outcome verb=stride holder=fence tgt=(5116,5078) result=blocked ev="from=(5113,5078) to=(5113,5078) gain=0"
time=2026-09-23T14:29:08.118+03:00 level=INFO msg=outcome verb=stride holder=fence tgt=(5116,5078) result=blocked ev="from=(5113,5078) to=(5113,5078) gain=0"
time=2026-09-23T14:29:08.374+03:00 level=INFO msg=outcome verb=stride holder=fence tgt=(5116,5078) result=blocked ev="from=(5113,5078) to=(5113,5078) gain=0"
time=2026-09-23T14:29:08.375+03:00 level=INFO msg=status pos=(5113,5078) area=40 hp=122 mp=247 maxmana=34 lvl=25 gold=70876 weapon=melee arrows=-1 holder=fence
time=2026-09-23T14:29:08.636+03:00 level=INFO msg=outcome verb=stride holder=fence tgt=(5116,5078) result=blocked ev="from=(5113,5078) to=(5113,5078) gain=0"
time=2026-09-23T14:29:08.887+03:00 level=INFO msg=outcome verb=stride holder=fence tgt=(5116,5078) result=blocked ev="from=(5113,5078) to=(5113,5078) gain=0"
time=2026-09-23T14:29:09.151+03:00 level=INFO msg=outcome verb=stride holder=fence tgt=(5116,5078) result=blocked ev="from=(5113,5078) to=(5113,5078) gain=0"
time=2026-09-23T14:29:09.415+03:00 level=INFO msg=outcome verb=stride holder=fence tgt=(5116,5078) result=blocked ev="from=(5113,5078) to=(5113,5078) gain=0"
time=2026-09-23T14:29:09.690+03:00 level=INFO msg=outcome verb=stride holder=fence tgt=(5116,5078) result=blocked ev="from=(5113,5078) to=(5113,5078) gain=0"
time=2026-09-23T14:29:09.946+03:00 level=INFO msg=outcome verb=stride holder=fence tgt=(5116,5078) result=blocked ev="from=(5113,5078) to=(5113,5078) gain=0"
time=2026-09-23T14:29:10.206+03:00 level=INFO msg=outcome verb=stride holder=fence tgt=(5116,5078) result=blocked ev="from=(5113,5078) to=(5113,5078) gain=0"
time=2026-09-23T14:29:10.456+03:00 level=INFO msg=outcome verb=stride holder=fence tgt=(5116,5078) result=blocked ev="from=(5113,5078) to=(5113,5078) gain=0"
time=2026-09-23T14:29:12.672+03:00 level=INFO msg=outcome verb=stride holder=fence/escape tgt=(5119,5078) result=blocked ev="from=(5113,5078) to=(5113,5078) gain=0"
time=2026-09-23T14:29:12.969+03:00 level=INFO msg=outcome verb=stride holder=fence tgt=(5116,5078) result=blocked ev="from=(5113,5078) to=(5113,5078) gain=0"
time=2026-09-23T14:29:13.236+03:00 level=INFO msg=outcome verb=stride holder=fence tgt=(5116,5078) result=blocked ev="from=(5113,5078) to=(5113,5078) gain=0"
time=2026-09-23T14:29:13.494+03:00 level=INFO msg=outcome verb=stride holder=fence tgt=(5116,5078) result=blocked ev="from=(5113,5078) to=(5113,5078) gain=0"
time=2026-09-23T14:29:13.761+03:00 level=INFO msg=outcome verb=stride holder=fence tgt=(5116,5078) result=blocked ev="from=(5113,5078) to=(5113,5078) gain=0"
time=2026-09-23T14:29:13.764+03:00 level=WARN msg=PATHOLOGY kind=stuck detail="holder=fence pinned in 0x0 box for 15s" cooling=fence for=6s
time=2026-09-23T14:29:15.981+03:00 level=INFO msg=outcome verb=stride holder=watchdog tgt=(5099,5092) result=blocked ev="from=(5113,5078) to=(5111,5078) gain=2"
time=2026-09-23T14:29:16.029+03:00 level=INFO msg=grant to=repair class=service urgency=0.50
time=2026-09-23T14:29:16.030+03:00 level=INFO msg=outcome verb=errand-trace holder=repair tgt="" result=refused ev="phase=2 menuTry=0 tries=3 menuOpen=false tradeSelected=false"
time=2026-09-23T14:29:16.031+03:00 level=INFO msg=outcome verb=errand holder=repair tgt="" result=timeout ev="npc=178 service attempt exceeded 45s in area 40"
time=2026-09-23T14:29:16.032+03:00 level=INFO msg=verdict activity=repair verdict=abandoned
time=2026-09-23T14:29:16.034+03:00 level=INFO msg="status: idle" pos=(5111,5078) area=40 hp=122 lvl=25
time=2026-09-23T14:29:17.870+03:00 level=INFO msg=grant to=fence class=service urgency=0.75
time=2026-09-23T14:29:18.119+03:00 level=INFO msg=outcome verb=stride holder=fence tgt=(5114,5079) result=blocked ev="from=(5111,5078) to=(5111,5078) gain=0"
time=2026-09-23T14:29:18.385+03:00 level=INFO msg=outcome verb=stride holder=fence tgt=(5114,5079) result=blocked ev="from=(5111,5078) to=(5111,5078) gain=0"
time=2026-09-23T14:29:18.648+03:00 level=INFO msg=outcome verb=stride holder=fence tgt=(5114,5079) result=blocked ev="from=(5111,5078) to=(5111,5078) gain=0"
time=2026-09-23T14:29:18.953+03:00 level=INFO msg=outcome verb=stride holder=fence tgt=(5114,5079) result=blocked ev="from=(5111,5078) to=(5111,5078) gain=0"
time=2026-09-23T14:29:18.962+03:00 level=WARN msg=PATHOLOGY kind=stuck detail="holder=fence pinned in 2x0 box for 19s" cooling=fence for=6s
time=2026-09-23T14:29:21.139+03:00 level=INFO msg=outcome verb=stride holder=watchdog tgt=(5111,5058) result=blocked ev="from=(5111,5078) to=(5111,5078) gain=0 detour=+67°"
time=2026-09-23T14:29:21.203+03:00 level=INFO msg="status: idle" pos=(5111,5078) area=40 hp=122 lvl=25
time=2026-09-23T14:29:23.082+03:00 level=INFO msg=grant to=fence class=service urgency=0.75
time=2026-09-23T14:29:23.347+03:00 level=INFO msg=outcome verb=stride holder=fence tgt=(5114,5079) result=blocked ev="from=(5111,5078) to=(5111,5078) gain=0"
time=2026-09-23T14:29:23.637+03:00 level=INFO msg=outcome verb=stride holder=fence tgt=(5114,5079) result=blocked ev="from=(5111,5078) to=(5111,5078) gain=0"
time=2026-09-23T14:29:23.900+03:00 level=INFO msg=outcome verb=stride holder=fence tgt=(5114,5079) result=blocked ev="from=(5111,5078) to=(5111,5078) gain=0"
time=2026-09-23T14:29:24.165+03:00 level=INFO msg=outcome verb=stride holder=fence tgt=(5114,5079) result=blocked ev="from=(5111,5078) to=(5111,5078) gain=0"
time=2026-09-23T14:29:24.224+03:00 level=WARN msg=PATHOLOGY kind=stuck detail="holder=fence pinned in 2x0 box for 19s" cooling=fence for=6s
time=2026-09-23T14:29:26.448+03:00 level=INFO msg="status: idle" pos=(5143,5078) area=40 hp=122 lvl=25
time=2026-09-23T14:29:28.409+03:00 level=INFO msg=grant to=fence class=service urgency=0.75
time=2026-09-23T14:29:36.324+03:00 level=INFO msg=outcome verb=errand-trace holder=fence tgt="" result=refused ev="phase=2 menuTry=0 tries=0 menuOpen=false tradeSelected=false"
time=2026-09-23T14:29:46.908+03:00 level=INFO msg=status pos=(5091,5025) area=40 hp=122 mp=247 maxmana=34 lvl=25 gold=70876 weapon=melee arrows=-1 holder=fence
time=2026-09-23T14:29:46.976+03:00 level=INFO msg=outcome verb=errand-trace holder=fence tgt="" result=refused ev="phase=1 menuTry=0 tries=1 menuOpen=false tradeSelected=false"
time=2026-09-23T14:29:46.979+03:00 level=INFO msg=outcome verb=errand holder=fence tgt="" result=timeout ev="npc=177 service attempt exceeded 45s in area 40"
time=2026-09-23T14:29:46.980+03:00 level=INFO msg=verdict activity=fence verdict=abandoned
time=2026-09-23T14:29:52.086+03:00 level=INFO msg="status: idle" pos=(5088,5043) area=40 hp=122 lvl=25
time=2026-09-23T14:29:57.210+03:00 level=INFO msg="status: idle" pos=(5088,5043) area=40 hp=122 lvl=25
time=2026-09-23T14:29:59.210+03:00 level=WARN msg="idle breaker: services cooled 90s — the march reclaims the wheel"
time=2026-09-23T14:29:59.607+03:00 level=INFO msg=grant to=advance class=travel urgency=0.45
time=2026-09-23T14:30:21.021+03:00 level=INFO msg=status pos=(5072,5079) area=40 hp=122 mp=247 maxmana=34 lvl=25 gold=70876 weapon=melee arrows=-1 holder=advance
time=2026-09-23T14:30:21.043+03:00 level=INFO msg="executive: grid re-aligned" area=42
time=2026-09-23T14:30:21.750+03:00 level=INFO msg=grant to=loot class=loot urgency=0.78
time=2026-09-23T14:30:25.000+03:00 level=INFO msg=outcome verb=pickup holder=loot tgt="item=3137" result=refused ev="target quality changed before click: 2"
time=2026-09-23T14:30:25.046+03:00 level=INFO msg=outcome verb=pickup holder=loot tgt="item=3137" result=refused ev="target quality changed before click: 2"
time=2026-09-23T14:30:25.098+03:00 level=INFO msg=outcome verb=pickup holder=loot tgt="item=3137" result=refused ev="target quality changed before click: 2"
time=2026-09-23T14:30:28.728+03:00 level=INFO msg=outcome verb=stride holder=loot tgt=(5527,4701) result=blocked ev="from=(5521,4702) to=(5521,4702) gain=0"
time=2026-09-23T14:30:29.397+03:00 level=INFO msg=outcome verb=stride holder=loot tgt=(5527,4701) result=blocked ev="from=(5521,4702) to=(5521,4702) gain=0"
time=2026-09-23T14:30:29.984+03:00 level=INFO msg=outcome verb=stride holder=loot tgt=(5527,4701) result=blocked ev="from=(5521,4702) to=(5521,4702) gain=0"
time=2026-09-23T14:30:30.493+03:00 level=INFO msg=outcome verb=stride holder=loot tgt=(5527,4701) result=blocked ev="from=(5521,4702) to=(5521,4702) gain=0"
time=2026-09-23T14:30:31.001+03:00 level=INFO msg=outcome verb=stride holder=loot tgt=(5527,4701) result=blocked ev="from=(5521,4702) to=(5521,4702) gain=0"
time=2026-09-23T14:30:31.520+03:00 level=INFO msg=outcome verb=stride holder=loot tgt=(5527,4701) result=blocked ev="from=(5521,4702) to=(5521,4702) gain=0"
time=2026-09-23T14:30:31.521+03:00 level=INFO msg=status pos=(5521,4702) area=42 hp=122 mp=247 maxmana=34 lvl=25 gold=70876 weapon=melee arrows=-1 holder=loot
time=2026-09-23T14:30:32.076+03:00 level=INFO msg=outcome verb=stride holder=loot tgt=(5527,4701) result=blocked ev="from=(5521,4702) to=(5521,4702) gain=0"
time=2026-09-23T14:30:32.590+03:00 level=INFO msg=outcome verb=stride holder=loot tgt=(5527,4701) result=blocked ev="from=(5521,4702) to=(5521,4702) gain=0"
time=2026-09-23T14:30:33.122+03:00 level=INFO msg=outcome verb=stride holder=loot tgt=(5527,4701) result=blocked ev="from=(5521,4702) to=(5521,4702) gain=0"
time=2026-09-23T14:30:33.678+03:00 level=INFO msg=outcome verb=stride holder=loot tgt=(5527,4701) result=blocked ev="from=(5521,4702) to=(5521,4702) gain=0"
time=2026-09-23T14:30:34.249+03:00 level=INFO msg=outcome verb=stride holder=loot tgt=(5527,4701) result=blocked ev="from=(5521,4702) to=(5521,4702) gain=0"
time=2026-09-23T14:30:34.773+03:00 level=INFO msg=outcome verb=stride holder=loot tgt=(5527,4701) result=blocked ev="from=(5521,4702) to=(5521,4702) gain=0"
time=2026-09-23T14:30:35.325+03:00 level=INFO msg=outcome verb=stride holder=loot tgt=(5527,4701) result=blocked ev="from=(5521,4702) to=(5521,4702) gain=0"
time=2026-09-23T14:30:35.846+03:00 level=INFO msg=outcome verb=stride holder=loot tgt=(5527,4701) result=blocked ev="from=(5521,4702) to=(5521,4702) gain=0"
time=2026-09-23T14:30:36.393+03:00 level=INFO msg=outcome verb=stride holder=loot tgt=(5527,4701) result=blocked ev="from=(5521,4702) to=(5521,4702) gain=0"
time=2026-09-23T14:30:36.919+03:00 level=INFO msg=outcome verb=stride holder=loot tgt=(5527,4701) result=blocked ev="from=(5521,4702) to=(5521,4702) gain=0"
time=2026-09-23T14:30:37.446+03:00 level=INFO msg=outcome verb=stride holder=loot tgt=(5527,4701) result=blocked ev="from=(5521,4702) to=(5521,4702) gain=0"
time=2026-09-23T14:30:39.694+03:00 level=INFO msg=outcome verb=stride holder=loot/escape tgt=(5527,4702) result=blocked ev="from=(5521,4702) to=(5521,4702) gain=0"
time=2026-09-23T14:30:40.270+03:00 level=INFO msg=outcome verb=stride holder=loot tgt=(5527,4701) result=blocked ev="from=(5521,4702) to=(5521,4702) gain=0"
time=2026-09-23T14:30:40.839+03:00 level=INFO msg=outcome verb=stride holder=loot tgt=(5527,4701) result=blocked ev="from=(5521,4702) to=(5521,4702) gain=0"
time=2026-09-23T14:30:41.386+03:00 level=INFO msg=outcome verb=stride holder=loot tgt=(5527,4701) result=blocked ev="from=(5521,4702) to=(5521,4702) gain=0"
time=2026-09-23T14:30:41.921+03:00 level=INFO msg=outcome verb=stride holder=loot tgt=(5527,4701) result=blocked ev="from=(5521,4702) to=(5521,4702) gain=0"
time=2026-09-23T14:30:41.922+03:00 level=INFO msg=status pos=(5521,4702) area=42 hp=122 mp=247 maxmana=34 lvl=25 gold=70876 weapon=melee arrows=-1 holder=loot
time=2026-09-23T14:30:42.448+03:00 level=INFO msg=outcome verb=stride holder=loot tgt=(5527,4701) result=blocked ev="from=(5521,4702) to=(5521,4702) gain=0"
time=2026-09-23T14:30:42.977+03:00 level=INFO msg=outcome verb=stride holder=loot tgt=(5527,4701) result=blocked ev="from=(5521,4702) to=(5521,4702) gain=0"
time=2026-09-23T14:30:43.544+03:00 level=INFO msg=outcome verb=stride holder=loot tgt=(5527,4701) result=blocked ev="from=(5521,4702) to=(5521,4702) gain=0"
time=2026-09-23T14:30:44.050+03:00 level=INFO msg=outcome verb=stride holder=loot tgt=(5527,4701) result=blocked ev="from=(5521,4702) to=(5521,4702) gain=0"
time=2026-09-23T14:30:44.594+03:00 level=INFO msg=outcome verb=stride holder=loot tgt=(5527,4701) result=blocked ev="from=(5521,4702) to=(5521,4702) gain=0"
time=2026-09-23T14:30:45.131+03:00 level=INFO msg=outcome verb=stride holder=loot tgt=(5527,4701) result=blocked ev="from=(5521,4702) to=(5521,4702) gain=0"
time=2026-09-23T14:30:45.668+03:00 level=INFO msg=outcome verb=stride holder=loot tgt=(5527,4701) result=blocked ev="from=(5521,4702) to=(5521,4702) gain=0"
time=2026-09-23T14:30:46.198+03:00 level=INFO msg=outcome verb=stride holder=loot tgt=(5527,4701) result=blocked ev="from=(5521,4702) to=(5521,4702) gain=0"
time=2026-09-23T14:30:46.773+03:00 level=INFO msg=outcome verb=stride holder=loot tgt=(5527,4701) result=blocked ev="from=(5521,4702) to=(5521,4702) gain=0"
time=2026-09-23T14:30:47.318+03:00 level=INFO msg=outcome verb=stride holder=loot tgt=(5527,4701) result=blocked ev="from=(5521,4702) to=(5521,4702) gain=0"
time=2026-09-23T14:30:47.859+03:00 level=INFO msg=outcome verb=stride holder=loot tgt=(5527,4701) result=blocked ev="from=(5521,4702) to=(5521,4702) gain=0"
time=2026-09-23T14:30:47.863+03:00 level=WARN msg=PATHOLOGY kind=stuck detail="holder=loot pinned in 0x0 box for 19s" cooling=loot for=6s
time=2026-09-23T14:30:50.083+03:00 level=INFO msg=grant to=advance class=travel urgency=0.40
time=2026-09-23T14:30:50.088+03:00 level=INFO msg=verdict activity=advance verdict=done
time=2026-09-23T14:30:50.091+03:00 level=INFO msg=grant to=imbibe class=loot urgency=0.45
time=2026-09-23T14:30:50.094+03:00 level=INFO msg=verdict activity=imbibe verdict=done
time=2026-09-23T14:30:50.134+03:00 level=INFO msg=grant to=advance class=travel urgency=0.40
time=2026-09-23T14:30:51.946+03:00 level=INFO msg=status pos=(5495,4680) area=42 hp=122 mp=247 maxmana=34 lvl=25 gold=70876 weapon=melee arrows=-1 holder=advance
time=2026-09-23T14:30:53.820+03:00 level=INFO msg=outcome verb=stride holder=advance tgt=(5492,4643) result=blocked ev="from=(5492,4678) to=(5492,4678) gain=0"
time=2026-09-23T14:30:53.892+03:00 level=INFO msg=grant to=loot class=loot urgency=0.78
time=2026-09-23T14:30:54.325+03:00 level=INFO msg=outcome verb=stride holder=loot tgt=(5500,4674) result=blocked ev="from=(5492,4678) to=(5492,4678) gain=0"
time=2026-09-23T14:30:54.713+03:00 level=INFO msg=outcome verb=stride holder=loot tgt=(5500,4674) result=blocked ev="from=(5492,4678) to=(5492,4678) gain=0"
time=2026-09-23T14:30:55.101+03:00 level=INFO msg=outcome verb=stride holder=loot tgt=(5500,4674) result=blocked ev="from=(5492,4678) to=(5492,4678) gain=0"
time=2026-09-23T14:30:55.512+03:00 level=INFO msg=outcome verb=stride holder=loot tgt=(5500,4674) result=blocked ev="from=(5492,4678) to=(5492,4678) gain=0"
time=2026-09-23T14:30:55.903+03:00 level=INFO msg=outcome verb=stride holder=loot tgt=(5500,4674) result=blocked ev="from=(5492,4678) to=(5492,4678) gain=0"
time=2026-09-23T14:30:56.285+03:00 level=INFO msg=outcome verb=stride holder=loot tgt=(5500,4674) result=blocked ev="from=(5492,4678) to=(5492,4678) gain=0"
time=2026-09-23T14:30:56.705+03:00 level=INFO msg=outcome verb=stride holder=loot tgt=(5500,4674) result=blocked ev="from=(5492,4678) to=(5492,4678) gain=0"
time=2026-09-23T14:30:57.090+03:00 level=INFO msg=outcome verb=stride holder=loot tgt=(5500,4674) result=blocked ev="from=(5492,4678) to=(5492,4678) gain=0"
time=2026-09-23T14:30:57.524+03:00 level=INFO msg=outcome verb=stride holder=loot tgt=(5500,4674) result=blocked ev="from=(5492,4678) to=(5492,4678) gain=0"
time=2026-09-23T14:30:57.950+03:00 level=INFO msg=outcome verb=stride holder=loot tgt=(5500,4674) result=blocked ev="from=(5492,4678) to=(5492,4678) gain=0"
time=2026-09-23T14:30:58.338+03:00 level=INFO msg=outcome verb=stride holder=loot tgt=(5500,4674) result=blocked ev="from=(5492,4678) to=(5492,4678) gain=0"
time=2026-09-23T14:30:58.774+03:00 level=INFO msg=outcome verb=stride holder=loot tgt=(5500,4674) result=blocked ev="from=(5492,4678) to=(5492,4678) gain=0"
time=2026-09-23T14:30:59.149+03:00 level=INFO msg=outcome verb=stride holder=loot tgt=(5500,4674) result=blocked ev="from=(5492,4678) to=(5492,4678) gain=0"
time=2026-09-23T14:30:59.531+03:00 level=INFO msg=outcome verb=stride holder=loot tgt=(5500,4674) result=blocked ev="from=(5492,4678) to=(5492,4678) gain=0"
time=2026-09-23T14:30:59.914+03:00 level=INFO msg=outcome verb=stride holder=loot tgt=(5500,4674) result=blocked ev="from=(5492,4678) to=(5492,4678) gain=0"
time=2026-09-23T14:31:00.299+03:00 level=INFO msg=outcome verb=stride holder=loot tgt=(5500,4674) result=blocked ev="from=(5492,4678) to=(5492,4678) gain=0"
time=2026-09-23T14:31:00.737+03:00 level=INFO msg=outcome verb=stride holder=loot tgt=(5500,4674) result=blocked ev="from=(5492,4678) to=(5492,4678) gain=0"
time=2026-09-23T14:31:01.132+03:00 level=INFO msg=outcome verb=stride holder=loot tgt=(5500,4674) result=blocked ev="from=(5492,4678) to=(5492,4678) gain=0"
time=2026-09-23T14:31:01.542+03:00 level=INFO msg=outcome verb=stride holder=loot tgt=(5500,4674) result=blocked ev="from=(5492,4678) to=(5492,4678) gain=0"
time=2026-09-23T14:31:01.924+03:00 level=INFO msg=outcome verb=stride holder=loot tgt=(5500,4674) result=blocked ev="from=(5492,4678) to=(5492,4678) gain=0"
time=2026-09-23T14:31:02.310+03:00 level=INFO msg=outcome verb=stride holder=loot tgt=(5500,4674) result=blocked ev="from=(5492,4678) to=(5492,4678) gain=0"
time=2026-09-23T14:31:02.310+03:00 level=INFO msg=status pos=(5492,4678) area=42 hp=122 mp=247 maxmana=34 lvl=25 gold=70876 weapon=melee arrows=-1 holder=loot
time=2026-09-23T14:31:02.690+03:00 level=INFO msg=outcome verb=stride holder=loot tgt=(5500,4674) result=blocked ev="from=(5492,4678) to=(5492,4678) gain=0"
time=2026-09-23T14:31:03.073+03:00 level=INFO msg=outcome verb=stride holder=loot tgt=(5500,4674) result=blocked ev="from=(5492,4678) to=(5492,4678) gain=0"
time=2026-09-23T14:31:03.470+03:00 level=INFO msg=outcome verb=stride holder=loot tgt=(5500,4674) result=blocked ev="from=(5492,4678) to=(5492,4678) gain=0"
time=2026-09-23T14:31:03.955+03:00 level=INFO msg=outcome verb=stride holder=loot tgt=(5500,4674) result=blocked ev="from=(5492,4678) to=(5492,4678) gain=0"
time=2026-09-23T14:31:04.372+03:00 level=INFO msg=outcome verb=stride holder=loot tgt=(5500,4674) result=blocked ev="from=(5492,4678) to=(5492,4678) gain=0"
time=2026-09-23T14:31:04.769+03:00 level=INFO msg=outcome verb=stride holder=loot tgt=(5500,4674) result=blocked ev="from=(5492,4678) to=(5492,4678) gain=0"
time=2026-09-23T14:31:05.161+03:00 level=INFO msg=outcome verb=stride holder=loot tgt=(5500,4674) result=blocked ev="from=(5492,4678) to=(5492,4678) gain=0"
time=2026-09-23T14:31:05.603+03:00 level=INFO msg=outcome verb=stride holder=loot tgt=(5500,4674) result=blocked ev="from=(5492,4678) to=(5492,4678) gain=0"
time=2026-09-23T14:31:06.032+03:00 level=INFO msg=outcome verb=stride holder=loot tgt=(5500,4674) result=blocked ev="from=(5492,4678) to=(5492,4678) gain=0"
time=2026-09-23T14:31:08.194+03:00 level=INFO msg=outcome verb=stride holder=loot/escape tgt=(5497,4676) result=blocked ev="from=(5492,4678) to=(5492,4678) gain=0"
time=2026-09-23T14:31:08.620+03:00 level=INFO msg=outcome verb=stride holder=loot tgt=(5500,4674) result=blocked ev="from=(5492,4678) to=(5492,4678) gain=0"
time=2026-09-23T14:31:09.008+03:00 level=INFO msg=outcome verb=stride holder=loot tgt=(5500,4674) result=blocked ev="from=(5492,4678) to=(5492,4678) gain=0"
time=2026-09-23T14:31:09.441+03:00 level=INFO msg=outcome verb=stride holder=loot tgt=(5500,4674) result=blocked ev="from=(5492,4678) to=(5492,4678) gain=0"
time=2026-09-23T14:31:09.454+03:00 level=WARN msg=PATHOLOGY kind=stuck detail="holder=loot pinned in 5x4 box for 19s" cooling=loot for=6s
time=2026-09-23T14:31:11.603+03:00 level=INFO msg=outcome verb=stride holder=watchdog tgt=(5506,4664) result=blocked ev="from=(5492,4678) to=(5492,4678) gain=0"
time=2026-09-23T14:31:11.677+03:00 level=INFO msg=grant to=advance class=travel urgency=0.40
time=2026-09-23T14:31:11.701+03:00 level=INFO msg=outcome verb=nav holder=march tgt="" result=refused ev="me=(5492,4678) area=42 tgt=(15080,6580) way=(5504,4698)"
time=2026-09-23T14:31:12.360+03:00 level=INFO msg=status pos=(5492,4678) area=42 hp=122 mp=247 maxmana=34 lvl=25 gold=70876 weapon=melee arrows=-1 holder=advance
time=2026-09-23T14:31:15.101+03:00 level=INFO msg=outcome verb=nav holder=march tgt="" result=refused ev="me=(5526,4692) area=42 tgt=(15080,6580) way=(5504,4698)"
time=2026-09-23T14:31:15.553+03:00 level=INFO msg=grant to=loot class=loot urgency=0.80
time=2026-09-23T14:31:18.710+03:00 level=INFO msg=outcome verb=pickup holder=loot tgt="item=3132" result=refused ev="target quality changed before click: 2"
time=2026-09-23T14:31:18.763+03:00 level=INFO msg=outcome verb=pickup holder=loot tgt="item=3132" result=refused ev="target quality changed before click: 2"
time=2026-09-23T14:31:18.825+03:00 level=INFO msg=outcome verb=pickup holder=loot tgt="item=3132" result=refused ev="target quality changed before click: 2"
time=2026-09-23T14:31:18.880+03:00 level=INFO msg=outcome verb=pickup holder=loot tgt="item=3139" result=refused ev="target quality changed before click: 2"
time=2026-09-23T14:31:18.927+03:00 level=INFO msg=outcome verb=pickup holder=loot tgt="item=3139" result=refused ev="target quality changed before click: 2"
time=2026-09-23T14:31:18.973+03:00 level=INFO msg=outcome verb=pickup holder=loot tgt="item=3139" result=refused ev="target quality changed before click: 2"
time=2026-09-23T14:31:19.024+03:00 level=INFO msg=outcome verb=pickup holder=loot tgt="item=3130" result=refused ev="target quality changed before click: 2"
time=2026-09-23T14:31:19.072+03:00 level=INFO msg=outcome verb=pickup holder=loot tgt="item=3130" result=refused ev="target quality changed before click: 2"
time=2026-09-23T14:31:19.131+03:00 level=INFO msg=outcome verb=pickup holder=loot tgt="item=3130" result=refused ev="target quality changed before click: 2"
time=2026-09-23T14:31:19.981+03:00 level=WARN msg=PATHOLOGY kind=thrash detail="6 handovers/30s among 3 holders" cooling=loot for=8s
time=2026-09-23T14:31:20.023+03:00 level=INFO msg=grant to=advance class=travel urgency=0.40
time=2026-09-23T14:31:20.185+03:00 level=INFO msg=outcome verb=nav holder=march tgt="" result=refused ev="me=(5528,4701) area=42 tgt=(15080,6580) way=(5504,4698)"
time=2026-09-23T14:31:22.479+03:00 level=INFO msg=status pos=(5546,4706) area=42 hp=122 mp=247 maxmana=34 lvl=25 gold=71524 weapon=melee arrows=-1 holder=advance
time=2026-09-23T14:31:23.397+03:00 level=INFO msg=outcome verb=nav holder=march tgt="" result=refused ev="me=(5562,4711) area=42 tgt=(15080,6580) way=(5504,4698)"
time=2026-09-23T14:31:25.033+03:00 level=INFO msg=outcome verb=stride holder=advance tgt=(5584,4716) result=blocked ev="from=(5572,4714) to=(5572,4714) gain=0"
time=2026-09-23T14:31:25.601+03:00 level=INFO msg=outcome verb=stride holder=advance tgt=(5584,4714) result=blocked ev="from=(5572,4714) to=(5572,4714) gain=0"
time=2026-09-23T14:31:26.154+03:00 level=INFO msg=outcome verb=stride holder=advance tgt=(5584,4714) result=blocked ev="from=(5572,4714) to=(5572,4714) gain=0"
time=2026-09-23T14:31:26.678+03:00 level=INFO msg=outcome verb=stride holder=advance tgt=(5584,4714) result=blocked ev="from=(5572,4714) to=(5572,4714) gain=0"
time=2026-09-23T14:31:26.704+03:00 level=INFO msg=outcome verb=nav holder=march tgt="" result=refused ev="me=(5572,4714) area=42 tgt=(15080,6580) way=(5504,4698)"
time=2026-09-23T14:31:27.230+03:00 level=INFO msg=outcome verb=stride holder=advance tgt=(5584,4714) result=blocked ev="from=(5572,4714) to=(5572,4714) gain=0"
time=2026-09-23T14:31:27.814+03:00 level=INFO msg=outcome verb=stride holder=advance tgt=(5584,4714) result=blocked ev="from=(5572,4714) to=(5572,4714) gain=0"
time=2026-09-23T14:31:28.362+03:00 level=INFO msg=outcome verb=stride holder=advance tgt=(5584,4714) result=blocked ev="from=(5572,4714) to=(5572,4714) gain=0"
time=2026-09-23T14:31:28.366+03:00 level=INFO msg=grant to=loot class=loot urgency=0.78
time=2026-09-23T14:31:28.767+03:00 level=INFO msg=outcome verb=stride holder=loot tgt=(5584,4715) result=blocked ev="from=(5572,4714) to=(5572,4714) gain=0"
time=2026-09-23T14:31:29.149+03:00 level=INFO msg=outcome verb=stride holder=loot tgt=(5584,4715) result=blocked ev="from=(5572,4714) to=(5572,4714) gain=0"
time=2026-09-23T14:31:29.528+03:00 level=INFO msg=outcome verb=stride holder=loot tgt=(5584,4715) result=blocked ev="from=(5572,4714) to=(5572,4714) gain=0"
time=2026-09-23T14:31:29.918+03:00 level=INFO msg=outcome verb=stride holder=loot tgt=(5584,4715) result=blocked ev="from=(5572,4714) to=(5572,4714) gain=0"
time=2026-09-23T14:31:30.324+03:00 level=INFO msg=outcome verb=stride holder=loot tgt=(5584,4715) result=blocked ev="from=(5572,4714) to=(5572,4714) gain=0"
time=2026-09-23T14:31:30.763+03:00 level=INFO msg=outcome verb=stride holder=loot tgt=(5584,4715) result=blocked ev="from=(5572,4714) to=(5572,4714) gain=0"
time=2026-09-23T14:31:31.151+03:00 level=INFO msg=outcome verb=stride holder=loot tgt=(5584,4715) result=blocked ev="from=(5572,4714) to=(5572,4714) gain=0"
time=2026-09-23T14:31:31.569+03:00 level=INFO msg=outcome verb=stride holder=loot tgt=(5584,4715) result=blocked ev="from=(5572,4714) to=(5572,4714) gain=0"
time=2026-09-23T14:31:31.972+03:00 level=INFO msg=outcome verb=stride holder=loot tgt=(5584,4715) result=blocked ev="from=(5572,4714) to=(5572,4714) gain=0"
time=2026-09-23T14:31:32.348+03:00 level=INFO msg=outcome verb=stride holder=loot tgt=(5584,4715) result=blocked ev="from=(5572,4714) to=(5572,4714) gain=0"
time=2026-09-23T14:31:32.730+03:00 level=INFO msg=outcome verb=stride holder=loot tgt=(5584,4715) result=blocked ev="from=(5572,4714) to=(5572,4714) gain=0"
time=2026-09-23T14:31:32.731+03:00 level=INFO msg=status pos=(5572,4714) area=42 hp=122 mp=247 maxmana=34 lvl=25 gold=71524 weapon=melee arrows=-1 holder=loot
time=2026-09-23T14:31:33.129+03:00 level=INFO msg=outcome verb=stride holder=loot tgt=(5584,4715) result=blocked ev="from=(5572,4714) to=(5572,4714) gain=0"
time=2026-09-23T14:31:33.512+03:00 level=INFO msg=outcome verb=stride holder=loot tgt=(5584,4715) result=blocked ev="from=(5572,4714) to=(5572,4714) gain=0"
time=2026-09-23T14:31:33.946+03:00 level=INFO msg=outcome verb=stride holder=loot tgt=(5584,4715) result=blocked ev="from=(5572,4714) to=(5572,4714) gain=0"
time=2026-09-23T14:31:34.370+03:00 level=INFO msg=outcome verb=stride holder=loot tgt=(5584,4715) result=blocked ev="from=(5572,4714) to=(5572,4714) gain=0"
time=2026-09-23T14:31:34.791+03:00 level=INFO msg=outcome verb=stride holder=loot tgt=(5584,4715) result=blocked ev="from=(5572,4714) to=(5572,4714) gain=0"
time=2026-09-23T14:31:35.167+03:00 level=INFO msg=outcome verb=stride holder=loot tgt=(5584,4715) result=blocked ev="from=(5572,4714) to=(5572,4714) gain=0"
time=2026-09-23T14:31:35.557+03:00 level=INFO msg=outcome verb=stride holder=loot tgt=(5584,4715) result=blocked ev="from=(5572,4714) to=(5572,4714) gain=0"
time=2026-09-23T14:31:35.939+03:00 level=INFO msg=outcome verb=stride holder=loot tgt=(5584,4715) result=blocked ev="from=(5572,4714) to=(5572,4714) gain=0"
time=2026-09-23T14:31:36.331+03:00 level=INFO msg=outcome verb=stride holder=loot tgt=(5584,4715) result=blocked ev="from=(5572,4714) to=(5572,4714) gain=0"
time=2026-09-23T14:31:36.720+03:00 level=INFO msg=outcome verb=stride holder=loot tgt=(5584,4715) result=blocked ev="from=(5572,4714) to=(5572,4714) gain=0"
time=2026-09-23T14:31:37.193+03:00 level=INFO msg=outcome verb=stride holder=loot tgt=(5584,4715) result=blocked ev="from=(5572,4714) to=(5572,4714) gain=0"
time=2026-09-23T14:31:37.599+03:00 level=INFO msg=outcome verb=stride holder=loot tgt=(5584,4715) result=blocked ev="from=(5572,4714) to=(5572,4714) gain=0"
time=2026-09-23T14:31:37.979+03:00 level=INFO msg=outcome verb=stride holder=loot tgt=(5584,4715) result=blocked ev="from=(5572,4714) to=(5572,4714) gain=0"
time=2026-09-23T14:31:38.363+03:00 level=INFO msg=outcome verb=stride holder=loot tgt=(5584,4715) result=blocked ev="from=(5572,4714) to=(5572,4714) gain=0"
time=2026-09-23T14:31:38.759+03:00 level=INFO msg=outcome verb=stride holder=loot tgt=(5584,4715) result=blocked ev="from=(5572,4714) to=(5572,4714) gain=0"
time=2026-09-23T14:31:39.147+03:00 level=INFO msg=outcome verb=stride holder=loot tgt=(5584,4715) result=blocked ev="from=(5572,4714) to=(5572,4714) gain=0"
time=2026-09-23T14:31:39.521+03:00 level=INFO msg=outcome verb=stride holder=loot tgt=(5584,4715) result=blocked ev="from=(5572,4714) to=(5572,4714) gain=0"
time=2026-09-23T14:31:39.932+03:00 level=INFO msg=outcome verb=stride holder=loot tgt=(5584,4715) result=blocked ev="from=(5572,4714) to=(5572,4714) gain=0"
time=2026-09-23T14:31:40.338+03:00 level=INFO msg=outcome verb=stride holder=loot tgt=(5584,4715) result=blocked ev="from=(5572,4714) to=(5572,4714) gain=0"
time=2026-09-23T14:31:40.711+03:00 level=INFO msg=outcome verb=stride holder=loot tgt=(5584,4715) result=blocked ev="from=(5572,4714) to=(5572,4714) gain=0"
time=2026-09-23T14:31:42.952+03:00 level=INFO msg=outcome verb=stride holder=loot/escape tgt=(5578,4714) result=blocked ev="from=(5572,4714) to=(5572,4714) gain=0"
time=2026-09-23T14:31:42.954+03:00 level=INFO msg=status pos=(5572,4714) area=42 hp=122 mp=247 maxmana=34 lvl=25 gold=71524 weapon=melee arrows=-1 holder=loot
time=2026-09-23T14:31:43.448+03:00 level=INFO msg=outcome verb=stride holder=loot tgt=(5584,4715) result=blocked ev="from=(5572,4714) to=(5572,4714) gain=0"
time=2026-09-23T14:31:43.875+03:00 level=INFO msg=outcome verb=stride holder=loot tgt=(5584,4715) result=blocked ev="from=(5572,4714) to=(5572,4714) gain=0"
time=2026-09-23T14:31:44.250+03:00 level=INFO msg=outcome verb=stride holder=loot tgt=(5584,4715) result=blocked ev="from=(5572,4714) to=(5572,4714) gain=0"
time=2026-09-23T14:31:44.638+03:00 level=INFO msg=outcome verb=stride holder=loot tgt=(5584,4715) result=blocked ev="from=(5572,4714) to=(5572,4714) gain=0"
time=2026-09-23T14:31:45.052+03:00 level=INFO msg=outcome verb=stride holder=loot tgt=(5584,4715) result=blocked ev="from=(5572,4714) to=(5572,4714) gain=0"
time=2026-09-23T14:31:45.440+03:00 level=INFO msg=outcome verb=stride holder=loot tgt=(5584,4715) result=blocked ev="from=(5572,4714) to=(5572,4714) gain=0"
time=2026-09-23T14:31:45.822+03:00 level=INFO msg=outcome verb=stride holder=loot tgt=(5584,4715) result=blocked ev="from=(5572,4714) to=(5572,4714) gain=0"
time=2026-09-23T14:31:45.826+03:00 level=WARN msg=PATHOLOGY kind=stuck detail="holder=loot pinned in 0x0 box for 19s" cooling=loot for=6s
time=2026-09-23T14:31:48.156+03:00 level=INFO msg=grant to=advance class=travel urgency=0.40
time=2026-09-23T14:31:48.177+03:00 level=INFO msg=outcome verb=nav holder=march tgt="" result=refused ev="me=(5569,4682) area=42 tgt=(15080,6580) way=(5504,4698)"
time=2026-09-23T14:31:51.340+03:00 level=INFO msg=grant to=fight class=fight urgency=0.88
time=2026-09-23T14:31:52.985+03:00 level=INFO msg=status pos=(5612,4676) area=42 hp=117 mp=244 maxmana=34 lvl=25 gold=71524 weapon=melee arrows=-1 holder=fight
time=2026-09-23T14:31:53.408+03:00 level=INFO msg=grant to=loot class=loot urgency=0.78
time=2026-09-23T14:31:53.685+03:00 level=INFO msg=outcome verb=stride holder=loot tgt=(5607,4680) result=blocked ev="from=(5612,4676) to=(5612,4676) gain=0"
time=2026-09-23T14:31:55.527+03:00 level=INFO msg=outcome verb=pickup holder=loot tgt="item=3436" result=refused ev="target quality changed before click: 2"
time=2026-09-23T14:31:55.572+03:00 level=INFO msg=outcome verb=pickup holder=loot tgt="item=3436" result=refused ev="target quality changed before click: 2"
time=2026-09-23T14:31:55.613+03:00 level=INFO msg=outcome verb=pickup holder=loot tgt="item=3436" result=refused ev="target quality changed before click: 2"
time=2026-09-23T14:31:56.714+03:00 level=INFO msg=outcome verb=stride holder=loot tgt=(5611,4681) result=blocked ev="from=(5602,4691) to=(5602,4691) gain=0"
time=2026-09-23T14:31:57.277+03:00 level=INFO msg=outcome verb=stride holder=loot tgt=(5611,4682) result=blocked ev="from=(5602,4691) to=(5602,4691) gain=0"
time=2026-09-23T14:31:57.805+03:00 level=INFO msg=outcome verb=stride holder=loot tgt=(5611,4682) result=blocked ev="from=(5602,4691) to=(5602,4691) gain=0"
time=2026-09-23T14:31:58.359+03:00 level=INFO msg=outcome verb=stride holder=loot tgt=(5611,4682) result=blocked ev="from=(5602,4691) to=(5602,4691) gain=0"
time=2026-09-23T14:31:58.902+03:00 level=INFO msg=outcome verb=stride holder=loot tgt=(5611,4682) result=blocked ev="from=(5602,4691) to=(5602,4691) gain=0"
time=2026-09-23T14:31:59.413+03:00 level=INFO msg=outcome verb=stride holder=loot tgt=(5611,4682) result=blocked ev="from=(5602,4691) to=(5602,4691) gain=0"
time=2026-09-23T14:31:59.939+03:00 level=INFO msg=outcome verb=stride holder=loot tgt=(5611,4682) result=blocked ev="from=(5602,4691) to=(5602,4691) gain=0"
time=2026-09-23T14:32:00.473+03:00 level=INFO msg=outcome verb=stride holder=loot tgt=(5611,4682) result=blocked ev="from=(5602,4691) to=(5602,4691) gain=0"
time=2026-09-23T14:32:01.007+03:00 level=INFO msg=outcome verb=stride holder=loot tgt=(5611,4682) result=blocked ev="from=(5602,4691) to=(5602,4691) gain=0"
time=2026-09-23T14:32:01.584+03:00 level=INFO msg=outcome verb=stride holder=loot tgt=(5611,4682) result=blocked ev="from=(5602,4691) to=(5602,4691) gain=0"
time=2026-09-23T14:32:02.122+03:00 level=INFO msg=outcome verb=stride holder=loot tgt=(5611,4682) result=blocked ev="from=(5602,4691) to=(5602,4691) gain=0"
time=2026-09-23T14:32:02.664+03:00 level=INFO msg=outcome verb=stride holder=loot tgt=(5611,4682) result=blocked ev="from=(5602,4691) to=(5602,4691) gain=0"
time=2026-09-23T14:32:03.222+03:00 level=INFO msg=outcome verb=stride holder=loot tgt=(5611,4682) result=blocked ev="from=(5602,4691) to=(5602,4691) gain=0"
time=2026-09-23T14:32:03.223+03:00 level=INFO msg=status pos=(5602,4691) area=42 hp=122 mp=247 maxmana=34 lvl=25 gold=71524 weapon=melee arrows=-1 holder=loot
time=2026-09-23T14:32:03.818+03:00 level=INFO msg=outcome verb=stride holder=loot tgt=(5611,4682) result=blocked ev="from=(5602,4691) to=(5602,4691) gain=0"
time=2026-09-23T14:32:04.348+03:00 level=INFO msg=outcome verb=stride holder=loot tgt=(5611,4682) result=blocked ev="from=(5602,4691) to=(5602,4691) gain=0"
time=2026-09-23T14:32:04.920+03:00 level=INFO msg=outcome verb=stride holder=loot tgt=(5611,4682) result=blocked ev="from=(5602,4691) to=(5602,4691) gain=0"
time=2026-09-23T14:32:05.466+03:00 level=INFO msg=outcome verb=stride holder=loot tgt=(5611,4682) result=blocked ev="from=(5602,4691) to=(5602,4691) gain=0"
time=2026-09-23T14:32:05.987+03:00 level=INFO msg=outcome verb=stride holder=loot tgt=(5611,4682) result=blocked ev="from=(5602,4691) to=(5602,4691) gain=0"
time=2026-09-23T14:32:06.524+03:00 level=INFO msg=outcome verb=stride holder=loot tgt=(5611,4682) result=blocked ev="from=(5602,4691) to=(5602,4691) gain=0"
time=2026-09-23T14:32:07.055+03:00 level=INFO msg=outcome verb=stride holder=loot tgt=(5611,4682) result=blocked ev="from=(5602,4691) to=(5602,4691) gain=0"
time=2026-09-23T14:32:07.601+03:00 level=INFO msg=outcome verb=stride holder=loot tgt=(5611,4682) result=blocked ev="from=(5602,4691) to=(5602,4691) gain=0"
time=2026-09-23T14:32:08.181+03:00 level=INFO msg=outcome verb=stride holder=loot tgt=(5611,4682) result=blocked ev="from=(5602,4691) to=(5602,4691) gain=0"
time=2026-09-23T14:32:08.720+03:00 level=INFO msg=outcome verb=stride holder=loot tgt=(5611,4682) result=blocked ev="from=(5602,4691) to=(5602,4691) gain=0"
time=2026-09-23T14:32:10.945+03:00 level=INFO msg=outcome verb=stride holder=loot/escape tgt=(5606,4687) result=blocked ev="from=(5602,4691) to=(5602,4691) gain=0"
time=2026-09-23T14:32:11.543+03:00 level=INFO msg=outcome verb=stride holder=loot tgt=(5611,4682) result=blocked ev="from=(5602,4691) to=(5602,4691) gain=0"
time=2026-09-23T14:32:12.090+03:00 level=INFO msg=outcome verb=stride holder=loot tgt=(5611,4682) result=blocked ev="from=(5602,4691) to=(5602,4691) gain=0"
time=2026-09-23T14:32:12.626+03:00 level=INFO msg=outcome verb=stride holder=loot tgt=(5611,4682) result=blocked ev="from=(5602,4691) to=(5602,4691) gain=0"
time=2026-09-23T14:32:13.170+03:00 level=INFO msg=outcome verb=stride holder=loot tgt=(5611,4682) result=blocked ev="from=(5602,4691) to=(5602,4691) gain=0"
time=2026-09-23T14:32:13.681+03:00 level=INFO msg=outcome verb=stride holder=loot tgt=(5611,4682) result=blocked ev="from=(5602,4691) to=(5602,4691) gain=0"
time=2026-09-23T14:32:13.686+03:00 level=INFO msg=status pos=(5602,4691) area=42 hp=122 mp=247 maxmana=34 lvl=25 gold=71524 weapon=melee arrows=-1 holder=loot
time=2026-09-23T14:32:14.225+03:00 level=INFO msg=outcome verb=stride holder=loot tgt=(5611,4682) result=blocked ev="from=(5602,4691) to=(5602,4691) gain=0"
time=2026-09-23T14:32:14.793+03:00 level=INFO msg=outcome verb=stride holder=loot tgt=(5611,4682) result=blocked ev="from=(5602,4691) to=(5602,4691) gain=0"
time=2026-09-23T14:32:15.350+03:00 level=INFO msg=outcome verb=stride holder=loot tgt=(5611,4682) result=blocked ev="from=(5602,4691) to=(5602,4691) gain=0"
time=2026-09-23T14:32:15.857+03:00 level=INFO msg=outcome verb=stride holder=loot tgt=(5611,4682) result=blocked ev="from=(5602,4691) to=(5602,4691) gain=0"
time=2026-09-23T14:32:16.396+03:00 level=INFO msg=outcome verb=stride holder=loot tgt=(5611,4682) result=blocked ev="from=(5602,4691) to=(5602,4691) gain=0"
time=2026-09-23T14:32:16.948+03:00 level=INFO msg=outcome verb=stride holder=loot tgt=(5611,4682) result=blocked ev="from=(5602,4691) to=(5602,4691) gain=0"
time=2026-09-23T14:32:17.467+03:00 level=INFO msg=outcome verb=stride holder=loot tgt=(5611,4682) result=blocked ev="from=(5602,4691) to=(5602,4691) gain=0"
time=2026-09-23T14:32:18.077+03:00 level=INFO msg=outcome verb=stride holder=loot tgt=(5611,4682) result=blocked ev="from=(5602,4691) to=(5602,4691) gain=0"
time=2026-09-23T14:32:18.627+03:00 level=INFO msg=outcome verb=stride holder=loot tgt=(5611,4682) result=blocked ev="from=(5602,4691) to=(5602,4691) gain=0"
time=2026-09-23T14:32:18.630+03:00 level=WARN msg=PATHOLOGY kind=stuck detail="holder=loot pinned in 0x0 box for 19s" cooling=loot for=6s
time=2026-09-23T14:32:20.875+03:00 level=INFO msg=outcome verb=stride holder=watchdog tgt=(5622,4691) result=blocked ev="from=(5602,4691) to=(5602,4691) gain=0"
time=2026-09-23T14:32:20.931+03:00 level=INFO msg=grant to=imbibe class=loot urgency=0.45
time=2026-09-23T14:32:20.933+03:00 level=INFO msg=verdict activity=imbibe verdict=done
time=2026-09-23T14:32:20.938+03:00 level=INFO msg=grant to=advance class=travel urgency=0.40
time=2026-09-23T14:32:21.061+03:00 level=INFO msg=outcome verb=nav holder=march tgt="" result=refused ev="me=(5602,4691) area=42 tgt=(15080,6580) way=(5504,4698)"
time=2026-09-23T14:32:23.307+03:00 level=INFO msg=outcome verb=stride holder=advance/escape tgt=(5608,4691) result=blocked ev="from=(5602,4691) to=(5602,4691) gain=0"
time=2026-09-23T14:32:23.961+03:00 level=INFO msg=outcome verb=stride holder=advance tgt=(5615,4688) result=blocked ev="from=(5602,4691) to=(5602,4691) gain=0"
time=2026-09-23T14:32:23.961+03:00 level=INFO msg=status pos=(5602,4691) area=42 hp=122 mp=247 maxmana=34 lvl=25 gold=71524 weapon=melee arrows=-1 holder=advance
time=2026-09-23T14:32:24.638+03:00 level=INFO msg=outcome verb=stride holder=advance tgt=(5615,4688) result=blocked ev="from=(5602,4691) to=(5602,4691) gain=0"
time=2026-09-23T14:32:24.642+03:00 level=INFO msg=grant to=loot class=loot urgency=0.84
time=2026-09-23T14:32:26.851+03:00 level=INFO msg=outcome verb=stride holder=loot/escape tgt=(5616,4691) result=blocked ev="from=(5602,4691) to=(5602,4691) gain=0"
time=2026-09-23T14:32:27.372+03:00 level=INFO msg=outcome verb=stride holder=loot tgt=(5611,4682) result=blocked ev="from=(5602,4691) to=(5602,4691) gain=0"
time=2026-09-23T14:32:27.953+03:00 level=INFO msg=outcome verb=stride holder=loot tgt=(5611,4682) result=blocked ev="from=(5602,4691) to=(5602,4691) gain=0"
time=2026-09-23T14:32:28.484+03:00 level=INFO msg=outcome verb=stride holder=loot tgt=(5611,4682) result=blocked ev="from=(5602,4691) to=(5602,4691) gain=0"
time=2026-09-23T14:32:29.028+03:00 level=INFO msg=outcome verb=stride holder=loot tgt=(5611,4682) result=blocked ev="from=(5602,4691) to=(5602,4691) gain=0"
time=2026-09-23T14:32:29.472+03:00 level=INFO msg=outcome verb=stride holder=loot tgt=(5611,4682) result=blocked ev="from=(5602,4691) to=(5602,4691) gain=0"
time=2026-09-23T14:32:30.012+03:00 level=INFO msg=outcome verb=stride holder=loot tgt=(5611,4682) result=blocked ev="from=(5602,4691) to=(5602,4691) gain=0"
time=2026-09-23T14:32:30.562+03:00 level=INFO msg=outcome verb=stride holder=loot tgt=(5611,4682) result=blocked ev="from=(5602,4691) to=(5602,4691) gain=0"
time=2026-09-23T14:32:31.151+03:00 level=INFO msg=outcome verb=stride holder=loot tgt=(5611,4682) result=blocked ev="from=(5602,4691) to=(5602,4691) gain=0"
time=2026-09-23T14:32:31.688+03:00 level=INFO msg=outcome verb=stride holder=loot tgt=(5611,4682) result=blocked ev="from=(5602,4691) to=(5602,4691) gain=0"
time=2026-09-23T14:32:32.222+03:00 level=INFO msg=outcome verb=stride holder=loot tgt=(5611,4682) result=blocked ev="from=(5602,4691) to=(5602,4691) gain=0"
time=2026-09-23T14:32:32.765+03:00 level=INFO msg=outcome verb=stride holder=loot tgt=(5611,4682) result=blocked ev="from=(5602,4691) to=(5602,4691) gain=0"
time=2026-09-23T14:32:33.285+03:00 level=INFO msg=outcome verb=stride holder=loot tgt=(5611,4682) result=blocked ev="from=(5602,4691) to=(5602,4691) gain=0"
time=2026-09-23T14:32:33.820+03:00 level=INFO msg=outcome verb=stride holder=loot tgt=(5611,4682) result=blocked ev="from=(5602,4691) to=(5602,4691) gain=0"
time=2026-09-23T14:32:34.446+03:00 level=INFO msg=outcome verb=stride holder=loot tgt=(5611,4682) result=blocked ev="from=(5602,4691) to=(5602,4691) gain=0"
time=2026-09-23T14:32:34.447+03:00 level=INFO msg=status pos=(5602,4691) area=42 hp=122 mp=247 maxmana=34 lvl=25 gold=71524 weapon=melee arrows=-1 holder=loot
time=2026-09-23T14:32:34.980+03:00 level=INFO msg=outcome verb=stride holder=loot tgt=(5611,4682) result=blocked ev="from=(5602,4691) to=(5602,4691) gain=0"
time=2026-09-23T14:32:35.442+03:00 level=INFO msg=outcome verb=stride holder=loot tgt=(5611,4682) result=blocked ev="from=(5602,4691) to=(5602,4691) gain=0"
time=2026-09-23T14:32:35.962+03:00 level=INFO msg=outcome verb=stride holder=loot tgt=(5611,4682) result=blocked ev="from=(5602,4691) to=(5602,4691) gain=0"
time=2026-09-23T14:32:36.473+03:00 level=INFO msg=outcome verb=stride holder=loot tgt=(5611,4682) result=blocked ev="from=(5602,4691) to=(5602,4691) gain=0"
time=2026-09-23T14:32:37.020+03:00 level=INFO msg=outcome verb=stride holder=loot tgt=(5611,4682) result=blocked ev="from=(5602,4691) to=(5602,4691) gain=0"
time=2026-09-23T14:32:37.601+03:00 level=INFO msg=outcome verb=stride holder=loot tgt=(5611,4682) result=blocked ev="from=(5602,4691) to=(5602,4691) gain=0"
time=2026-09-23T14:32:38.136+03:00 level=INFO msg=outcome verb=stride holder=loot tgt=(5611,4682) result=blocked ev="from=(5602,4691) to=(5602,4691) gain=0"
time=2026-09-23T14:32:38.664+03:00 level=INFO msg=outcome verb=stride holder=loot tgt=(5611,4682) result=blocked ev="from=(5602,4691) to=(5602,4691) gain=0"
time=2026-09-23T14:32:39.204+03:00 level=INFO msg=outcome verb=stride holder=loot tgt=(5611,4682) result=blocked ev="from=(5602,4691) to=(5602,4691) gain=0"
time=2026-09-23T14:32:41.481+03:00 level=INFO msg=grant to=advance class=travel urgency=0.40
time=2026-09-23T14:32:41.517+03:00 level=INFO msg=outcome verb=nav holder=march tgt="" result=refused ev="me=(5576,4676) area=42 tgt=(15080,6580) way=(5504,4698)"
time=2026-09-23T14:32:44.056+03:00 level=INFO msg=grant to=loot class=loot urgency=0.84
time=2026-09-23T14:32:44.634+03:00 level=INFO msg=status pos=(5609,4675) area=42 hp=122 mp=247 maxmana=34 lvl=25 gold=71524 weapon=melee arrows=-1 holder=loot
time=2026-09-23T14:32:44.681+03:00 level=INFO msg=outcome verb=pickup holder=loot tgt="item=3607" result=refused ev="target quality changed before click: 2"
time=2026-09-23T14:32:44.689+03:00 level=INFO msg=outcome verb=pickup holder=loot tgt="item=3607" result=refused ev="target quality changed before click: 2"
time=2026-09-23T14:32:44.730+03:00 level=INFO msg=outcome verb=pickup holder=loot tgt="item=3607" result=refused ev="target quality changed before click: 2"
time=2026-09-23T14:32:46.439+03:00 level=INFO msg=grant to=fight class=fight urgency=0.86
time=2026-09-23T14:32:49.099+03:00 level=INFO msg=grant to=loot class=loot urgency=0.83
time=2026-09-23T14:32:49.586+03:00 level=INFO msg=grant to=fight class=fight urgency=0.86
time=2026-09-23T14:32:50.935+03:00 level=INFO msg=grant to=loot class=loot urgency=0.83
time=2026-09-23T14:32:51.841+03:00 level=WARN msg=PATHOLOGY kind=thrash detail="7 handovers/30s among 3 holders" cooling=loot for=8s
time=2026-09-23T14:32:51.899+03:00 level=INFO msg=grant to=advance class=travel urgency=0.40
time=2026-09-23T14:32:51.957+03:00 level=INFO msg=outcome verb=nav holder=march tgt="" result=refused ev="me=(5653,4656) area=42 tgt=(15080,6580) way=(5504,4698)"
time=2026-09-23T14:32:54.966+03:00 level=INFO msg=status pos=(5642,4676) area=42 hp=122 mp=170 maxmana=34 lvl=25 gold=71524 weapon=melee arrows=-1 holder=advance
time=2026-09-23T14:32:54.989+03:00 level=INFO msg=outcome verb=nav holder=march tgt="" result=refused ev="me=(5641,4683) area=42 tgt=(15080,6580) way=(5504,4698)"
time=2026-09-23T14:32:56.943+03:00 level=WARN msg=PATHOLOGY kind=thrash detail="7 handovers/30s among 3 holders" cooling=advance for=8s
time=2026-09-23T14:32:58.015+03:00 level=INFO msg=grant to=loot class=loot urgency=0.78
time=2026-09-23T14:32:58.541+03:00 level=INFO msg=grant to=fight class=fight urgency=0.90
time=2026-09-23T14:32:59.124+03:00 level=INFO msg=grant to=loot class=loot urgency=0.84
time=2026-09-23T14:32:59.382+03:00 level=INFO msg=grant to=fight class=fight urgency=0.86
time=2026-09-23T14:32:59.755+03:00 level=INFO msg=grant to=loot class=loot urgency=0.83
time=2026-09-23T14:33:00.347+03:00 level=INFO msg=grant to=fight class=fight urgency=0.82
time=2026-09-23T14:33:01.363+03:00 level=INFO msg=grant to=loot class=loot urgency=0.83
time=2026-09-23T14:33:02.194+03:00 level=WARN msg=PATHOLOGY kind=thrash detail="14 handovers/30s among 3 holders" cooling=loot for=8s
time=2026-09-23T14:33:02.233+03:00 level=INFO msg="status: idle" pos=(5629,4705) area=42 hp=122 lvl=25
time=2026-09-23T14:33:03.124+03:00 level=INFO msg=grant to=loot class=loot urgency=0.84
time=2026-09-23T14:33:03.989+03:00 level=INFO msg=outcome verb=pickup holder=loot tgt="item=3496" result=refused ev="target quality changed before click: 3"
time=2026-09-23T14:33:04.035+03:00 level=INFO msg=outcome verb=pickup holder=loot tgt="item=3496" result=refused ev="target quality changed before click: 3"
time=2026-09-23T14:33:04.078+03:00 level=INFO msg=outcome verb=pickup holder=loot tgt="item=3496" result=refused ev="target quality changed before click: 3"
time=2026-09-23T14:33:04.135+03:00 level=INFO msg=outcome verb=pickup holder=loot tgt="item=3492" result=refused ev="target quality changed before click: 2"
time=2026-09-23T14:33:04.185+03:00 level=INFO msg=outcome verb=pickup holder=loot tgt="item=3492" result=refused ev="target quality changed before click: 2"
time=2026-09-23T14:33:04.226+03:00 level=INFO msg=outcome verb=pickup holder=loot tgt="item=3492" result=refused ev="target quality changed before click: 2"
time=2026-09-23T14:33:05.396+03:00 level=INFO msg=grant to=advance class=travel urgency=0.40
time=2026-09-23T14:33:05.546+03:00 level=INFO msg=outcome verb=nav holder=march tgt="" result=refused ev="me=(5609,4715) area=42 tgt=(15080,6580) way=(5504,4698)"
time=2026-09-23T14:33:07.865+03:00 level=INFO msg=grant to=imbibe class=loot urgency=0.45
time=2026-09-23T14:33:10.704+03:00 level=INFO msg=outcome verb=stride holder=imbibe tgt=(5661,4715) result=blocked ev="from=(5653,4715) to=(5653,4715) gain=0"
time=2026-09-23T14:33:12.127+03:00 level=INFO msg=grant to=loot class=loot urgency=0.79
time=2026-09-23T14:33:12.526+03:00 level=INFO msg=status pos=(5671,4717) area=42 hp=122 mp=211 maxmana=34 lvl=25 gold=71524 weapon=melee arrows=-1 holder=loot
time=2026-09-23T14:33:16.080+03:00 level=INFO msg=outcome verb=pickup holder=loot tgt="item=3554" result=refused ev="target quality changed before click: 2"
time=2026-09-23T14:33:16.125+03:00 level=INFO msg=outcome verb=pickup holder=loot tgt="item=3554" result=refused ev="target quality changed before click: 2"
time=2026-09-23T14:33:16.175+03:00 level=INFO msg=outcome verb=pickup holder=loot tgt="item=3554" result=refused ev="target quality changed before click: 2"
time=2026-09-23T14:33:22.847+03:00 level=INFO msg=status pos=(5668,4684) area=42 hp=122 mp=247 maxmana=34 lvl=25 gold=71736 weapon=melee arrows=-1 holder=loot
time=2026-09-23T14:33:24.144+03:00 level=INFO msg=outcome verb=stride holder=loot tgt=(5675,4690) result=blocked ev="from=(5674,4694) to=(5674,4694) gain=0"
time=2026-09-23T14:33:24.454+03:00 level=INFO msg=outcome verb=stride holder=loot tgt=(5675,4691) result=blocked ev="from=(5674,4694) to=(5674,4694) gain=0"
time=2026-09-23T14:33:24.752+03:00 level=INFO msg=outcome verb=stride holder=loot tgt=(5675,4691) result=blocked ev="from=(5674,4694) to=(5674,4694) gain=0"
time=2026-09-23T14:33:25.096+03:00 level=INFO msg=outcome verb=stride holder=loot tgt=(5675,4691) result=blocked ev="from=(5674,4694) to=(5674,4694) gain=0"
time=2026-09-23T14:33:25.366+03:00 level=INFO msg=outcome verb=stride holder=loot tgt=(5675,4691) result=blocked ev="from=(5674,4694) to=(5674,4694) gain=0"
time=2026-09-23T14:33:25.635+03:00 level=INFO msg=outcome verb=stride holder=loot tgt=(5675,4691) result=blocked ev="from=(5674,4694) to=(5674,4694) gain=0"
time=2026-09-23T14:33:25.903+03:00 level=INFO msg=outcome verb=stride holder=loot tgt=(5675,4691) result=blocked ev="from=(5674,4694) to=(5674,4694) gain=0"
time=2026-09-23T14:33:26.163+03:00 level=INFO msg=outcome verb=stride holder=loot tgt=(5675,4691) result=blocked ev="from=(5674,4694) to=(5674,4694) gain=0"
time=2026-09-23T14:33:26.439+03:00 level=INFO msg=outcome verb=stride holder=loot tgt=(5675,4691) result=blocked ev="from=(5674,4694) to=(5674,4694) gain=0"
time=2026-09-23T14:33:26.708+03:00 level=INFO msg=outcome verb=stride holder=loot tgt=(5675,4691) result=blocked ev="from=(5674,4694) to=(5674,4694) gain=0"
time=2026-09-23T14:33:27.003+03:00 level=INFO msg=outcome verb=stride holder=loot tgt=(5675,4691) result=blocked ev="from=(5674,4694) to=(5674,4694) gain=0"
time=2026-09-23T14:33:27.263+03:00 level=INFO msg=outcome verb=stride holder=loot tgt=(5675,4691) result=blocked ev="from=(5674,4694) to=(5674,4694) gain=0"
time=2026-09-23T14:33:27.538+03:00 level=INFO msg=outcome verb=stride holder=loot tgt=(5675,4691) result=blocked ev="from=(5674,4694) to=(5674,4694) gain=0"
time=2026-09-23T14:33:27.796+03:00 level=INFO msg=outcome verb=stride holder=loot tgt=(5675,4691) result=blocked ev="from=(5674,4694) to=(5674,4694) gain=0"
time=2026-09-23T14:33:28.135+03:00 level=INFO msg=outcome verb=stride holder=loot tgt=(5675,4691) result=blocked ev="from=(5674,4694) to=(5674,4694) gain=0"
time=2026-09-23T14:33:28.393+03:00 level=INFO msg=outcome verb=stride holder=loot tgt=(5675,4691) result=blocked ev="from=(5674,4694) to=(5674,4694) gain=0"
time=2026-09-23T14:33:28.694+03:00 level=INFO msg=outcome verb=stride holder=loot tgt=(5675,4691) result=blocked ev="from=(5674,4694) to=(5674,4694) gain=0"
time=2026-09-23T14:33:28.970+03:00 level=INFO msg=outcome verb=stride holder=loot tgt=(5675,4691) result=blocked ev="from=(5674,4694) to=(5674,4694) gain=0"
time=2026-09-23T14:33:29.269+03:00 level=INFO msg=outcome verb=stride holder=loot tgt=(5675,4691) result=blocked ev="from=(5674,4694) to=(5674,4694) gain=0"
time=2026-09-23T14:33:29.529+03:00 level=INFO msg=outcome verb=stride holder=loot tgt=(5675,4691) result=blocked ev="from=(5674,4694) to=(5674,4694) gain=0"
time=2026-09-23T14:33:29.818+03:00 level=INFO msg=outcome verb=stride holder=loot tgt=(5675,4691) result=blocked ev="from=(5674,4694) to=(5674,4694) gain=0"
time=2026-09-23T14:33:30.084+03:00 level=INFO msg=outcome verb=stride holder=loot tgt=(5675,4691) result=blocked ev="from=(5674,4694) to=(5674,4694) gain=0"
time=2026-09-23T14:33:30.376+03:00 level=INFO msg=outcome verb=stride holder=loot tgt=(5675,4691) result=blocked ev="from=(5674,4694) to=(5674,4694) gain=0"
time=2026-09-23T14:33:30.652+03:00 level=INFO msg=outcome verb=stride holder=loot tgt=(5675,4691) result=blocked ev="from=(5674,4694) to=(5674,4694) gain=0"
time=2026-09-23T14:33:30.962+03:00 level=INFO msg=outcome verb=stride holder=loot tgt=(5675,4691) result=blocked ev="from=(5674,4694) to=(5674,4694) gain=0"
time=2026-09-23T14:33:31.287+03:00 level=INFO msg=outcome verb=stride holder=loot tgt=(5675,4691) result=blocked ev="from=(5674,4694) to=(5674,4694) gain=0"
time=2026-09-23T14:33:31.565+03:00 level=INFO msg=outcome verb=stride holder=loot tgt=(5675,4691) result=blocked ev="from=(5674,4694) to=(5674,4694) gain=0"
time=2026-09-23T14:33:31.839+03:00 level=INFO msg=outcome verb=stride holder=loot tgt=(5675,4691) result=blocked ev="from=(5674,4694) to=(5674,4694) gain=0"
time=2026-09-23T14:33:32.128+03:00 level=INFO msg=outcome verb=stride holder=loot tgt=(5675,4691) result=blocked ev="from=(5674,4694) to=(5674,4694) gain=0"
time=2026-09-23T14:33:32.381+03:00 level=INFO msg=outcome verb=stride holder=loot tgt=(5675,4691) result=blocked ev="from=(5674,4694) to=(5674,4694) gain=0"
time=2026-09-23T14:33:32.702+03:00 level=INFO msg=outcome verb=stride holder=loot tgt=(5675,4691) result=blocked ev="from=(5674,4694) to=(5674,4694) gain=0"
time=2026-09-23T14:33:32.967+03:00 level=INFO msg=outcome verb=stride holder=loot tgt=(5675,4691) result=blocked ev="from=(5674,4694) to=(5674,4694) gain=0"
time=2026-09-23T14:33:32.968+03:00 level=INFO msg=status pos=(5674,4694) area=42 hp=122 mp=247 maxmana=34 lvl=25 gold=72036 weapon=melee arrows=-1 holder=loot
time=2026-09-23T14:33:35.139+03:00 level=INFO msg=outcome verb=stride holder=loot/escape tgt=(5674,4688) result=blocked ev="from=(5674,4694) to=(5674,4694) gain=0"
time=2026-09-23T14:33:35.484+03:00 level=INFO msg=outcome verb=stride holder=loot tgt=(5675,4691) result=blocked ev="from=(5674,4694) to=(5674,4694) gain=0"
time=2026-09-23T14:33:35.768+03:00 level=INFO msg=outcome verb=stride holder=loot tgt=(5675,4691) result=blocked ev="from=(5674,4694) to=(5674,4694) gain=0"
time=2026-09-23T14:33:36.047+03:00 level=INFO msg=outcome verb=stride holder=loot tgt=(5675,4691) result=blocked ev="from=(5674,4694) to=(5674,4694) gain=0"
time=2026-09-23T14:33:36.319+03:00 level=INFO msg=outcome verb=stride holder=loot tgt=(5675,4691) result=blocked ev="from=(5674,4694) to=(5674,4694) gain=0"
time=2026-09-23T14:33:36.591+03:00 level=INFO msg=outcome verb=stride holder=loot tgt=(5675,4691) result=blocked ev="from=(5674,4694) to=(5674,4694) gain=0"
time=2026-09-23T14:33:36.889+03:00 level=INFO msg=outcome verb=stride holder=loot tgt=(5675,4691) result=blocked ev="from=(5674,4694) to=(5674,4694) gain=0"
time=2026-09-23T14:33:37.155+03:00 level=INFO msg=outcome verb=stride holder=loot tgt=(5675,4691) result=blocked ev="from=(5674,4694) to=(5674,4694) gain=0"
time=2026-09-23T14:33:37.428+03:00 level=INFO msg=outcome verb=stride holder=loot tgt=(5675,4691) result=blocked ev="from=(5674,4694) to=(5674,4694) gain=0"
time=2026-09-23T14:33:37.677+03:00 level=INFO msg=outcome verb=stride holder=loot tgt=(5675,4691) result=blocked ev="from=(5674,4694) to=(5674,4694) gain=0"
time=2026-09-23T14:33:37.928+03:00 level=INFO msg=outcome verb=stride holder=loot tgt=(5675,4691) result=blocked ev="from=(5674,4694) to=(5674,4694) gain=0"
time=2026-09-23T14:33:38.218+03:00 level=INFO msg=outcome verb=stride holder=loot tgt=(5675,4691) result=blocked ev="from=(5674,4694) to=(5674,4694) gain=0"
time=2026-09-23T14:33:38.551+03:00 level=INFO msg=outcome verb=stride holder=loot tgt=(5675,4691) result=blocked ev="from=(5674,4694) to=(5674,4694) gain=0"
time=2026-09-23T14:33:38.808+03:00 level=INFO msg=outcome verb=stride holder=loot tgt=(5675,4691) result=blocked ev="from=(5674,4694) to=(5674,4694) gain=0"
time=2026-09-23T14:33:39.083+03:00 level=INFO msg=outcome verb=stride holder=loot tgt=(5675,4691) result=blocked ev="from=(5674,4694) to=(5674,4694) gain=0"
time=2026-09-23T14:33:39.391+03:00 level=INFO msg=outcome verb=stride holder=loot tgt=(5675,4691) result=blocked ev="from=(5674,4694) to=(5674,4694) gain=0"
time=2026-09-23T14:33:39.667+03:00 level=INFO msg=outcome verb=stride holder=loot tgt=(5675,4691) result=blocked ev="from=(5674,4694) to=(5674,4694) gain=0"
time=2026-09-23T14:33:39.939+03:00 level=INFO msg=outcome verb=stride holder=loot tgt=(5675,4691) result=blocked ev="from=(5674,4694) to=(5674,4694) gain=0"
time=2026-09-23T14:33:40.199+03:00 level=INFO msg=outcome verb=stride holder=loot tgt=(5675,4691) result=blocked ev="from=(5674,4694) to=(5674,4694) gain=0"
time=2026-09-23T14:33:40.489+03:00 level=INFO msg=outcome verb=stride holder=loot tgt=(5675,4691) result=blocked ev="from=(5674,4694) to=(5674,4694) gain=0"
time=2026-09-23T14:33:40.747+03:00 level=INFO msg=outcome verb=stride holder=loot tgt=(5675,4691) result=blocked ev="from=(5674,4694) to=(5674,4694) gain=0"
time=2026-09-23T14:33:41.036+03:00 level=INFO msg=outcome verb=stride holder=loot tgt=(5675,4691) result=blocked ev="from=(5674,4694) to=(5674,4694) gain=0"
time=2026-09-23T14:33:41.294+03:00 level=INFO msg=outcome verb=stride holder=loot tgt=(5675,4691) result=blocked ev="from=(5674,4694) to=(5674,4694) gain=0"
time=2026-09-23T14:33:41.630+03:00 level=INFO msg=outcome verb=stride holder=loot tgt=(5675,4691) result=blocked ev="from=(5674,4694) to=(5674,4694) gain=0"
time=2026-09-23T14:33:41.892+03:00 level=INFO msg=outcome verb=stride holder=loot tgt=(5675,4691) result=blocked ev="from=(5674,4694) to=(5674,4694) gain=0"
time=2026-09-23T14:33:42.159+03:00 level=INFO msg=outcome verb=stride holder=loot tgt=(5675,4691) result=blocked ev="from=(5674,4694) to=(5674,4694) gain=0"
time=2026-09-23T14:33:42.436+03:00 level=INFO msg=outcome verb=stride holder=loot tgt=(5675,4691) result=blocked ev="from=(5674,4694) to=(5674,4694) gain=0"
time=2026-09-23T14:33:42.721+03:00 level=INFO msg=outcome verb=stride holder=loot tgt=(5675,4691) result=blocked ev="from=(5674,4694) to=(5674,4694) gain=0"
time=2026-09-23T14:33:42.977+03:00 level=INFO msg=outcome verb=stride holder=loot tgt=(5675,4691) result=blocked ev="from=(5674,4694) to=(5674,4694) gain=0"
time=2026-09-23T14:33:42.978+03:00 level=INFO msg=status pos=(5674,4694) area=42 hp=122 mp=247 maxmana=34 lvl=25 gold=72036 weapon=melee arrows=-1 holder=loot
time=2026-09-23T14:33:43.268+03:00 level=INFO msg=outcome verb=stride holder=loot tgt=(5675,4691) result=blocked ev="from=(5674,4694) to=(5674,4694) gain=0"
time=2026-09-23T14:33:43.528+03:00 level=INFO msg=outcome verb=stride holder=loot tgt=(5675,4691) result=blocked ev="from=(5674,4694) to=(5674,4694) gain=0"
time=2026-09-23T14:33:43.817+03:00 level=INFO msg=outcome verb=stride holder=loot tgt=(5675,4691) result=blocked ev="from=(5674,4694) to=(5674,4694) gain=0"
time=2026-09-23T14:33:44.076+03:00 level=INFO msg=outcome verb=stride holder=loot tgt=(5675,4691) result=blocked ev="from=(5674,4694) to=(5674,4694) gain=0"
time=2026-09-23T14:33:44.370+03:00 level=INFO msg=outcome verb=stride holder=loot tgt=(5675,4691) result=blocked ev="from=(5674,4694) to=(5674,4694) gain=0"
time=2026-09-23T14:33:44.677+03:00 level=INFO msg=outcome verb=stride holder=loot tgt=(5675,4691) result=blocked ev="from=(5674,4694) to=(5674,4694) gain=0"
time=2026-09-23T14:33:44.947+03:00 level=INFO msg=outcome verb=stride holder=loot tgt=(5675,4691) result=blocked ev="from=(5674,4694) to=(5674,4694) gain=0"
time=2026-09-23T14:33:45.213+03:00 level=INFO msg=outcome verb=stride holder=loot tgt=(5675,4691) result=blocked ev="from=(5674,4694) to=(5674,4694) gain=0"
time=2026-09-23T14:33:45.475+03:00 level=INFO msg=outcome verb=stride holder=loot tgt=(5675,4691) result=blocked ev="from=(5674,4694) to=(5674,4694) gain=0"
time=2026-09-23T14:33:45.745+03:00 level=INFO msg=outcome verb=stride holder=loot tgt=(5675,4691) result=blocked ev="from=(5674,4694) to=(5674,4694) gain=0"
time=2026-09-23T14:33:45.751+03:00 level=WARN msg=PATHOLOGY kind=stuck detail="holder=loot pinned in 0x0 box for 19s" cooling=loot for=6s
time=2026-09-23T14:33:48.062+03:00 level=INFO msg=grant to=imbibe class=loot urgency=0.45
time=2026-09-23T14:33:52.261+03:00 level=INFO msg=grant to=loot class=loot urgency=0.84
time=2026-09-23T14:33:54.501+03:00 level=INFO msg=status pos=(5664,4702) area=42 hp=122 mp=247 maxmana=34 lvl=25 gold=72036 weapon=melee arrows=-1 holder=loot
time=2026-09-23T14:33:54.945+03:00 level=INFO msg=outcome verb=stride holder=loot tgt=(5662,4693) result=blocked ev="from=(5662,4699) to=(5662,4699) gain=0"
time=2026-09-23T14:33:55.373+03:00 level=INFO msg=outcome verb=stride holder=loot tgt=(5662,4693) result=blocked ev="from=(5662,4699) to=(5662,4699) gain=0"
time=2026-09-23T14:33:55.893+03:00 level=INFO msg=outcome verb=stride holder=loot tgt=(5662,4693) result=blocked ev="from=(5662,4699) to=(5662,4699) gain=0"
time=2026-09-23T14:33:56.353+03:00 level=INFO msg=outcome verb=stride holder=loot tgt=(5662,4693) result=blocked ev="from=(5662,4699) to=(5662,4699) gain=0"
time=2026-09-23T14:33:56.904+03:00 level=INFO msg=outcome verb=stride holder=loot tgt=(5662,4693) result=blocked ev="from=(5662,4699) to=(5662,4699) gain=0"
time=2026-09-23T14:33:57.414+03:00 level=INFO msg=outcome verb=stride holder=loot tgt=(5662,4693) result=blocked ev="from=(5662,4699) to=(5662,4699) gain=0"
time=2026-09-23T14:33:57.870+03:00 level=INFO msg=outcome verb=stride holder=loot tgt=(5662,4693) result=blocked ev="from=(5662,4699) to=(5662,4699) gain=0"
time=2026-09-23T14:33:58.321+03:00 level=INFO msg=outcome verb=stride holder=loot tgt=(5662,4693) result=blocked ev="from=(5662,4699) to=(5662,4699) gain=0"
time=2026-09-23T14:33:58.772+03:00 level=INFO msg=outcome verb=stride holder=loot tgt=(5662,4693) result=blocked ev="from=(5662,4699) to=(5662,4699) gain=0"
time=2026-09-23T14:33:59.241+03:00 level=INFO msg=outcome verb=stride holder=loot tgt=(5662,4693) result=blocked ev="from=(5662,4699) to=(5662,4699) gain=0"
time=2026-09-23T14:33:59.709+03:00 level=INFO msg=outcome verb=stride holder=loot tgt=(5662,4693) result=blocked ev="from=(5662,4699) to=(5662,4699) gain=0"
time=2026-09-23T14:34:00.129+03:00 level=INFO msg=outcome verb=stride holder=loot tgt=(5662,4693) result=blocked ev="from=(5662,4699) to=(5662,4699) gain=0"
time=2026-09-23T14:34:00.546+03:00 level=INFO msg=outcome verb=stride holder=loot tgt=(5662,4693) result=blocked ev="from=(5662,4699) to=(5662,4699) gain=0"
time=2026-09-23T14:34:01.033+03:00 level=INFO msg=outcome verb=stride holder=loot tgt=(5662,4693) result=blocked ev="from=(5662,4699) to=(5662,4699) gain=0"
time=2026-09-23T14:34:01.481+03:00 level=INFO msg=outcome verb=stride holder=loot tgt=(5662,4693) result=blocked ev="from=(5662,4699) to=(5662,4699) gain=0"
time=2026-09-23T14:34:01.914+03:00 level=INFO msg=outcome verb=stride holder=loot tgt=(5662,4693) result=blocked ev="from=(5662,4699) to=(5662,4699) gain=0"
time=2026-09-23T14:34:02.429+03:00 level=INFO msg=outcome verb=stride holder=loot tgt=(5662,4693) result=blocked ev="from=(5662,4699) to=(5662,4699) gain=0"
time=2026-09-23T14:34:02.831+03:00 level=INFO msg=outcome verb=stride holder=loot tgt=(5662,4693) result=blocked ev="from=(5662,4699) to=(5662,4699) gain=0"
time=2026-09-23T14:34:03.263+03:00 level=INFO msg=outcome verb=stride holder=loot tgt=(5662,4693) result=blocked ev="from=(5662,4699) to=(5662,4699) gain=0"
time=2026-09-23T14:34:03.685+03:00 level=INFO msg=outcome verb=stride holder=loot tgt=(5662,4693) result=blocked ev="from=(5662,4699) to=(5662,4699) gain=0"
time=2026-09-23T14:34:04.111+03:00 level=INFO msg=outcome verb=stride holder=loot tgt=(5662,4693) result=blocked ev="from=(5662,4699) to=(5662,4699) gain=0"
time=2026-09-23T14:34:04.511+03:00 level=INFO msg=outcome verb=stride holder=loot tgt=(5662,4693) result=blocked ev="from=(5662,4699) to=(5662,4699) gain=0"
time=2026-09-23T14:34:04.512+03:00 level=INFO msg=status pos=(5662,4699) area=42 hp=122 mp=247 maxmana=34 lvl=25 gold=72036 weapon=melee arrows=-1 holder=loot
time=2026-09-23T14:34:04.929+03:00 level=INFO msg=outcome verb=stride holder=loot tgt=(5662,4693) result=blocked ev="from=(5662,4699) to=(5662,4699) gain=0"
time=2026-09-23T14:34:05.430+03:00 level=INFO msg=outcome verb=stride holder=loot tgt=(5662,4693) result=blocked ev="from=(5662,4699) to=(5662,4699) gain=0"
time=2026-09-23T14:34:05.835+03:00 level=INFO msg=outcome verb=stride holder=loot tgt=(5662,4693) result=blocked ev="from=(5662,4699) to=(5662,4699) gain=0"
time=2026-09-23T14:34:06.276+03:00 level=INFO msg=outcome verb=stride holder=loot tgt=(5662,4693) result=blocked ev="from=(5662,4699) to=(5662,4699) gain=0"
time=2026-09-23T14:34:06.701+03:00 level=INFO msg=outcome verb=stride holder=loot tgt=(5662,4693) result=blocked ev="from=(5662,4699) to=(5662,4699) gain=0"
time=2026-09-23T14:34:13.079+03:00 level=INFO msg=outcome verb=pickup holder=loot tgt="item=3572" result=refused ev="target quality changed before click: 2"
time=2026-09-23T14:34:13.126+03:00 level=INFO msg=outcome verb=pickup holder=loot tgt="item=3572" result=refused ev="target quality changed before click: 2"
time=2026-09-23T14:34:13.164+03:00 level=INFO msg=outcome verb=pickup holder=loot tgt="item=3572" result=refused ev="target quality changed before click: 2"
time=2026-09-23T14:34:13.201+03:00 level=INFO msg=grant to=imbibe class=loot urgency=0.45
time=2026-09-23T14:34:14.700+03:00 level=INFO msg=status pos=(5668,4693) area=42 hp=122 mp=247 maxmana=34 lvl=25 gold=72036 weapon=melee arrows=-1 holder=imbibe
time=2026-09-23T14:34:14.705+03:00 level=INFO msg=grant to=loot class=loot urgency=0.77
time=2026-09-23T14:34:18.082+03:00 level=INFO msg=outcome verb=pickup holder=loot tgt="item=3496" result=refused ev="target quality changed before click: 3"
time=2026-09-23T14:34:18.125+03:00 level=INFO msg=outcome verb=pickup holder=loot tgt="item=3496" result=refused ev="target quality changed before click: 3"
time=2026-09-23T14:34:18.164+03:00 level=INFO msg=outcome verb=pickup holder=loot tgt="item=3496" result=refused ev="target quality changed before click: 3"
time=2026-09-23T14:34:22.188+03:00 level=WARN msg="STALL — mute holder" class=loot holder=loot silent=4s hp=122 pos=(5624,4714)
time=2026-09-23T14:34:24.200+03:00 level=WARN msg="STALL — mute holder" class=loot holder=loot silent=6s hp=122 pos=(5624,4714)
time=2026-09-23T14:34:24.733+03:00 level=INFO msg=status pos=(5624,4714) area=42 hp=122 mp=247 maxmana=34 lvl=25 gold=72036 weapon=melee arrows=-1 holder=loot
time=2026-09-23T14:34:26.233+03:00 level=WARN msg="STALL — mute holder" class=loot holder=loot silent=8.1s hp=122 pos=(5624,4714)
time=2026-09-23T14:34:26.234+03:00 level=WARN msg="STALL — mute grant released" holder=loot cool=5s
time=2026-09-23T14:34:26.271+03:00 level=INFO msg=grant to=advance class=travel urgency=0.40
time=2026-09-23T14:34:28.125+03:00 level=INFO msg=outcome verb=stride holder=advance tgt=(5649,4689) result=blocked ev="from=(5624,4714) to=(5624,4714) gain=0"
time=2026-09-23T14:34:30.009+03:00 level=INFO msg=outcome verb=stride holder=advance tgt=(5659,4714) result=blocked ev="from=(5624,4714) to=(5624,4714) gain=0"
time=2026-09-23T14:34:31.939+03:00 level=INFO msg=grant to=loot class=loot urgency=0.82
time=2026-09-23T14:34:34.892+03:00 level=INFO msg=status pos=(5634,4712) area=42 hp=122 mp=247 maxmana=34 lvl=25 gold=72036 weapon=melee arrows=-1 holder=loot
time=2026-09-23T14:34:35.486+03:00 level=INFO msg=outcome verb=pickup holder=loot tgt="item=3492" result=refused ev="target quality changed before click: 2"
time=2026-09-23T14:34:35.535+03:00 level=INFO msg=outcome verb=pickup holder=loot tgt="item=3492" result=refused ev="target quality changed before click: 2"
time=2026-09-23T14:34:35.613+03:00 level=INFO msg=outcome verb=pickup holder=loot tgt="item=3492" result=refused ev="target quality changed before click: 2"
time=2026-09-23T14:34:35.671+03:00 level=INFO msg=outcome verb=pickup holder=loot tgt="item=3497" result=refused ev="target quality changed before click: 2"
time=2026-09-23T14:34:35.722+03:00 level=INFO msg=outcome verb=pickup holder=loot tgt="item=3497" result=refused ev="target quality changed before click: 2"
time=2026-09-23T14:34:35.777+03:00 level=INFO msg=outcome verb=pickup holder=loot tgt="item=3497" result=refused ev="target quality changed before click: 2"
time=2026-09-23T14:34:36.804+03:00 level=INFO msg=outcome verb=pickup holder=loot tgt="item=3475" result=refused ev="target quality changed before click: 2"
time=2026-09-23T14:34:36.854+03:00 level=INFO msg=outcome verb=pickup holder=loot tgt="item=3475" result=refused ev="target quality changed before click: 2"
time=2026-09-23T14:34:36.921+03:00 level=INFO msg=outcome verb=pickup holder=loot tgt="item=3475" result=refused ev="target quality changed before click: 2"
time=2026-09-23T14:34:36.967+03:00 level=INFO msg=outcome verb=pickup holder=loot tgt="item=3478" result=refused ev="target quality changed before click: 2"
time=2026-09-23T14:34:37.008+03:00 level=INFO msg=outcome verb=pickup holder=loot tgt="item=3478" result=refused ev="target quality changed before click: 2"
time=2026-09-23T14:34:37.056+03:00 level=INFO msg=outcome verb=pickup holder=loot tgt="item=3478" result=refused ev="target quality changed before click: 2"
time=2026-09-23T14:34:38.076+03:00 level=INFO msg=outcome verb=pickup holder=loot tgt="item=3709" result=refused ev="target quality changed before click: 2"
time=2026-09-23T14:34:38.093+03:00 level=INFO msg=outcome verb=pickup holder=loot tgt="item=3709" result=refused ev="target quality changed before click: 2"
time=2026-09-23T14:34:38.131+03:00 level=INFO msg=outcome verb=pickup holder=loot tgt="item=3709" result=refused ev="target quality changed before click: 2"
time=2026-09-23T14:34:38.455+03:00 level=INFO msg=outcome verb=stride holder=loot tgt=(5611,4716) result=blocked ev="from=(5611,4720) to=(5611,4720) gain=0"
time=2026-09-23T14:34:38.838+03:00 level=INFO msg=outcome verb=stride holder=loot tgt=(5611,4716) result=blocked ev="from=(5611,4720) to=(5611,4720) gain=0"
time=2026-09-23T14:34:39.098+03:00 level=INFO msg=outcome verb=stride holder=loot tgt=(5611,4716) result=blocked ev="from=(5611,4720) to=(5611,4720) gain=0"
time=2026-09-23T14:34:39.364+03:00 level=INFO msg=outcome verb=stride holder=loot tgt=(5611,4716) result=blocked ev="from=(5611,4720) to=(5611,4720) gain=0"
time=2026-09-23T14:34:39.660+03:00 level=INFO msg=outcome verb=stride holder=loot tgt=(5611,4716) result=blocked ev="from=(5611,4720) to=(5611,4720) gain=0"
time=2026-09-23T14:34:39.935+03:00 level=INFO msg=outcome verb=stride holder=loot tgt=(5611,4716) result=blocked ev="from=(5611,4720) to=(5611,4720) gain=0"
time=2026-09-23T14:34:40.236+03:00 level=INFO msg=outcome verb=stride holder=loot tgt=(5611,4716) result=blocked ev="from=(5611,4720) to=(5611,4720) gain=0"
time=2026-09-23T14:34:40.496+03:00 level=INFO msg=outcome verb=stride holder=loot tgt=(5611,4716) result=blocked ev="from=(5611,4720) to=(5611,4720) gain=0"
time=2026-09-23T14:34:40.795+03:00 level=INFO msg=outcome verb=stride holder=loot tgt=(5611,4716) result=blocked ev="from=(5611,4720) to=(5611,4720) gain=0"
time=2026-09-23T14:34:41.065+03:00 level=INFO msg=outcome verb=stride holder=loot tgt=(5611,4716) result=blocked ev="from=(5611,4720) to=(5611,4720) gain=0"
time=2026-09-23T14:34:41.353+03:00 level=INFO msg=outcome verb=stride holder=loot tgt=(5611,4716) result=blocked ev="from=(5611,4720) to=(5611,4720) gain=0"
time=2026-09-23T14:34:41.620+03:00 level=INFO msg=outcome verb=stride holder=loot tgt=(5611,4716) result=blocked ev="from=(5611,4720) to=(5611,4720) gain=0"
time=2026-09-23T14:34:41.946+03:00 level=INFO msg=outcome verb=stride holder=loot tgt=(5611,4716) result=blocked ev="from=(5611,4720) to=(5611,4720) gain=0"
time=2026-09-23T14:34:42.220+03:00 level=INFO msg=outcome verb=stride holder=loot tgt=(5611,4716) result=blocked ev="from=(5611,4720) to=(5611,4720) gain=0"
time=2026-09-23T14:34:42.483+03:00 level=INFO msg=outcome verb=stride holder=loot tgt=(5611,4716) result=blocked ev="from=(5611,4720) to=(5611,4720) gain=0"
time=2026-09-23T14:34:42.769+03:00 level=INFO msg=outcome verb=stride holder=loot tgt=(5611,4716) result=blocked ev="from=(5611,4720) to=(5611,4720) gain=0"
time=2026-09-23T14:34:43.031+03:00 level=INFO msg=outcome verb=stride holder=loot tgt=(5611,4716) result=blocked ev="from=(5611,4720) to=(5611,4720) gain=0"
time=2026-09-23T14:34:43.299+03:00 level=INFO msg=outcome verb=stride holder=loot tgt=(5611,4716) result=blocked ev="from=(5611,4720) to=(5611,4720) gain=0"
time=2026-09-23T14:34:43.584+03:00 level=INFO msg=outcome verb=stride holder=loot tgt=(5611,4716) result=blocked ev="from=(5611,4720) to=(5611,4720) gain=0"
time=2026-09-23T14:34:43.833+03:00 level=INFO msg=outcome verb=stride holder=loot tgt=(5611,4716) result=blocked ev="from=(5611,4720) to=(5611,4720) gain=0"
time=2026-09-23T14:34:44.101+03:00 level=INFO msg=outcome verb=stride holder=loot tgt=(5611,4716) result=blocked ev="from=(5611,4720) to=(5611,4720) gain=0"
time=2026-09-23T14:34:44.383+03:00 level=INFO msg=outcome verb=stride holder=loot tgt=(5611,4716) result=blocked ev="from=(5611,4720) to=(5611,4720) gain=0"
time=2026-09-23T14:34:44.680+03:00 level=INFO msg=outcome verb=stride holder=loot tgt=(5611,4716) result=blocked ev="from=(5611,4720) to=(5611,4720) gain=0"
time=2026-09-23T14:34:45.001+03:00 level=INFO msg=outcome verb=stride holder=loot tgt=(5611,4716) result=blocked ev="from=(5611,4720) to=(5611,4720) gain=0"
time=2026-09-23T14:34:45.002+03:00 level=INFO msg=status pos=(5611,4720) area=42 hp=122 mp=247 maxmana=34 lvl=25 gold=72036 weapon=melee arrows=-1 holder=loot
time=2026-09-23T14:34:45.278+03:00 level=INFO msg=outcome verb=stride holder=loot tgt=(5611,4716) result=blocked ev="from=(5611,4720) to=(5611,4720) gain=0"
time=2026-09-23T14:34:45.553+03:00 level=INFO msg=outcome verb=stride holder=loot tgt=(5611,4716) result=blocked ev="from=(5611,4720) to=(5611,4720) gain=0"
time=2026-09-23T14:34:45.805+03:00 level=INFO msg=outcome verb=stride holder=loot tgt=(5611,4716) result=blocked ev="from=(5611,4720) to=(5611,4720) gain=0"
time=2026-09-23T14:34:46.095+03:00 level=INFO msg=outcome verb=stride holder=loot tgt=(5611,4716) result=blocked ev="from=(5611,4720) to=(5611,4720) gain=0"
time=2026-09-23T14:34:46.347+03:00 level=INFO msg=outcome verb=stride holder=loot tgt=(5611,4716) result=blocked ev="from=(5611,4720) to=(5611,4720) gain=0"
time=2026-09-23T14:34:46.607+03:00 level=INFO msg=outcome verb=stride holder=loot tgt=(5611,4716) result=blocked ev="from=(5611,4720) to=(5611,4720) gain=0"
time=2026-09-23T14:34:46.879+03:00 level=INFO msg=outcome verb=stride holder=loot tgt=(5611,4716) result=blocked ev="from=(5611,4720) to=(5611,4720) gain=0"
time=2026-09-23T14:34:47.124+03:00 level=INFO msg=outcome verb=stride holder=loot tgt=(5611,4716) result=blocked ev="from=(5611,4720) to=(5611,4720) gain=0"
time=2026-09-23T14:34:47.401+03:00 level=INFO msg=outcome verb=stride holder=loot tgt=(5611,4716) result=blocked ev="from=(5611,4720) to=(5611,4720) gain=0"
time=2026-09-23T14:34:47.659+03:00 level=INFO msg=outcome verb=stride holder=loot tgt=(5611,4716) result=blocked ev="from=(5611,4720) to=(5611,4720) gain=0"
time=2026-09-23T14:34:47.946+03:00 level=INFO msg=outcome verb=stride holder=loot tgt=(5611,4716) result=blocked ev="from=(5611,4720) to=(5611,4720) gain=0"
time=2026-09-23T14:34:48.258+03:00 level=INFO msg=outcome verb=stride holder=loot tgt=(5611,4716) result=blocked ev="from=(5611,4720) to=(5611,4720) gain=0"
time=2026-09-23T14:34:48.531+03:00 level=INFO msg=outcome verb=stride holder=loot tgt=(5611,4716) result=blocked ev="from=(5611,4720) to=(5611,4720) gain=0"
time=2026-09-23T14:34:48.790+03:00 level=INFO msg=outcome verb=stride holder=loot tgt=(5611,4716) result=blocked ev="from=(5611,4720) to=(5611,4720) gain=0"
time=2026-09-23T14:34:49.084+03:00 level=INFO msg=outcome verb=stride holder=loot tgt=(5611,4716) result=blocked ev="from=(5611,4720) to=(5611,4720) gain=0"
time=2026-09-23T14:34:49.345+03:00 level=INFO msg=outcome verb=stride holder=loot tgt=(5611,4716) result=blocked ev="from=(5611,4720) to=(5611,4720) gain=0"
time=2026-09-23T14:34:49.595+03:00 level=INFO msg=outcome verb=stride holder=loot tgt=(5611,4716) result=blocked ev="from=(5611,4720) to=(5611,4720) gain=0"
time=2026-09-23T14:34:49.842+03:00 level=INFO msg=outcome verb=stride holder=loot tgt=(5611,4716) result=blocked ev="from=(5611,4720) to=(5611,4720) gain=0"
time=2026-09-23T14:34:50.135+03:00 level=INFO msg=outcome verb=stride holder=loot tgt=(5611,4716) result=blocked ev="from=(5611,4720) to=(5611,4720) gain=0"
time=2026-09-23T14:34:50.406+03:00 level=INFO msg=outcome verb=stride holder=loot tgt=(5611,4716) result=blocked ev="from=(5611,4720) to=(5611,4720) gain=0"
time=2026-09-23T14:34:52.629+03:00 level=INFO msg=outcome verb=stride holder=loot/escape tgt=(5611,4714) result=blocked ev="from=(5611,4720) to=(5611,4720) gain=0"
time=2026-09-23T14:34:52.951+03:00 level=INFO msg=outcome verb=stride holder=loot tgt=(5611,4716) result=blocked ev="from=(5611,4720) to=(5611,4720) gain=0"
time=2026-09-23T14:34:53.209+03:00 level=INFO msg=outcome verb=stride holder=loot tgt=(5611,4716) result=blocked ev="from=(5611,4720) to=(5611,4720) gain=0"
time=2026-09-23T14:34:53.481+03:00 level=INFO msg=outcome verb=stride holder=loot tgt=(5611,4716) result=blocked ev="from=(5611,4720) to=(5611,4720) gain=0"
time=2026-09-23T14:34:53.749+03:00 level=INFO msg=outcome verb=stride holder=loot tgt=(5611,4716) result=blocked ev="from=(5611,4720) to=(5611,4720) gain=0"
time=2026-09-23T14:34:54.013+03:00 level=INFO msg=outcome verb=stride holder=loot tgt=(5611,4716) result=blocked ev="from=(5611,4720) to=(5611,4720) gain=0"
time=2026-09-23T14:34:54.278+03:00 level=INFO msg=outcome verb=stride holder=loot tgt=(5611,4716) result=blocked ev="from=(5611,4720) to=(5611,4720) gain=0"
time=2026-09-23T14:34:54.554+03:00 level=INFO msg=outcome verb=stride holder=loot tgt=(5611,4716) result=blocked ev="from=(5611,4720) to=(5611,4720) gain=0"
time=2026-09-23T14:34:54.839+03:00 level=INFO msg=outcome verb=stride holder=loot tgt=(5611,4716) result=blocked ev="from=(5611,4720) to=(5611,4720) gain=0"
time=2026-09-23T14:34:55.108+03:00 level=INFO msg=outcome verb=stride holder=loot tgt=(5611,4716) result=blocked ev="from=(5611,4720) to=(5611,4720) gain=0"
time=2026-09-23T14:34:55.109+03:00 level=INFO msg=status pos=(5611,4720) area=42 hp=122 mp=247 maxmana=34 lvl=25 gold=72036 weapon=melee arrows=-1 holder=loot
time=2026-09-23T14:34:55.384+03:00 level=INFO msg=outcome verb=stride holder=loot tgt=(5611,4716) result=blocked ev="from=(5611,4720) to=(5611,4720) gain=0"
time=2026-09-23T14:34:55.648+03:00 level=INFO msg=outcome verb=stride holder=loot tgt=(5611,4716) result=blocked ev="from=(5611,4720) to=(5611,4720) gain=0"
time=2026-09-23T14:34:55.951+03:00 level=INFO msg=outcome verb=stride holder=loot tgt=(5611,4716) result=blocked ev="from=(5611,4720) to=(5611,4720) gain=0"
time=2026-09-23T14:34:56.228+03:00 level=INFO msg=outcome verb=stride holder=loot tgt=(5611,4716) result=blocked ev="from=(5611,4720) to=(5611,4720) gain=0"
time=2026-09-23T14:34:56.513+03:00 level=INFO msg=outcome verb=stride holder=loot tgt=(5611,4716) result=blocked ev="from=(5611,4720) to=(5611,4720) gain=0"
time=2026-09-23T14:34:56.780+03:00 level=INFO msg=outcome verb=stride holder=loot tgt=(5611,4716) result=blocked ev="from=(5611,4720) to=(5611,4720) gain=0"
time=2026-09-23T14:34:57.042+03:00 level=INFO msg=outcome verb=stride holder=loot tgt=(5611,4716) result=blocked ev="from=(5611,4720) to=(5611,4720) gain=0"
time=2026-09-23T14:34:57.298+03:00 level=INFO msg=outcome verb=stride holder=loot tgt=(5611,4716) result=blocked ev="from=(5611,4720) to=(5611,4720) gain=0"
time=2026-09-23T14:34:57.574+03:00 level=INFO msg=outcome verb=stride holder=loot tgt=(5611,4716) result=blocked ev="from=(5611,4720) to=(5611,4720) gain=0"
time=2026-09-23T14:34:57.848+03:00 level=INFO msg=outcome verb=stride holder=loot tgt=(5611,4716) result=blocked ev="from=(5611,4720) to=(5611,4720) gain=0"
time=2026-09-23T14:34:58.108+03:00 level=INFO msg=outcome verb=stride holder=loot tgt=(5611,4716) result=blocked ev="from=(5611,4720) to=(5611,4720) gain=0"
time=2026-09-23T14:34:58.357+03:00 level=INFO msg=outcome verb=stride holder=loot tgt=(5611,4716) result=blocked ev="from=(5611,4720) to=(5611,4720) gain=0"
time=2026-09-23T14:34:58.638+03:00 level=INFO msg=outcome verb=stride holder=loot tgt=(5611,4716) result=blocked ev="from=(5611,4720) to=(5611,4720) gain=0"
time=2026-09-23T14:34:58.894+03:00 level=INFO msg=outcome verb=stride holder=loot tgt=(5611,4716) result=blocked ev="from=(5611,4720) to=(5611,4720) gain=0"
time=2026-09-23T14:34:59.194+03:00 level=INFO msg=outcome verb=stride holder=loot tgt=(5611,4716) result=blocked ev="from=(5611,4720) to=(5611,4720) gain=0"
time=2026-09-23T14:34:59.442+03:00 level=INFO msg=outcome verb=stride holder=loot tgt=(5611,4716) result=blocked ev="from=(5611,4720) to=(5611,4720) gain=0"
time=2026-09-23T14:34:59.703+03:00 level=INFO msg=outcome verb=stride holder=loot tgt=(5611,4716) result=blocked ev="from=(5611,4720) to=(5611,4720) gain=0"
time=2026-09-23T14:34:59.711+03:00 level=WARN msg=PATHOLOGY kind=stuck detail="holder=loot pinned in 0x0 box for 19s" cooling=loot for=6s
time=2026-09-23T14:35:01.942+03:00 level=INFO msg=outcome verb=stride holder=watchdog tgt=(5625,4706) result=blocked ev="from=(5611,4720) to=(5611,4720) gain=0"
time=2026-09-23T14:35:02.012+03:00 level=INFO msg=grant to=imbibe class=loot urgency=0.45
time=2026-09-23T14:35:02.014+03:00 level=INFO msg=verdict activity=imbibe verdict=done
time=2026-09-23T14:35:02.017+03:00 level=INFO msg=grant to=advance class=travel urgency=0.40
time=2026-09-23T14:35:03.849+03:00 level=INFO msg=outcome verb=stride holder=advance tgt=(5636,4745) result=blocked ev="from=(5611,4720) to=(5611,4720) gain=0 detour=-45°"
time=2026-09-23T14:35:05.687+03:00 level=INFO msg=status pos=(5611,4720) area=42 hp=122 mp=247 maxmana=34 lvl=25 gold=72036 weapon=melee arrows=-1 holder=advance
time=2026-09-23T14:35:05.743+03:00 level=INFO msg=grant to=loot class=loot urgency=0.83
time=2026-09-23T14:35:07.948+03:00 level=INFO msg=outcome verb=stride holder=loot/escape tgt=(5592,4716) result=blocked ev="from=(5586,4716) to=(5584,4715) gain=2"
time=2026-09-23T14:35:08.353+03:00 level=INFO msg=outcome verb=stride holder=loot tgt=(5593,4714) result=blocked ev="from=(5584,4715) to=(5584,4715) gain=0"
time=2026-09-23T14:35:08.737+03:00 level=INFO msg=outcome verb=stride holder=loot tgt=(5593,4714) result=blocked ev="from=(5584,4715) to=(5584,4715) gain=0"
time=2026-09-23T14:35:09.161+03:00 level=INFO msg=outcome verb=stride holder=loot tgt=(5593,4714) result=blocked ev="from=(5584,4715) to=(5584,4715) gain=0"
time=2026-09-23T14:35:09.542+03:00 level=INFO msg=outcome verb=stride holder=loot tgt=(5593,4714) result=blocked ev="from=(5584,4715) to=(5584,4715) gain=0"
time=2026-09-23T14:35:09.941+03:00 level=INFO msg=outcome verb=stride holder=loot tgt=(5593,4714) result=blocked ev="from=(5584,4715) to=(5584,4715) gain=0"
time=2026-09-23T14:35:10.356+03:00 level=INFO msg=outcome verb=stride holder=loot tgt=(5593,4714) result=blocked ev="from=(5584,4715) to=(5584,4715) gain=0"
time=2026-09-23T14:35:10.740+03:00 level=INFO msg=outcome verb=stride holder=loot tgt=(5593,4714) result=blocked ev="from=(5584,4715) to=(5584,4715) gain=0"
time=2026-09-23T14:35:11.160+03:00 level=INFO msg=outcome verb=stride holder=loot tgt=(5593,4714) result=blocked ev="from=(5584,4715) to=(5584,4715) gain=0"
time=2026-09-23T14:35:11.568+03:00 level=INFO msg=outcome verb=stride holder=loot tgt=(5593,4714) result=blocked ev="from=(5584,4715) to=(5584,4715) gain=0"
time=2026-09-23T14:35:11.952+03:00 level=INFO msg=outcome verb=stride holder=loot tgt=(5593,4714) result=blocked ev="from=(5584,4715) to=(5584,4715) gain=0"
time=2026-09-23T14:35:12.390+03:00 level=INFO msg=outcome verb=stride holder=loot tgt=(5593,4714) result=blocked ev="from=(5584,4715) to=(5584,4715) gain=0"
time=2026-09-23T14:35:12.793+03:00 level=INFO msg=outcome verb=stride holder=loot tgt=(5593,4714) result=blocked ev="from=(5584,4715) to=(5584,4715) gain=0"
time=2026-09-23T14:35:13.210+03:00 level=INFO msg=outcome verb=stride holder=loot tgt=(5593,4714) result=blocked ev="from=(5584,4715) to=(5584,4715) gain=0"
time=2026-09-23T14:35:13.592+03:00 level=INFO msg=outcome verb=stride holder=loot tgt=(5593,4714) result=blocked ev="from=(5584,4715) to=(5584,4715) gain=0"
time=2026-09-23T14:35:13.976+03:00 level=INFO msg=outcome verb=stride holder=loot tgt=(5593,4714) result=blocked ev="from=(5584,4715) to=(5584,4715) gain=0"
time=2026-09-23T14:35:14.387+03:00 level=INFO msg=outcome verb=stride holder=loot tgt=(5593,4714) result=blocked ev="from=(5584,4715) to=(5584,4715) gain=0"
time=2026-09-23T14:35:14.788+03:00 level=INFO msg=outcome verb=stride holder=loot tgt=(5593,4714) result=blocked ev="from=(5584,4715) to=(5584,4715) gain=0"
time=2026-09-23T14:35:15.171+03:00 level=INFO msg=outcome verb=stride holder=loot tgt=(5593,4714) result=blocked ev="from=(5584,4715) to=(5584,4715) gain=0"
time=2026-09-23T14:35:15.600+03:00 level=INFO msg=outcome verb=stride holder=loot tgt=(5593,4714) result=blocked ev="from=(5584,4715) to=(5584,4715) gain=0"
time=2026-09-23T14:35:16.031+03:00 level=INFO msg=outcome verb=stride holder=loot tgt=(5593,4714) result=blocked ev="from=(5584,4715) to=(5584,4715) gain=0"
time=2026-09-23T14:35:16.032+03:00 level=INFO msg=status pos=(5584,4715) area=42 hp=122 mp=247 maxmana=34 lvl=25 gold=72036 weapon=melee arrows=-1 holder=loot
time=2026-09-23T14:35:16.449+03:00 level=INFO msg=outcome verb=stride holder=loot tgt=(5593,4714) result=blocked ev="from=(5584,4715) to=(5584,4715) gain=0"
time=2026-09-23T14:35:16.819+03:00 level=INFO msg=outcome verb=stride holder=loot tgt=(5593,4714) result=blocked ev="from=(5584,4715) to=(5584,4715) gain=0"
time=2026-09-23T14:35:17.202+03:00 level=INFO msg=outcome verb=stride holder=loot tgt=(5593,4714) result=blocked ev="from=(5584,4715) to=(5584,4715) gain=0"
time=2026-09-23T14:35:17.583+03:00 level=INFO msg=outcome verb=stride holder=loot tgt=(5593,4714) result=blocked ev="from=(5584,4715) to=(5584,4715) gain=0"
time=2026-09-23T14:35:17.976+03:00 level=INFO msg=outcome verb=stride holder=loot tgt=(5593,4714) result=blocked ev="from=(5584,4715) to=(5584,4715) gain=0"
time=2026-09-23T14:35:18.357+03:00 level=INFO msg=outcome verb=stride holder=loot tgt=(5593,4714) result=blocked ev="from=(5584,4715) to=(5584,4715) gain=0"
time=2026-09-23T14:35:18.782+03:00 level=INFO msg=outcome verb=stride holder=loot tgt=(5593,4714) result=blocked ev="from=(5584,4715) to=(5584,4715) gain=0"
time=2026-09-23T14:35:19.200+03:00 level=INFO msg=outcome verb=stride holder=loot tgt=(5593,4714) result=blocked ev="from=(5584,4715) to=(5584,4715) gain=0"
time=2026-09-23T14:35:19.581+03:00 level=INFO msg=outcome verb=stride holder=loot tgt=(5593,4714) result=blocked ev="from=(5584,4715) to=(5584,4715) gain=0"
time=2026-09-23T14:35:19.968+03:00 level=INFO msg=outcome verb=stride holder=loot tgt=(5593,4714) result=blocked ev="from=(5584,4715) to=(5584,4715) gain=0"
time=2026-09-23T14:35:22.131+03:00 level=INFO msg=outcome verb=stride holder=loot/escape tgt=(5598,4715) result=blocked ev="from=(5584,4715) to=(5584,4715) gain=0"
time=2026-09-23T14:35:22.743+03:00 level=INFO msg=outcome verb=stride holder=loot tgt=(5593,4714) result=blocked ev="from=(5584,4715) to=(5584,4715) gain=0"
time=2026-09-23T14:35:23.304+03:00 level=INFO msg=outcome verb=stride holder=loot tgt=(5593,4714) result=blocked ev="from=(5584,4715) to=(5584,4715) gain=0"
time=2026-09-23T14:35:23.684+03:00 level=INFO msg=outcome verb=stride holder=loot tgt=(5593,4714) result=blocked ev="from=(5584,4715) to=(5584,4715) gain=0"
time=2026-09-23T14:35:24.424+03:00 level=INFO msg=outcome verb=stride holder=loot tgt=(5593,4714) result=blocked ev="from=(5584,4715) to=(5584,4715) gain=0"
time=2026-09-23T14:35:24.974+03:00 level=INFO msg=outcome verb=stride holder=loot tgt=(5593,4714) result=blocked ev="from=(5584,4715) to=(5584,4715) gain=0"
time=2026-09-23T14:35:25.405+03:00 level=INFO msg=outcome verb=stride holder=loot tgt=(5593,4714) result=blocked ev="from=(5584,4715) to=(5584,4715) gain=0"
time=2026-09-23T14:35:25.900+03:00 level=INFO msg=outcome verb=stride holder=loot tgt=(5593,4714) result=blocked ev="from=(5584,4715) to=(5584,4715) gain=0"
time=2026-09-23T14:35:26.300+03:00 level=INFO msg=outcome verb=stride holder=loot tgt=(5593,4714) result=blocked ev="from=(5584,4715) to=(5584,4715) gain=0"
time=2026-09-23T14:35:26.302+03:00 level=INFO msg=status pos=(5584,4715) area=42 hp=122 mp=247 maxmana=34 lvl=25 gold=72036 weapon=melee arrows=-1 holder=loot
time=2026-09-23T14:35:26.718+03:00 level=INFO msg=outcome verb=stride holder=loot tgt=(5593,4714) result=blocked ev="from=(5584,4715) to=(5584,4715) gain=0"
time=2026-09-23T14:35:27.123+03:00 level=INFO msg=outcome verb=stride holder=loot tgt=(5593,4714) result=blocked ev="from=(5584,4715) to=(5584,4715) gain=0"
time=2026-09-23T14:35:27.498+03:00 level=INFO msg=outcome verb=stride holder=loot tgt=(5593,4714) result=blocked ev="from=(5584,4715) to=(5584,4715) gain=0"
time=2026-09-23T14:35:27.502+03:00 level=WARN msg=PATHOLOGY kind=stuck detail="holder=loot pinned in 0x0 box for 19s" cooling=loot for=6s
time=2026-09-23T14:35:29.740+03:00 level=INFO msg=grant to=advance class=travel urgency=0.40
time=2026-09-23T14:35:33.540+03:00 level=INFO msg=grant to=loot class=loot urgency=0.84
time=2026-09-23T14:35:35.620+03:00 level=INFO msg=outcome verb=stride holder=loot tgt=(5611,4707) result=blocked ev="from=(5613,4702) to=(5613,4702) gain=0"
time=2026-09-23T14:35:36.310+03:00 level=INFO msg=status pos=(5613,4707) area=42 hp=122 mp=247 maxmana=34 lvl=25 gold=72036 weapon=melee arrows=-1 holder=loot
time=2026-09-23T14:35:36.373+03:00 level=INFO msg=outcome verb=pickup holder=loot tgt="item=3481" result=refused ev="target quality changed before click: 2"
time=2026-09-23T14:35:36.396+03:00 level=INFO msg=outcome verb=pickup holder=loot tgt="item=3481" result=refused ev="target quality changed before click: 2"
time=2026-09-23T14:35:36.468+03:00 level=INFO msg=outcome verb=pickup holder=loot tgt="item=3481" result=refused ev="target quality changed before click: 2"
time=2026-09-23T14:35:36.494+03:00 level=INFO msg=outcome verb=pickup holder=loot tgt="item=3473" result=refused ev="target quality changed before click: 2"
time=2026-09-23T14:35:36.557+03:00 level=INFO msg=outcome verb=pickup holder=loot tgt="item=3473" result=refused ev="target quality changed before click: 2"
time=2026-09-23T14:35:36.565+03:00 level=INFO msg=outcome verb=pickup holder=loot tgt="item=3473" result=refused ev="target quality changed before click: 2"
time=2026-09-23T14:35:38.198+03:00 level=INFO msg=outcome verb=pickup holder=loot tgt="item=3472" result=refused ev="target quality changed before click: 2"
time=2026-09-23T14:35:38.208+03:00 level=INFO msg=outcome verb=pickup holder=loot tgt="item=3472" result=refused ev="target quality changed before click: 2"
time=2026-09-23T14:35:38.254+03:00 level=INFO msg=outcome verb=pickup holder=loot tgt="item=3472" result=refused ev="target quality changed before click: 2"
time=2026-09-23T14:35:41.049+03:00 level=INFO msg=outcome verb=stride holder=loot tgt=(5614,4718) result=blocked ev="from=(5605,4715) to=(5605,4715) gain=0"
time=2026-09-23T14:35:41.470+03:00 level=INFO msg=outcome verb=stride holder=loot tgt=(5614,4718) result=blocked ev="from=(5605,4715) to=(5605,4715) gain=0"
time=2026-09-23T14:35:41.851+03:00 level=INFO msg=outcome verb=stride holder=loot tgt=(5614,4718) result=blocked ev="from=(5605,4715) to=(5605,4715) gain=0"
time=2026-09-23T14:35:42.235+03:00 level=INFO msg=outcome verb=stride holder=loot tgt=(5614,4718) result=blocked ev="from=(5605,4715) to=(5605,4715) gain=0"
time=2026-09-23T14:35:42.676+03:00 level=INFO msg=outcome verb=stride holder=loot tgt=(5614,4718) result=blocked ev="from=(5605,4715) to=(5605,4715) gain=0"
time=2026-09-23T14:35:43.072+03:00 level=INFO msg=outcome verb=stride holder=loot tgt=(5614,4718) result=blocked ev="from=(5605,4715) to=(5605,4715) gain=0"
time=2026-09-23T14:35:43.462+03:00 level=INFO msg=outcome verb=stride holder=loot tgt=(5614,4718) result=blocked ev="from=(5605,4715) to=(5605,4715) gain=0"
time=2026-09-23T14:35:43.892+03:00 level=INFO msg=outcome verb=stride holder=loot tgt=(5614,4718) result=blocked ev="from=(5605,4715) to=(5605,4715) gain=0"
time=2026-09-23T14:35:44.288+03:00 level=INFO msg=outcome verb=stride holder=loot tgt=(5614,4718) result=blocked ev="from=(5605,4715) to=(5605,4715) gain=0"
time=2026-09-23T14:35:44.683+03:00 level=INFO msg=outcome verb=stride holder=loot tgt=(5614,4718) result=blocked ev="from=(5605,4715) to=(5605,4715) gain=0"
time=2026-09-23T14:35:45.066+03:00 level=INFO msg=outcome verb=stride holder=loot tgt=(5614,4718) result=blocked ev="from=(5605,4715) to=(5605,4715) gain=0"
time=2026-09-23T14:35:45.440+03:00 level=INFO msg=outcome verb=stride holder=loot tgt=(5614,4718) result=blocked ev="from=(5605,4715) to=(5605,4715) gain=0"
time=2026-09-23T14:35:45.868+03:00 level=INFO msg=outcome verb=stride holder=loot tgt=(5614,4718) result=blocked ev="from=(5605,4715) to=(5605,4715) gain=0"
time=2026-09-23T14:35:46.270+03:00 level=INFO msg=outcome verb=stride holder=loot tgt=(5614,4718) result=blocked ev="from=(5605,4715) to=(5605,4715) gain=0"
time=2026-09-23T14:35:46.651+03:00 level=INFO msg=outcome verb=stride holder=loot tgt=(5614,4718) result=blocked ev="from=(5605,4715) to=(5605,4715) gain=0"
time=2026-09-23T14:35:46.652+03:00 level=INFO msg=status pos=(5605,4715) area=42 hp=122 mp=247 maxmana=34 lvl=25 gold=72036 weapon=melee arrows=-1 holder=loot
time=2026-09-23T14:35:47.099+03:00 level=INFO msg=outcome verb=stride holder=loot tgt=(5614,4718) result=blocked ev="from=(5605,4715) to=(5605,4715) gain=0"
time=2026-09-23T14:35:47.509+03:00 level=INFO msg=outcome verb=stride holder=loot tgt=(5614,4718) result=blocked ev="from=(5605,4715) to=(5605,4715) gain=0"
time=2026-09-23T14:35:47.886+03:00 level=INFO msg=outcome verb=stride holder=loot tgt=(5614,4718) result=blocked ev="from=(5605,4715) to=(5605,4715) gain=0"
time=2026-09-23T14:35:48.268+03:00 level=INFO msg=outcome verb=stride holder=loot tgt=(5614,4718) result=blocked ev="from=(5605,4715) to=(5605,4715) gain=0"
time=2026-09-23T14:35:48.699+03:00 level=INFO msg=outcome verb=stride holder=loot tgt=(5614,4718) result=blocked ev="from=(5605,4715) to=(5605,4715) gain=0"
time=2026-09-23T14:35:49.090+03:00 level=INFO msg=outcome verb=stride holder=loot tgt=(5614,4718) result=blocked ev="from=(5605,4715) to=(5605,4715) gain=0"
time=2026-09-23T14:35:49.092+03:00 level=WARN msg=PATHOLOGY kind=orbit detail="holder=loot path=108 net=7 over 19s" cooling=loot for=6s
time=2026-09-23T14:35:51.384+03:00 level=INFO msg=grant to=advance class=travel urgency=0.40
