time=2026-09-24T06:13:18.431+03:00 level=INFO msg="azbot attaching" pid=34076
time=2026-09-24T06:13:22.898+03:00 level=INFO msg="aim calibration loaded" kx=1.1125320679211068 ky=1.1293540875695656 ox=2.951161121414657 oy=-27.490030603728087
time=2026-09-24T06:13:22.898+03:00 level=INFO msg="world scale" scale=1.25 client=1536x840 dpi=1.25
time=2026-09-24T06:13:22.900+03:00 level=INFO msg="navigation mode" deliberate=true
time=2026-09-24T06:13:22.940+03:00 level=INFO msg="attach report" verdict="position=true stats=true uibytes=true mode=true"
time=2026-09-24T06:13:28.597+03:00 level=INFO msg="sentinel live" killswitch=f10 drinkAt=60
time=2026-09-24T06:13:28.601+03:00 level=INFO msg=director goal=campaign
time=2026-09-24T06:13:32.045+03:00 level=INFO msg="map data fetched" seed=466817790 areas=136
time=2026-09-24T06:13:32.319+03:00 level=INFO msg="capability: proven binding" key=f1 skill=220 skill_name="Book of Townportal"
time=2026-09-24T06:13:32.518+03:00 level=INFO msg="capability: proven binding" key=f2 skill=218 skill_name="Book of Identify"
time=2026-09-24T06:13:32.709+03:00 level=INFO msg="capability: proven binding" key=f3 skill=133 skill_name="Double Swing"
time=2026-09-24T06:13:32.902+03:00 level=INFO msg="capability: key selected nothing (unbound or unusable)" key=f4
time=2026-09-24T06:13:33.096+03:00 level=INFO msg="capability: proven binding" key=f5 skill=143 skill_name="Leap Attack"
time=2026-09-24T06:13:33.259+03:00 level=INFO msg="capability: key selected nothing (unbound or unusable)" key=f6
time=2026-09-24T06:13:33.442+03:00 level=INFO msg="capability: key selected nothing (unbound or unusable)" key=f7
time=2026-09-24T06:13:33.629+03:00 level=INFO msg="capability: key selected nothing (unbound or unusable)" key=f8
time=2026-09-24T06:13:33.629+03:00 level=INFO msg="capability: combat binding" skill=143 skill_name="Leap Attack" key=116
time=2026-09-24T06:13:33.671+03:00 level=INFO msg="campaign itinerary selected" act=2 startArea=40 legs=24
time=2026-09-24T06:13:33.672+03:00 level=INFO msg="flight recorder live" path=logs/flight_1790219613.jsonl
S 06:13:33 #1 ses=InGame mode=Unknown ui=- cur=- hold=- held=- gate=- phase=- hp=129 mp=248 pos=5090,5031 en=0
time=2026-09-24T06:13:33.715+03:00 level=INFO msg="executive: grid re-aligned" area=40
time=2026-09-24T06:13:33.715+03:00 level=INFO msg="executive: self-model event — recalibrating" armed=true revived=false
time=2026-09-24T06:13:33.910+03:00 level=INFO msg="capability: proven binding" key=f1 skill=220 skill_name="Book of Townportal"
time=2026-09-24T06:13:34.079+03:00 level=INFO msg="capability: proven binding" key=f2 skill=218 skill_name="Book of Identify"
time=2026-09-24T06:13:34.260+03:00 level=INFO msg="capability: proven binding" key=f3 skill=133 skill_name="Double Swing"
time=2026-09-24T06:13:34.426+03:00 level=INFO msg="capability: key selected nothing (unbound or unusable)" key=f4
time=2026-09-24T06:13:34.633+03:00 level=INFO msg="capability: proven binding" key=f5 skill=143 skill_name="Leap Attack"
time=2026-09-24T06:13:34.803+03:00 level=INFO msg="capability: key selected nothing (unbound or unusable)" key=f6
time=2026-09-24T06:13:35.015+03:00 level=INFO msg="capability: key selected nothing (unbound or unusable)" key=f7
time=2026-09-24T06:13:35.193+03:00 level=INFO msg="capability: key selected nothing (unbound or unusable)" key=f8
time=2026-09-24T06:13:35.193+03:00 level=INFO msg="capability: combat binding" skill=143 skill_name="Leap Attack" key=116
T L=grant from=- to=fence why="fresh: no holder" tick=1
time=2026-09-24T06:13:35.271+03:00 level=INFO msg=grant from="" to=fence class=service urgency=0.80 why="fresh: no holder"
time=2026-09-24T06:13:35.271+03:00 level=INFO msg=outcome verb=errand-trace holder=fence tgt="" result=refused ev="phase=Seek menuTry=0 tries=0 menuOpen=false tradeSelected=false"
T L=phase act=fence from=Seek to=Approach why="npc loaded" inPhase=0.0s tick=1
time=2026-09-24T06:13:35.274+03:00 level=INFO msg=status pos=(5090,5031) area=40 hp=129 mp=248 maxmana=35 lvl=26 gold=84351 weapon=melee arrows=-1 holder=fence
S 06:13:35 #2 ses=InGame mode=Unknown ui=- cur=- hold=fence held=0.0s gate=- phase=Approach hp=129 mp=248 pos=5090,5031 en=0
time=2026-09-24T06:13:35.285+03:00 level=INFO msg=outcome verb=errand-trace holder=fence tgt="" result=refused ev="phase=Approach menuTry=0 tries=0 menuOpen=false tradeSelected=false"
T L=ui from=unknown to=world why="" tick=3 hold=fence
T L=phase act=fence from=Approach to=Talk why="in band, dist 7" inPhase=0.6s tick=3
time=2026-09-24T06:13:35.922+03:00 level=INFO msg=outcome verb=errand-trace holder=fence tgt="" result=refused ev="phase=Talk menuTry=0 tries=0 menuOpen=false tradeSelected=false"
time=2026-09-24T06:13:36.095+03:00 level=INFO msg=outcome verb=errand-trace holder=fence tgt="" result=refused ev="phase=Talk menuTry=0 tries=1 menuOpen=false tradeSelected=false"
S 06:13:36 #11 ses=InGame mode=World ui=- cur=- hold=fence held=1.1s gate=- phase=Talk hp=129 mp=248 pos=5093,5027 en=0
time=2026-09-24T06:13:36.466+03:00 level=INFO msg=outcome verb=errand-trace holder=fence tgt="" result=refused ev="phase=Talk menuTry=0 tries=1 menuOpen=true tradeSelected=false"
T L=phase act=fence from=Talk to=Menu why="menu byte after our talk click" inPhase=0.6s tick=15
time=2026-09-24T06:13:36.505+03:00 level=INFO msg=outcome verb=errand-trace holder=fence tgt="" result=refused ev="phase=Menu menuTry=0 tries=1 menuOpen=true tradeSelected=false"
T L=phase act=fence from=Menu to=Act why="trade selected (menu slot try 0)" inPhase=0.5s tick=16
time=2026-09-24T06:13:36.991+03:00 level=INFO msg=outcome verb=errand-trace holder=fence tgt="" result=refused ev="phase=Act menuTry=0 tries=1 menuOpen=true tradeSelected=true"
T L=ui from=world to=world+npcmenu why="memory 0xF4 (NPC menu or dialog)" tick=18 hold=fence
S 06:13:38 #18 ses=InGame mode=World ui=npcmenu cur=- hold=fence held=3.1s gate=- phase=Act hp=129 mp=248 pos=5091,5030 en=0
T L=ui from=world+npcmenu to=world+npcmenu+shop+inventory+cursor why="vendor red X + empty grid; right-half panel beside the vendor (frame 0.88/0.90); cursor item" tick=20 hold=fence
S 06:13:39 #43 ses=InGame mode=World ui=npcmenu+shop+inventory cur=item hold=fence held=4.1s gate=- phase=Act hp=129 mp=248 pos=5091,5030 en=0
T L=grant from=fence to=equip why="outbid: service 0.85 >= 0.80+0.00 after 5s" tick=65
time=2026-09-24T06:13:40.283+03:00 level=INFO msg=grant from=fence to=equip class=service urgency=0.85 why="outbid: service 0.85 >= 0.80+0.00 after 5s"
S 06:13:40 #66 ses=InGame mode=World ui=npcmenu+shop+inventory cur=item hold=equip held=0.3s gate=- phase=- hp=129 mp=248 pos=5091,5030 en=0
time=2026-09-24T06:13:41.424+03:00 level=WARN msg="watchdog: CURSOR-ITEM DROP — lmb at feet, esc the bag"
S 06:13:42 #86 ses=InGame mode=World ui=npcmenu+shop+inventory cur=item hold=equip held=1.8s gate=- phase=- hp=129 mp=248 pos=5091,5030 en=0
T L=grant from=equip to=fence why="released: equip stopped bidding" tick=86
time=2026-09-24T06:13:42.104+03:00 level=INFO msg=grant from=equip to=fence class=service urgency=0.75 why="released: equip stopped bidding"
time=2026-09-24T06:13:42.104+03:00 level=INFO msg=outcome verb=errand-trace holder=fence tgt="" result=refused ev="phase=Act menuTry=0 tries=1 menuOpen=false tradeSelected=true"
time=2026-09-24T06:13:43.545+03:00 level=INFO msg=outcome verb=fence holder=fence tgt="" result=whiff ev="sell click did nothing: cell (8,7) px(1691,754) gold 84351→84351"
S 06:13:43 #87 ses=InGame mode=World ui=npcmenu+shop+inventory cur=item hold=fence held=6.9s gate=- phase=Act hp=129 mp=248 pos=5091,5030 en=0
T L=phase act=fence from=Act to=Talk why="trade never opened (menu slot try 1)" inPhase=9.1s tick=87
time=2026-09-24T06:13:46.032+03:00 level=INFO msg=status pos=(5091,5030) area=40 hp=129 mp=248 maxmana=35 lvl=26 gold=84351 weapon=melee arrows=-1 holder=fence
S 06:13:46 #88 ses=InGame mode=World ui=npcmenu+shop+inventory cur=item hold=fence held=8.9s gate=- phase=Talk hp=129 mp=248 pos=5091,5030 en=0
time=2026-09-24T06:13:46.062+03:00 level=INFO msg=outcome verb=errand-trace holder=fence tgt="" result=refused ev="phase=Talk menuTry=1 tries=1 menuOpen=false tradeSelected=true"
T L=ui from=world+npcmenu+shop+inventory+cursor to=world+npcmenu+inventory why="shop gone; cursor empty" tick=89 hold=fence
time=2026-09-24T06:13:46.257+03:00 level=INFO msg=outcome verb=errand-trace holder=fence tgt="" result=refused ev="phase=Talk menuTry=1 tries=2 menuOpen=true tradeSelected=true"
T L=phase act=fence from=Talk to=Menu why="menu byte after our talk click" inPhase=0.2s tick=89
time=2026-09-24T06:13:46.262+03:00 level=INFO msg=outcome verb=errand-trace holder=fence tgt="" result=refused ev="phase=Menu menuTry=1 tries=2 menuOpen=true tradeSelected=true"
T L=phase act=fence from=Menu to=Act why="trade selected (menu slot try 1)" inPhase=0.6s tick=90
time=2026-09-24T06:13:46.905+03:00 level=INFO msg=outcome verb=errand-trace holder=fence tgt="" result=refused ev="phase=Act menuTry=1 tries=2 menuOpen=false tradeSelected=true"
T L=phase act=fence from=Act to=Talk why="trade never opened (menu slot try 2)" inPhase=2.1s tick=91
S 06:13:48 #92 ses=InGame mode=World ui=npcmenu+inventory cur=- hold=fence held=11.9s gate=- phase=Talk hp=129 mp=248 pos=5091,5030 en=0
time=2026-09-24T06:13:48.966+03:00 level=INFO msg=outcome verb=errand-trace holder=fence tgt="" result=refused ev="phase=Talk menuTry=2 tries=2 menuOpen=false tradeSelected=true"
time=2026-09-24T06:13:50.185+03:00 level=INFO msg=outcome verb=errand holder=fence tgt="" result=whiff ev="talk diag: npc=177 unit@(5089,5032) me@(5091,5030) dist=2 proj=(689,374) hoverConfirmed=true"
S 06:13:50 #99 ses=InGame mode=World ui=npcmenu+inventory cur=- hold=fence held=13.2s gate=- phase=Talk hp=129 mp=248 pos=5091,5030 en=0
time=2026-09-24T06:13:50.274+03:00 level=INFO msg=outcome verb=errand-trace holder=fence tgt="" result=refused ev="phase=Talk menuTry=2 tries=3 menuOpen=true tradeSelected=true"
T L=phase act=fence from=Talk to=Menu why="menu byte after our talk click" inPhase=1.3s tick=99
time=2026-09-24T06:13:50.283+03:00 level=INFO msg=outcome verb=errand-trace holder=fence tgt="" result=refused ev="phase=Menu menuTry=2 tries=3 menuOpen=true tradeSelected=true"
T L=phase act=fence from=Menu to=Act why="trade selected (menu slot try 2)" inPhase=0.3s tick=100
time=2026-09-24T06:13:50.624+03:00 level=INFO msg=outcome verb=errand-trace holder=fence tgt="" result=refused ev="phase=Act menuTry=2 tries=3 menuOpen=true tradeSelected=true"
T L=phase act=fence from=Act to=Talk why="trade never opened (menu slot try 3)" inPhase=3.5s tick=101
S 06:13:54 #102 ses=InGame mode=World ui=npcmenu+inventory cur=- hold=fence held=17.0s gate=- phase=Talk hp=129 mp=248 pos=5091,5030 en=0
time=2026-09-24T06:13:54.105+03:00 level=INFO msg=outcome verb=errand-trace holder=fence tgt="" result=refused ev="phase=Talk menuTry=3 tries=3 menuOpen=true tradeSelected=true"
T L=phase act=fence from=Talk to=Menu why="menu byte after our talk click" inPhase=0.0s tick=102
time=2026-09-24T06:13:54.140+03:00 level=INFO msg=outcome verb=errand-trace holder=fence tgt="" result=refused ev="phase=Menu menuTry=3 tries=3 menuOpen=true tradeSelected=true"
T L=phase act=fence from=Menu to=Act why="trade selected (menu slot try 3)" inPhase=0.8s tick=103
time=2026-09-24T06:13:54.908+03:00 level=INFO msg=outcome verb=errand-trace holder=fence tgt="" result=refused ev="phase=Act menuTry=3 tries=3 menuOpen=false tradeSelected=true"
T L=phase act=fence from=Act to=Talk why="trade never opened (menu slot try 4)" inPhase=2.1s tick=104
time=2026-09-24T06:13:56.956+03:00 level=INFO msg=status pos=(5091,5030) area=40 hp=129 mp=248 maxmana=35 lvl=26 gold=84351 weapon=melee arrows=-1 holder=fence
S 06:13:56 #105 ses=InGame mode=World ui=npcmenu+inventory cur=- hold=fence held=19.9s gate=- phase=Talk hp=129 mp=248 pos=5091,5030 en=0
time=2026-09-24T06:13:56.997+03:00 level=INFO msg=outcome verb=errand-trace holder=fence tgt="" result=refused ev="phase=Talk menuTry=4 tries=3 menuOpen=false tradeSelected=true"
time=2026-09-24T06:13:57.172+03:00 level=INFO msg=outcome verb=errand-trace holder=fence tgt="" result=refused ev="phase=Talk menuTry=4 tries=4 menuOpen=true tradeSelected=true"
T L=phase act=fence from=Talk to=Menu why="menu byte after our talk click" inPhase=0.2s tick=106
time=2026-09-24T06:13:57.216+03:00 level=INFO msg=outcome verb=errand-trace holder=fence tgt="" result=refused ev="phase=Menu menuTry=4 tries=4 menuOpen=true tradeSelected=true"
T L=phase act=fence from=Menu to=Act why="trade selected (menu slot try 4)" inPhase=0.5s tick=107
time=2026-09-24T06:13:57.680+03:00 level=INFO msg=outcome verb=errand-trace holder=fence tgt="" result=refused ev="phase=Act menuTry=4 tries=4 menuOpen=true tradeSelected=true"
S 06:13:59 #109 ses=InGame mode=World ui=npcmenu+inventory cur=- hold=fence held=22.0s gate=- phase=Act hp=129 mp=248 pos=5091,5030 en=0
T L=grant from=fence to=equip why="outbid: service 0.85 >= 0.75+0.00 after 16.9s" tick=109
time=2026-09-24T06:13:59.051+03:00 level=INFO msg=grant from=fence to=equip class=service urgency=0.85 why="outbid: service 0.85 >= 0.75+0.00 after 16.9s"
T L=grant from=equip to=fence why="released: equip stopped bidding" tick=110
time=2026-09-24T06:13:59.778+03:00 level=WARN msg=PATHOLOGY kind=stuck detail="holder=fence pinned in 0x0 box for 19s" cooling=fence for=6s
T L=grant from=fence to=- why="end: abandoned/judged: watchdog stuck; cool fence 6s" tick=110
S 06:14:01 #111 ses=InGame mode=World ui=npcmenu+inventory cur=- hold=- held=- gate=- phase=- hp=129 mp=248 pos=5073,5056 en=0
T L=grant from=fence to=spend why="fresh: fence abandoned/judged: watchdog stuck; cool fence 6s" tick=111
time=2026-09-24T06:14:02.021+03:00 level=INFO msg=grant from=fence to=spend class=service urgency=0.60 why="fresh: fence abandoned/judged: watchdog stuck; cool fence 6s"
S 06:14:03 #112 ses=InGame mode=World ui=npcmenu+inventory cur=- hold=spend held=1.4s gate=- phase=- hp=129 mp=248 pos=5064,5067 en=0
S 06:14:04 #137 ses=InGame mode=World ui=npcmenu+inventory cur=- hold=spend held=2.5s gate=- phase=- hp=129 mp=248 pos=5060,5080 en=0
time=2026-09-24T06:14:06.174+03:00 level=WARN msg="STALL — mute holder" class=service holder=spend silent=4.2s hp=129 pos=(5060,5080)
S 06:14:06 #141 ses=InGame mode=World ui=npcmenu+inventory cur=- hold=spend held=4.2s gate=- phase=- hp=129 mp=248 pos=5062,5089 en=0
T L=grant from=spend to=fence why="outbid: service 0.70 >= 0.60+0.00 after 4.2s" tick=141
time=2026-09-24T06:14:06.208+03:00 level=WARN msg=PATHOLOGY kind=thrash detail="6 handovers/30s among 3 holders" cooling=fence for=8s
T L=grant from=fence to=- why="end: abandoned/judged: watchdog thrash; cool fence 8s" tick=141
T L=grant from=fence to=spend why="fresh: fence abandoned/judged: watchdog thrash; cool fence 8s" tick=142
time=2026-09-24T06:14:06.248+03:00 level=INFO msg=grant from=fence to=spend class=service urgency=0.60 why="fresh: fence abandoned/judged: watchdog thrash; cool fence 8s"
T L=ui from=world+npcmenu+inventory to=world+npcmenu+shop+inventory why="vendor red X + empty grid" tick=145 hold=spend
time=2026-09-24T06:14:06.972+03:00 level=INFO msg=status pos=(5056,5095) area=40 hp=129 mp=248 maxmana=35 lvl=26 gold=84351 weapon=melee arrows=-1 holder=spend
S 06:14:07 #166 ses=InGame mode=World ui=npcmenu+shop+inventory cur=- hold=spend held=5.2s gate=- phase=- hp=129 mp=248 pos=5052,5095 en=0
time=2026-09-24T06:14:08.691+03:00 level=WARN msg="STALL — mute holder" class=service holder=spend silent=6.7s hp=129 pos=(5052,5095)
S 06:14:08 #169 ses=InGame mode=World ui=npcmenu+shop+inventory cur=- hold=spend held=6.7s gate=- phase=- hp=129 mp=248 pos=5051,5094 en=0
S 06:14:09 #182 ses=InGame mode=World ui=npcmenu+shop+inventory cur=- hold=spend held=7.8s gate=- phase=- hp=128 mp=248 pos=5051,5094 en=0
time=2026-09-24T06:14:11.034+03:00 level=WARN msg="STALL — mute holder" class=service holder=spend silent=9.1s hp=128 pos=(5051,5094)
time=2026-09-24T06:14:11.035+03:00 level=WARN msg="STALL — mute grant released" holder=spend cool=5s
T L=grant from=spend to=- why="end: abandoned/mute: stall: silent 9.1s; cool 5s" tick=194
S 06:14:11 #195 ses=InGame mode=World ui=npcmenu+shop+inventory cur=- hold=- held=- gate=- phase=- hp=127 mp=248 pos=5051,5094 en=0
time=2026-09-24T06:14:11.282+03:00 level=WARN msg=PATHOLOGY kind=thrash detail="6 handovers/30s among 3 holders" cooling=spend for=8s
time=2026-09-24T06:14:11.988+03:00 level=INFO msg="status: idle" pos=(5051,5094) area=40 hp=128 lvl=26
S 06:14:12 #201 ses=InGame mode=World ui=npcmenu+shop+inventory cur=- hold=- held=- gate=- phase=- hp=128 mp=248 pos=5051,5094 en=0
T L=grant from=- to=fence why="fresh: no holder" tick=201
time=2026-09-24T06:14:12.255+03:00 level=INFO msg=grant from="" to=fence class=service urgency=0.70 why="fresh: no holder"
time=2026-09-24T06:14:12.255+03:00 level=INFO msg=outcome verb=errand-trace holder=fence tgt="" result=refused ev="phase=Act menuTry=4 tries=4 menuOpen=false tradeSelected=true"
T L=phase act=fence from=Act to=Talk why="trade never opened (menu slot try 5)" inPhase=16.6s tick=201
S 06:14:14 #202 ses=InGame mode=World ui=npcmenu+shop+inventory cur=- hold=fence held=2.0s gate=- phase=Talk hp=128 mp=248 pos=5051,5094 en=0
time=2026-09-24T06:14:14.297+03:00 level=INFO msg=outcome verb=errand-trace holder=fence tgt="" result=refused ev="phase=Talk menuTry=5 tries=4 menuOpen=false tradeSelected=true"
T L=phase act=fence from=Talk to=Seek why="npc unloaded" inPhase=0.0s tick=202
time=2026-09-24T06:14:14.365+03:00 level=INFO msg=outcome verb=errand-trace holder=fence tgt="" result=refused ev="phase=Seek menuTry=5 tries=4 menuOpen=false tradeSelected=true"
T L=nav act=fence from=noplan to=following why="route 7 legs 90 tiles (5051,5094)->(5088,5026)" tick=203
S 06:14:15 #207 ses=InGame mode=World ui=npcmenu+shop+inventory cur=- hold=fence held=3.3s gate=- phase=Seek hp=128 mp=248 pos=5062,5094 en=0
time=2026-09-24T06:14:16.598+03:00 level=WARN msg=PATHOLOGY kind=thrash detail="6 handovers/30s among 3 holders" cooling=fence for=8s
T L=grant from=fence to=- why="end: abandoned/judged: watchdog thrash; cool fence 8s" tick=210
S 06:14:16 #211 ses=InGame mode=World ui=npcmenu+shop+inventory cur=- hold=- held=- gate=- phase=- hp=128 mp=248 pos=5063,5079 en=0
time=2026-09-24T06:14:17.125+03:00 level=INFO msg="status: idle" pos=(5062,5076) area=40 hp=128 lvl=26
T L=grant from=- to=fence why="fresh: no holder" tick=214
time=2026-09-24T06:14:17.331+03:00 level=INFO msg=grant from="" to=fence class=service urgency=0.70 why="fresh: no holder"
T L=phase act=fence from=Seek to=Approach why="npc loaded" inPhase=3.0s tick=214
time=2026-09-24T06:14:17.395+03:00 level=INFO msg=outcome verb=errand-trace holder=fence tgt="" result=refused ev="phase=Approach menuTry=5 tries=4 menuOpen=false tradeSelected=true"
T L=nav act=fence from=noplan to=following why="route 3 legs 55 tiles (5062,5076)->(5089,5032)" tick=215
S 06:14:17 #217 ses=InGame mode=World ui=npcmenu+shop+inventory cur=- hold=fence held=0.6s gate=- phase=Approach hp=128 mp=248 pos=5061,5071 en=0
S 06:14:19 #221 ses=InGame mode=World ui=npcmenu+shop+inventory cur=- hold=fence held=2.0s gate=- phase=Approach hp=128 mp=248 pos=5073,5058 en=0
T L=grant from=fence to=spend why="released: fence stopped bidding" tick=221
time=2026-09-24T06:14:19.287+03:00 level=INFO msg=grant from=fence to=spend class=service urgency=0.60 why="released: fence stopped bidding"
S 06:14:20 #231 ses=InGame mode=World ui=npcmenu+shop+inventory cur=- hold=spend held=1.0s gate=- phase=- hp=128 mp=248 pos=5074,5057 en=0
time=2026-09-24T06:14:21.182+03:00 level=INFO msg=outcome verb=spend holder=spend tgt="" result=refused ev="no proven REACH TOOL — skill points banked (P-8.5)"
time=2026-09-24T06:14:21.183+03:00 level=INFO msg=verdict activity=spend verdict=done
T L=grant from=spend to=- why="end: done/completed" tick=233
S 06:14:21 #235 ses=InGame mode=World ui=npcmenu+shop+inventory cur=- hold=- held=- gate=- phase=- hp=127 mp=248 pos=5074,5057 en=0
T L=ui from=world+npcmenu+shop+inventory to=world+pause+npcmenu+inventory why="grey pause buttons; shop gone" tick=236 hold=-
time=2026-09-24T06:14:21.684+03:00 level=WARN msg=PATHOLOGY kind=thrash detail="7 handovers/30s among 3 holders" cooling=spend for=8s
time=2026-09-24T06:14:22.751+03:00 level=WARN msg="menu sentry: pause menu on screen with no sanction — clicked Return to Game"
S 06:14:22 #239 ses=InGame mode=World ui=pause+npcmenu+inventory cur=- hold=- held=- gate=- phase=- hp=127 mp=248 pos=5074,5057 en=0
T L=grant from=- to=fence why="fresh: no holder" tick=239
time=2026-09-24T06:14:22.755+03:00 level=INFO msg=grant from="" to=fence class=service urgency=0.70 why="fresh: no holder"
time=2026-09-24T06:14:22.756+03:00 level=INFO msg=outcome verb=errand holder=fence tgt="" result=timeout ev="npc=177 service attempt exceeded 45s in area 40"
T L=phase act=fence from=Approach to=Seek why="reset" inPhase=5.4s tick=239
time=2026-09-24T06:14:22.757+03:00 level=INFO msg=verdict activity=fence verdict=abandoned
T L=grant from=fence to=- why="end: abandoned/none" tick=239
time=2026-09-24T06:14:22.821+03:00 level=INFO msg="status: idle" pos=(5074,5057) area=40 hp=127 lvl=26
T L=ui from=world+pause+npcmenu+inventory to=world+npcmenu+inventory why="pause gone" tick=242 hold=-
S 06:14:23 #245 ses=InGame mode=World ui=npcmenu+inventory cur=- hold=- held=- gate=- phase=- hp=127 mp=248 pos=5074,5057 en=0
S 06:14:25 #250 ses=InGame mode=World ui=npcmenu+inventory cur=- hold=- held=- gate=- phase=- hp=127 mp=248 pos=5074,5057 en=0
S 06:14:26 #255 ses=InGame mode=World ui=npcmenu+inventory cur=- hold=- held=- gate=- phase=- hp=127 mp=248 pos=5074,5057 en=0
time=2026-09-24T06:14:26.806+03:00 level=WARN msg=PATHOLOGY kind=thrash detail="8 handovers/30s among 3 holders" cooling=fence for=8s
S 06:14:27 #261 ses=InGame mode=World ui=npcmenu+inventory cur=- hold=- held=- gate=- phase=- hp=127 mp=248 pos=5074,5057 en=0
time=2026-09-24T06:14:27.929+03:00 level=INFO msg="status: idle" pos=(5074,5057) area=40 hp=127 lvl=26
S 06:14:28 #266 ses=InGame mode=World ui=npcmenu+inventory cur=- hold=- held=- gate=- phase=- hp=127 mp=248 pos=5074,5057 en=0
S 06:14:29 #271 ses=InGame mode=World ui=npcmenu+inventory cur=- hold=- held=- gate=- phase=- hp=127 mp=248 pos=5074,5057 en=0
S 06:14:30 #276 ses=InGame mode=World ui=npcmenu+inventory cur=- hold=- held=- gate=- phase=- hp=127 mp=248 pos=5074,5057 en=0
S 06:14:31 #281 ses=InGame mode=World ui=npcmenu+inventory cur=- hold=- held=- gate=- phase=- hp=127 mp=248 pos=5074,5057 en=0
time=2026-09-24T06:14:31.911+03:00 level=WARN msg=PATHOLOGY kind=thrash detail="6 handovers/30s among 2 holders" cooling=fence for=8s
time=2026-09-24T06:14:32.156+03:00 level=INFO msg="screen: capture cost (Screenshot+Observe)" p50=29.6ms p99=39.3ms max=45.4ms n=116 perSec=1.9
S 06:14:32 #287 ses=InGame mode=World ui=npcmenu+inventory cur=- hold=- held=- gate=- phase=- hp=127 mp=248 pos=5074,5057 en=0
time=2026-09-24T06:14:33.027+03:00 level=INFO msg="status: idle" pos=(5074,5057) area=40 hp=127 lvl=26
S 06:14:33 #292 ses=InGame mode=World ui=npcmenu+inventory cur=- hold=- held=- gate=- phase=- hp=127 mp=248 pos=5074,5057 en=0
S 06:14:35 #297 ses=InGame mode=World ui=npcmenu+inventory cur=- hold=- held=- gate=- phase=- hp=127 mp=248 pos=5074,5057 en=0
time=2026-09-24T06:14:35.003+03:00 level=WARN msg="idle breaker: services cooled 90s — the march reclaims the wheel"
T L=grant from=- to=advance why="fresh: no holder" tick=298
time=2026-09-24T06:14:35.239+03:00 level=INFO msg=grant from="" to=advance class=travel urgency=0.45 why="fresh: no holder"
time=2026-09-24T06:14:35.240+03:00 level=INFO msg=outcome verb=intent holder=advance tgt="" result=done ev="commit adopt leg 6 (56) from 40"
T L=nav act=advance from=noplan to=following why="route 3 legs 28 tiles (5074,5057)->(5069,5084)" tick=298
S 06:14:36 #300 ses=InGame mode=World ui=npcmenu+inventory cur=- hold=advance held=0.9s gate=- phase=- hp=127 mp=248 pos=5070,5069 en=0
S 06:14:41 #303 ses=InGame mode=World ui=npcmenu+inventory cur=- hold=advance held=6.1s gate=- phase=- hp=127 mp=248 pos=5498,4698 en=252
time=2026-09-24T06:14:41.402+03:00 level=INFO msg="executive: grid re-aligned" area=42
T L=grant from=advance to=fight why="preempt: fight > travel" tick=303
time=2026-09-24T06:14:41.431+03:00 level=INFO msg=grant from=advance to=fight class=fight urgency=0.84 why="preempt: fight > travel"
S 06:14:42 #305 ses=InGame mode=World ui=npcmenu+inventory cur=- hold=fight held=1.0s gate=- phase=- hp=127 mp=220 pos=5504,4703 en=252
time=2026-09-24T06:14:43.103+03:00 level=INFO msg=status pos=(5504,4703) area=42 hp=127 mp=220 maxmana=35 lvl=26 gold=84351 weapon=melee arrows=-1 holder=fight
S 06:14:43 #307 ses=InGame mode=World ui=npcmenu+inventory cur=- hold=fight held=2.0s gate=- phase=- hp=127 mp=194 pos=5498,4700 en=252
S 06:14:44 #318 ses=InGame mode=World ui=npcmenu+inventory cur=- hold=fight held=3.3s gate=- phase=- hp=127 mp=191 pos=5485,4695 en=252
T L=grant from=fight to=advance why="released: fight stopped bidding" tick=328
time=2026-09-24T06:14:45.468+03:00 level=INFO msg=grant from=fight to=advance class=travel urgency=0.40 why="released: fight stopped bidding"
T L=nav act=advance from=noplan to=following why="route 1 legs 14 tiles (5491,4693)->(5505,4693)" tick=331
S 06:14:46 #332 ses=InGame mode=World ui=npcmenu+inventory cur=- hold=advance held=6.9s gate=- phase=- hp=127 mp=228 pos=5497,4693 en=251
time=2026-09-24T06:14:46.510+03:00 level=INFO msg=verdict activity=advance verdict=done
T L=grant from=advance to=- why="end: done/completed" tick=333
T L=grant from=advance to=advance why="fresh: advance done/completed" tick=334
time=2026-09-24T06:14:46.585+03:00 level=INFO msg=grant from=advance to=advance class=travel urgency=0.40 why="fresh: advance done/completed"
S 06:14:48 #335 ses=InGame mode=World ui=npcmenu+inventory cur=- hold=advance held=1.8s gate=- phase=- hp=127 mp=237 pos=5534,4692 en=88
T L=grant from=advance to=fight why="preempt: fight > travel" tick=335
time=2026-09-24T06:14:48.389+03:00 level=INFO msg=grant from=advance to=fight class=fight urgency=0.92 why="preempt: fight > travel"
T L=grant from=fight to=advance why="released: fight stopped bidding" tick=336
time=2026-09-24T06:14:48.767+03:00 level=INFO msg=grant from=fight to=advance class=travel urgency=0.40 why="released: fight stopped bidding"
S 06:14:50 #337 ses=InGame mode=World ui=npcmenu+inventory cur=- hold=advance held=3.5s gate=- phase=- hp=127 mp=217 pos=5551,4683 en=88
S 06:14:52 #338 ses=InGame mode=World ui=npcmenu+inventory cur=- hold=advance held=5.4s gate=- phase=- hp=127 mp=225 pos=5580,4683 en=20
T L=grant from=advance to=fight why="preempt: fight > travel" tick=338
time=2026-09-24T06:14:52.389+03:00 level=WARN msg=PATHOLOGY kind=thrash detail="7 handovers/30s among 3 holders" cooling=fight for=8s
T L=grant from=fight to=- why="end: abandoned/judged: watchdog thrash; cool fight 8s" tick=338
T L=grant from=fight to=imbibe why="fresh: fight abandoned/judged: watchdog thrash; cool fight 8s" tick=339
time=2026-09-24T06:14:52.391+03:00 level=INFO msg=grant from=fight to=imbibe class=loot urgency=0.45 why="fresh: fight abandoned/judged: watchdog thrash; cool fight 8s"
time=2026-09-24T06:14:53.235+03:00 level=INFO msg=status pos=(5580,4683) area=42 hp=127 mp=225 maxmana=35 lvl=26 gold=84351 weapon=melee arrows=-1 holder=imbibe
T L=grant from=imbibe to=advance why="released: imbibe stopped bidding" tick=340
time=2026-09-24T06:14:53.265+03:00 level=INFO msg=grant from=imbibe to=advance class=travel urgency=0.40 why="released: imbibe stopped bidding"
S 06:14:54 #341 ses=InGame mode=World ui=npcmenu+inventory cur=- hold=advance held=7.2s gate=- phase=- hp=127 mp=234 pos=5621,4687 en=13
T L=grant from=advance to=imbibe why="preempt: loot > travel" tick=341
time=2026-09-24T06:14:55.013+03:00 level=INFO msg=grant from=advance to=imbibe class=loot urgency=0.45 why="preempt: loot > travel"
S 06:14:56 #342 ses=InGame mode=World ui=npcmenu+inventory cur=- hold=imbibe held=1.4s gate=- phase=- hp=127 mp=240 pos=5639,4673 en=87
T L=grant from=imbibe to=advance why="released: imbibe stopped bidding" tick=344
time=2026-09-24T06:14:56.696+03:00 level=INFO msg=grant from=imbibe to=advance class=travel urgency=0.40 why="released: imbibe stopped bidding"
time=2026-09-24T06:14:56.722+03:00 level=INFO msg=outcome verb=nav holder=march tgt="" result=refused ev="me=(5642,4671) area=42 tgt=(15080,6580) way=(0,0)"
T L=nav act=advance from=noplan to=following why="route 6 legs 187 tiles (5642,4671)->(5797,4757)" tick=344
T L=grant from=advance to=loot why="preempt: loot > travel" tick=345
time=2026-09-24T06:14:57.120+03:00 level=INFO msg=grant from=advance to=loot class=loot urgency=0.85 why="preempt: loot > travel"
time=2026-09-24T06:14:59.781+03:00 level=INFO msg=outcome verb=pickup holder=loot tgt="item=1290 type=511 qual=7" result=whiff ev="no hover confirmation on item (d=2 aim=729,439 seen=[- - - - - - - - - - - - - - - 3985/t1 3985/t1 3985/t1 - - - - - - -])"
S 06:14:59 #346 ses=InGame mode=World ui=npcmenu+inventory cur=- hold=loot held=2.7s gate=- phase=- hp=127 mp=248 pos=5654,4677 en=226
T L=grant from=loot to=advance why="released: loot stopped bidding" tick=346
time=2026-09-24T06:14:59.854+03:00 level=INFO msg=grant from=loot to=advance class=travel urgency=0.40 why="released: loot stopped bidding"
time=2026-09-24T06:14:59.894+03:00 level=INFO msg=outcome verb=nav holder=march tgt="" result=refused ev="me=(5654,4677) area=42 tgt=(15080,6580) way=(0,0)"
T L=grant from=advance to=fight why="preempt: fight > travel" tick=348
time=2026-09-24T06:15:00.743+03:00 level=INFO msg=grant from=advance to=fight class=fight urgency=0.92 why="preempt: fight > travel"
S 06:15:01 #349 ses=InGame mode=World ui=npcmenu+inventory cur=- hold=fight held=0.3s gate=- phase=- hp=127 mp=220 pos=5668,4682 en=51
time=2026-09-24T06:15:02.667+03:00 level=INFO msg=outcome verb=hoverstrike holder=fight tgt="unit=3985" result=whiff ev="no hover confirmation on target (aim=729,393 dTile=-3,0 seen=[- - - - - - - - - -])"
S 06:15:02 #351 ses=InGame mode=World ui=npcmenu+inventory cur=- hold=fight held=2.1s gate=- phase=- hp=127 mp=220 pos=5660,4678 en=225
time=2026-09-24T06:15:04.198+03:00 level=INFO msg=outcome verb=hoverstrike holder=fight tgt="unit=4354" result=whiff ev="no hover confirmation on target (aim=1223,463 dTile=4,-1 seen=[- - - 4352/t1 4352/t1 4560/t1 - - - -])"
time=2026-09-24T06:15:04.439+03:00 level=INFO msg=status pos=(5660,4678) area=42 hp=127 mp=220 maxmana=35 lvl=26 gold=84351 weapon=melee arrows=-1 holder=fight
S 06:15:04 #352 ses=InGame mode=World ui=npcmenu+inventory cur=- hold=fight held=3.7s gate=- phase=- hp=127 mp=211 pos=5657,4677 en=225
S 06:15:05 #363 ses=InGame mode=World ui=npcmenu+inventory cur=- hold=fight held=4.8s gate=- phase=- hp=127 mp=185 pos=5662,4674 en=225
time=2026-09-24T06:15:07.479+03:00 level=INFO msg=outcome verb=hoverstrike holder=fight tgt="unit=4822" result=whiff ev="no hover confirmation on target (aim=906,383 dTile=4,-3 seen=[4355/t1 4355/t1 4355/t1 - - - - - - -])"
S 06:15:07 #377 ses=InGame mode=World ui=npcmenu+inventory cur=- hold=fight held=7.0s gate=- phase=- hp=127 mp=220 pos=5665,4680 en=43
T L=grant from=fight to=loot why="released: fight stopped bidding" tick=377
time=2026-09-24T06:15:07.774+03:00 level=INFO msg=grant from=fight to=loot class=loot urgency=0.88 why="released: fight stopped bidding"
time=2026-09-24T06:15:07.774+03:00 level=INFO msg=outcome verb=loot holder=loot tgt="" result=blocked ev="no progress to item 1290 in 4s (stuck at d=19) — banned 60s"
T L=nav act=loot from=noplan to=following why="route 1 legs 21 tiles (5665,4680)->(5686,4684)" tick=378
T L=grant from=loot to=fight why="released: loot stopped bidding" tick=379
time=2026-09-24T06:15:08.192+03:00 level=INFO msg=grant from=loot to=fight class=fight urgency=0.82 why="released: loot stopped bidding"
T L=grant from=fight to=loot why="released: fight stopped bidding" tick=380
time=2026-09-24T06:15:08.582+03:00 level=INFO msg=grant from=fight to=loot class=loot urgency=0.88 why="released: fight stopped bidding"
S 06:15:09 #381 ses=InGame mode=World ui=npcmenu+inventory cur=- hold=loot held=0.5s gate=- phase=- hp=127 mp=191 pos=5661,4667 en=218
T L=grant from=loot to=fight why="released: loot stopped bidding" tick=381
time=2026-09-24T06:15:09.067+03:00 level=INFO msg=grant from=loot to=fight class=fight urgency=0.92 why="released: loot stopped bidding"
time=2026-09-24T06:15:10.371+03:00 level=INFO msg=outcome verb=hoverstrike holder=fight tgt="unit=4353" result=whiff ev="no hover confirmation on target (aim=867,403 dTile=2,-2 seen=[- - - - - - - - - -])"
S 06:15:10 #382 ses=InGame mode=World ui=npcmenu+inventory cur=- hold=fight held=1.6s gate=- phase=- hp=127 mp=188 pos=5657,4662 en=217
T L=grant from=fight to=loot why="released: fight stopped bidding" tick=382
time=2026-09-24T06:15:10.629+03:00 level=INFO msg=grant from=fight to=loot class=loot urgency=0.87 why="released: fight stopped bidding"
T L=nav act=loot from=following to=noplan why="diverged 19.7 tiles off path at (5657,4662)" tick=382
T L=nav act=loot from=noplan to=following why="route 2 legs 37 tiles (5657,4662)->(5686,4684)" tick=382
time=2026-09-24T06:15:10.879+03:00 level=INFO msg=outcome verb=stride holder=loot tgt=(5663,4664) result=blocked ev="from=(5657,4662) to=(5657,4662) gain=0"
T L=grant from=loot to=fight why="released: loot stopped bidding" tick=385
time=2026-09-24T06:15:11.478+03:00 level=INFO msg=grant from=loot to=fight class=fight urgency=0.92 why="released: loot stopped bidding"
time=2026-09-24T06:15:12.803+03:00 level=INFO msg=outcome verb=hoverstrike holder=fight tgt="unit=4472" result=whiff ev="no hover confirmation on target (aim=807,256 dTile=3,-5 seen=[- - - - - - - - - -])"
S 06:15:13 #386 ses=InGame mode=World ui=npcmenu+inventory cur=- hold=fight held=1.6s gate=- phase=- hp=127 mp=220 pos=5667,4667 en=216
S 06:15:14 #387 ses=InGame mode=World ui=npcmenu+inventory cur=- hold=fight held=2.7s gate=- phase=- hp=127 mp=197 pos=5667,4667 en=216
time=2026-09-24T06:15:14.548+03:00 level=INFO msg=status pos=(5663,4663) area=42 hp=127 mp=197 maxmana=35 lvl=26 gold=84351 weapon=melee arrows=-1 holder=fight
time=2026-09-24T06:15:16.135+03:00 level=INFO msg=outcome verb=hoverstrike holder=fight tgt="unit=4351" result=whiff ev="no hover confirmation on target (aim=867,403 dTile=4,-1 seen=[- - - - - 4450/t1 4450/t1 4450/t1 4450/t1 4450/t1])"
S 06:15:16 #404 ses=InGame mode=World ui=npcmenu+inventory cur=- hold=fight held=4.9s gate=- phase=- hp=127 mp=220 pos=5661,4661 en=211
S 06:15:17 #424 ses=InGame mode=World ui=npcmenu+inventory cur=- hold=fight held=5.9s gate=- phase=- hp=127 mp=220 pos=5665,4657 en=209
S 06:15:18 #441 ses=InGame mode=World ui=npcmenu+inventory cur=- hold=fight held=7.1s gate=- phase=- hp=127 mp=191 pos=5662,4653 en=207
S 06:15:19 #456 ses=InGame mode=World ui=npcmenu+inventory cur=- hold=fight held=8.2s gate=- phase=- hp=127 mp=248 pos=5669,4653 en=200
S 06:15:20 #475 ses=InGame mode=World ui=npcmenu+inventory cur=- hold=fight held=9.2s gate=- phase=- hp=125 mp=220 pos=5668,4651 en=196
time=2026-09-24T06:15:22.023+03:00 level=INFO msg=outcome verb=hoverstrike holder=fight tgt="unit=4690" result=whiff ev="no hover confirmation on target (aim=926,374 dTile=4,-4 seen=[4722/t1 4732/t1 4732/t1 4732/t1 4732/t1 4732/t1 4732/t1 4732/t1 4732/t1 4732/t1])"
S 06:15:22 #476 ses=InGame mode=World ui=npcmenu+inventory cur=- hold=fight held=10.8s gate=- phase=- hp=127 mp=220 pos=5668,4651 en=192
T L=grant from=fight to=stand why="preempt: survive > fight" tick=476
time=2026-09-24T06:15:22.324+03:00 level=INFO msg=grant from=fight to=stand class=survive urgency=1.50 why="preempt: survive > fight"
T L=grant from=stand to=fight why="released: stand stopped bidding" tick=477
time=2026-09-24T06:15:22.627+03:00 level=INFO msg=grant from=stand to=fight class=fight urgency=0.98 why="released: stand stopped bidding"
S 06:15:23 #490 ses=InGame mode=World ui=npcmenu+inventory cur=- hold=fight held=11.5s gate=- phase=- hp=127 mp=220 pos=5669,4643 en=183
time=2026-09-24T06:15:24.591+03:00 level=INFO msg=status pos=(5669,4643) area=42 hp=127 mp=217 maxmana=35 lvl=26 gold=84351 weapon=melee arrows=-1 holder=fight
S 06:15:24 #504 ses=InGame mode=World ui=npcmenu+inventory cur=- hold=fight held=12.8s gate=- phase=- hp=127 mp=220 pos=5673,4644 en=180
S 06:15:25 #525 ses=InGame mode=World ui=npcmenu+inventory cur=- hold=fight held=13.8s gate=- phase=- hp=127 mp=220 pos=5675,4645 en=167
S 06:15:26 #542 ses=InGame mode=World ui=npcmenu+inventory cur=- hold=fight held=14.9s gate=- phase=- hp=126 mp=191 pos=5672,4648 en=160
S 06:15:28 #562 ses=InGame mode=World ui=npcmenu+inventory cur=- hold=fight held=16.3s gate=- phase=- hp=127 mp=220 pos=5665,4641 en=154
S 06:15:29 #576 ses=InGame mode=World ui=npcmenu+inventory cur=- hold=fight held=17.5s gate=- phase=- hp=127 mp=220 pos=5670,4645 en=145
S 06:15:30 #590 ses=InGame mode=World ui=npcmenu+inventory cur=- hold=fight held=18.5s gate=- phase=- hp=127 mp=248 pos=5676,4644 en=142
S 06:15:31 #608 ses=InGame mode=World ui=npcmenu+inventory cur=- hold=fight held=19.5s gate=- phase=- hp=127 mp=220 pos=5681,4644 en=141
time=2026-09-24T06:15:32.731+03:00 level=INFO msg="screen: capture cost (Screenshot+Observe)" p50=34.3ms p99=49.1ms max=51.7ms n=127 perSec=2.1
S 06:15:32 #610 ses=InGame mode=World ui=npcmenu+inventory cur=- hold=fight held=21.0s gate=- phase=- hp=127 mp=220 pos=5681,4644 en=378
time=2026-09-24T06:15:32.801+03:00 level=WARN msg=PATHOLOGY kind=thrash detail="8 handovers/30s among 3 holders" cooling=fight for=8s
T L=grant from=fight to=- why="end: abandoned/judged: watchdog thrash; cool fight 8s" tick=610
T L=grant from=fight to=advance why="fresh: fight abandoned/judged: watchdog thrash; cool fight 8s" tick=611
time=2026-09-24T06:15:32.812+03:00 level=INFO msg=grant from=fight to=advance class=travel urgency=0.40 why="fresh: fight abandoned/judged: watchdog thrash; cool fight 8s"
S 06:15:34 #612 ses=InGame mode=World ui=npcmenu+inventory cur=- hold=advance held=10.3s gate=- phase=- hp=127 mp=248 pos=5689,4639 en=372
time=2026-09-24T06:15:36.476+03:00 level=INFO msg=status pos=(5689,4639) area=42 hp=127 mp=248 maxmana=35 lvl=26 gold=84351 weapon=melee arrows=-1 holder=advance
S 06:15:36 #613 ses=InGame mode=World ui=npcmenu+inventory cur=- hold=advance held=12.2s gate=- phase=- hp=120 mp=248 pos=5715,4636 en=582
S 06:15:37 #614 ses=InGame mode=World ui=npcmenu+inventory cur=- hold=advance held=13.6s gate=- phase=- hp=99 mp=248 pos=5717,4636 en=582
time=2026-09-24T06:15:39.831+03:00 level=INFO msg=outcome verb=stride holder=advance tgt=(5752,4636) result=blocked ev="from=(5718,4635) to=(5719,4634) gain=1"
S 06:15:39 #615 ses=InGame mode=World ui=npcmenu+inventory cur=- hold=advance held=15.5s gate=- phase=- hp=90 mp=248 pos=5719,4634 en=582
S 06:15:41 #616 ses=InGame mode=World ui=npcmenu+inventory cur=- hold=advance held=16.9s gate=- phase=- hp=73 mp=248 pos=5719,4634 en=580
T L=grant from=advance to=fight why="preempt: fight > travel" tick=616
time=2026-09-24T06:15:41.202+03:00 level=INFO msg=grant from=advance to=fight class=fight urgency=0.98 why="preempt: fight > travel"
S 06:15:42 #629 ses=InGame mode=World ui=npcmenu+inventory cur=- hold=fight held=1.0s gate=- phase=- hp=78 mp=245 pos=5719,4634 en=577
T L=grant from=fight to=stand why="preempt: survive > fight" tick=639
time=2026-09-24T06:15:42.725+03:00 level=INFO msg=grant from=fight to=stand class=survive urgency=1.50 why="preempt: survive > fight"
S 06:15:43 #642 ses=InGame mode=World ui=npcmenu+inventory cur=- hold=stand held=0.5s gate=- phase=- hp=85 mp=242 pos=5719,4634 en=555
T L=grant from=stand to=fight why="released: stand stopped bidding" tick=647
time=2026-09-24T06:15:43.440+03:00 level=INFO msg=grant from=stand to=fight class=fight urgency=0.98 why="released: stand stopped bidding"
T L=grant from=fight to=stand why="preempt: survive > fight" tick=658
time=2026-09-24T06:15:44.131+03:00 level=INFO msg=grant from=fight to=stand class=survive urgency=1.50 why="preempt: survive > fight"
S 06:15:44 #659 ses=InGame mode=World ui=npcmenu+inventory cur=- hold=stand held=0.2s gate=- phase=- hp=93 mp=248 pos=5719,4634 en=543
S 06:15:45 #676 ses=InGame mode=World ui=npcmenu+inventory cur=- hold=stand held=1.3s gate=- phase=- hp=94 mp=245 pos=5719,4634 en=538
S 06:15:46 #688 ses=InGame mode=World ui=npcmenu+inventory cur=- hold=stand held=2.3s gate=- phase=- hp=97 mp=245 pos=5719,4634 en=531
time=2026-09-24T06:15:46.545+03:00 level=INFO msg=status pos=(5719,4634) area=42 hp=97 mp=245 maxmana=35 lvl=26 gold=84351 weapon=melee arrows=-1 holder=stand
S 06:15:47 #703 ses=InGame mode=World ui=npcmenu+inventory cur=- hold=stand held=3.5s gate=- phase=- hp=99 mp=245 pos=5719,4634 en=529
time=2026-09-24T06:15:48.259+03:00 level=WARN msg=PATHOLOGY kind=thrash detail="7 handovers/30s among 3 holders" cooling=stand for=8s
T L=grant from=stand to=- why="end: abandoned/judged: watchdog thrash; cool stand 8s" tick=711
T L=grant from=stand to=stand why="fresh: stand abandoned/judged: watchdog thrash; cool stand 8s" tick=712
time=2026-09-24T06:15:48.268+03:00 level=INFO msg=grant from=stand to=stand class=survive urgency=1.50 why="fresh: stand abandoned/judged: watchdog thrash; cool stand 8s"
S 06:15:48 #720 ses=InGame mode=World ui=npcmenu+inventory cur=- hold=stand held=0.4s gate=- phase=- hp=100 mp=245 pos=5719,4634 en=522
S 06:15:49 #730 ses=InGame mode=World ui=npcmenu+inventory cur=- hold=stand held=1.4s gate=- phase=- hp=101 mp=245 pos=5719,4634 en=517
S 06:15:50 #746 ses=InGame mode=World ui=npcmenu+inventory cur=- hold=stand held=2.5s gate=- phase=- hp=103 mp=248 pos=5719,4634 en=513
S 06:15:51 #756 ses=InGame mode=World ui=npcmenu+inventory cur=- hold=stand held=3.5s gate=- phase=- hp=105 mp=245 pos=5719,4634 en=507
S 06:15:53 #771 ses=InGame mode=World ui=npcmenu+inventory cur=- hold=stand held=4.8s gate=- phase=- hp=108 mp=245 pos=5717,4632 en=503
S 06:15:54 #787 ses=InGame mode=World ui=npcmenu+inventory cur=- hold=stand held=6.1s gate=- phase=- hp=111 mp=242 pos=5717,4632 en=499
T L=grant from=stand to=fight why="released: stand stopped bidding" tick=797
time=2026-09-24T06:15:55.143+03:00 level=INFO msg=grant from=stand to=fight class=fight urgency=0.98 why="released: stand stopped bidding"
S 06:15:55 #798 ses=InGame mode=World ui=npcmenu+inventory cur=- hold=fight held=2.5s gate=- phase=- hp=112 mp=220 pos=5718,4628 en=498
time=2026-09-24T06:15:57.248+03:00 level=INFO msg=outcome verb=hoverstrike holder=fight tgt="unit=4982" result=whiff ev="no hover confirmation on target (aim=689,413 dTile=1,5 seen=[- - - - - - - - - -])"
time=2026-09-24T06:15:57.502+03:00 level=INFO msg=status pos=(5718,4626) area=42 hp=113 mp=220 maxmana=35 lvl=26 gold=84459 weapon=melee arrows=-1 holder=fight
S 06:15:57 #804 ses=InGame mode=World ui=npcmenu+inventory cur=- hold=fight held=4.6s gate=- phase=- hp=117 mp=220 pos=5718,4626 en=495
time=2026-09-24T06:15:58.306+03:00 level=WARN msg=PATHOLOGY kind=thrash detail="6 handovers/30s among 3 holders" cooling=fight for=8s
T L=grant from=fight to=- why="end: abandoned/judged: watchdog thrash; cool fight 8s" tick=818
T L=grant from=fight to=advance why="fresh: fight abandoned/judged: watchdog thrash; cool fight 8s" tick=819
time=2026-09-24T06:15:58.321+03:00 level=INFO msg=grant from=fight to=advance class=travel urgency=0.40 why="fresh: fight abandoned/judged: watchdog thrash; cool fight 8s"
S 06:16:00 #820 ses=InGame mode=World ui=npcmenu+inventory cur=- hold=advance held=18.8s gate=- phase=- hp=116 mp=248 pos=5730,4649 en=249
S 06:16:02 #821 ses=InGame mode=World ui=npcmenu+inventory cur=- hold=advance held=20.7s gate=- phase=- hp=117 mp=248 pos=5738,4653 en=249
time=2026-09-24T06:16:04.021+03:00 level=INFO msg=outcome verb=stride holder=advance tgt=(5763,4678) result=blocked ev="from=(5738,4653) to=(5737,4653) gain=1 detour=+112°"
S 06:16:04 #822 ses=InGame mode=World ui=npcmenu+inventory cur=- hold=advance held=22.6s gate=- phase=- hp=117 mp=248 pos=5737,4653 en=248
time=2026-09-24T06:16:04.103+03:00 level=WARN msg=PATHOLOGY kind=thrash detail="6 handovers/30s among 3 holders" cooling=advance for=8s
time=2026-09-24T06:16:04.103+03:00 level=INFO msg=outcome verb=escalate holder=advance tgt="" result=done ev="rung 0 (replan) for intent.56: watchdog thrash"
T L=grant from=advance to=- why="end: abandoned/judged: watchdog thrash; cool advance 8s" tick=822
time=2026-09-24T06:16:04.134+03:00 level=INFO msg="status: idle" pos=(5737,4653) area=42 hp=117 lvl=26
T L=grant from=- to=fight why="fresh: no holder" tick=824
time=2026-09-24T06:16:04.381+03:00 level=INFO msg=grant from="" to=fight class=fight urgency=0.98 why="fresh: no holder"
T L=grant from=fight to=stand why="released: fight stopped bidding" tick=833
time=2026-09-24T06:16:05.002+03:00 level=INFO msg=grant from=fight to=stand class=survive urgency=1.50 why="released: fight stopped bidding"
S 06:16:05 #834 ses=InGame mode=World ui=npcmenu+inventory cur=- hold=stand held=0.3s gate=- phase=- hp=120 mp=245 pos=5737,4653 en=245
T L=grant from=stand to=fight why="released: stand stopped bidding" tick=844
time=2026-09-24T06:16:05.896+03:00 level=INFO msg=grant from=stand to=fight class=fight urgency=0.98 why="released: stand stopped bidding"
S 06:16:06 #851 ses=InGame mode=World ui=npcmenu+inventory cur=- hold=fight held=0.4s gate=- phase=- hp=123 mp=245 pos=5736,4652 en=235
S 06:16:07 #861 ses=InGame mode=World ui=npcmenu+inventory cur=- hold=fight held=1.4s gate=- phase=- hp=126 mp=220 pos=5737,4647 en=229
S 06:16:08 #881 ses=InGame mode=World ui=npcmenu+inventory cur=- hold=fight held=2.5s gate=- phase=- hp=127 mp=220 pos=5735,4647 en=219
time=2026-09-24T06:16:09.153+03:00 level=WARN msg=PATHOLOGY kind=thrash detail="9 handovers/30s among 3 holders" cooling=fight for=8s
T L=grant from=fight to=- why="end: abandoned/judged: watchdog thrash; cool fight 8s" tick=895
time=2026-09-24T06:16:09.173+03:00 level=INFO msg="status: idle" pos=(5733,4647) area=42 hp=127 lvl=26
S 06:16:09 #897 ses=InGame mode=World ui=npcmenu+inventory cur=- hold=- held=- gate=- phase=- hp=127 mp=220 pos=5731,4647 en=204
T L=grant from=- to=fight why="fresh: no holder" tick=901
time=2026-09-24T06:16:10.387+03:00 level=INFO msg=grant from="" to=fight class=fight urgency=0.98 why="fresh: no holder"
S 06:16:10 #902 ses=InGame mode=World ui=npcmenu+inventory cur=- hold=fight held=0.1s gate=- phase=- hp=127 mp=220 pos=5727,4646 en=195
time=2026-09-24T06:16:12.856+03:00 level=INFO msg=outcome verb=hoverstrike holder=fight tgt="unit=4739" result=whiff ev="no hover confirmation on target (aim=827,325 dTile=-2,-4 seen=[4700/t1 - 1349/t4 1349/t4 1349/t4 1349/t4 1349/t4 1349/t4 1349/t4 1349/t4])"
S 06:16:13 #918 ses=InGame mode=World ui=npcmenu+inventory cur=- hold=fight held=2.7s gate=- phase=- hp=123 mp=220 pos=5723,4648 en=186
T L=grant from=fight to=advance why="released: fight stopped bidding" tick=918
time=2026-09-24T06:16:13.109+03:00 level=INFO msg=grant from=fight to=advance class=travel urgency=0.40 why="released: fight stopped bidding"
S 06:16:15 #919 ses=InGame mode=World ui=npcmenu+inventory cur=- hold=advance held=1.9s gate=- phase=- hp=127 mp=248 pos=5718,4657 en=214
time=2026-09-24T06:16:15.063+03:00 level=WARN msg=PATHOLOGY kind=thrash detail="6 handovers/30s among 3 holders" cooling=advance for=8s
time=2026-09-24T06:16:15.064+03:00 level=INFO msg=outcome verb=escalate holder=advance tgt="" result=done ev="rung 1 (alternate) for intent.56: watchdog thrash"
T L=grant from=advance to=- why="end: abandoned/judged: watchdog thrash; cool advance 8s" tick=919
time=2026-09-24T06:16:15.116+03:00 level=INFO msg="status: idle" pos=(5718,4658) area=42 hp=127 lvl=26
T L=grant from=- to=fight why="fresh: no holder" tick=921
time=2026-09-24T06:16:15.325+03:00 level=INFO msg=grant from="" to=fight class=fight urgency=0.88 why="fresh: no holder"
S 06:16:16 #922 ses=InGame mode=World ui=npcmenu+inventory cur=- hold=fight held=1.5s gate=- phase=- hp=127 mp=220 pos=5718,4669 en=212
S 06:16:17 #924 ses=InGame mode=World ui=npcmenu+inventory cur=- hold=fight held=2.6s gate=- phase=- hp=127 mp=248 pos=5722,4652 en=176
S 06:16:18 #926 ses=InGame mode=World ui=npcmenu+inventory cur=- hold=fight held=3.7s gate=- phase=- hp=127 mp=220 pos=5722,4652 en=170
time=2026-09-24T06:16:20.500+03:00 level=INFO msg=outcome verb=hoverstrike holder=fight tgt="unit=4735" result=whiff ev="no hover confirmation on target (aim=729,393 dTile=-6,-2 seen=[- - - - 4944/t1 - 4944/t1 4944/t1 - -])"
S 06:16:20 #927 ses=InGame mode=World ui=npcmenu+inventory cur=- hold=fight held=5.5s gate=- phase=- hp=127 mp=220 pos=5715,4649 en=198
time=2026-09-24T06:16:20.803+03:00 level=WARN msg=PATHOLOGY kind=thrash detail="7 handovers/30s among 3 holders" cooling=fight for=8s
T L=grant from=fight to=- why="end: abandoned/judged: watchdog thrash; cool fight 8s" tick=927
time=2026-09-24T06:16:20.882+03:00 level=INFO msg="status: idle" pos=(5715,4649) area=42 hp=127 lvl=26
T L=grant from=- to=fight why="fresh: no holder" tick=929
time=2026-09-24T06:16:21.108+03:00 level=INFO msg=grant from="" to=fight class=fight urgency=0.98 why="fresh: no holder"
time=2026-09-24T06:16:23.162+03:00 level=INFO msg=outcome verb=hoverstrike holder=fight tgt="unit=4902" result=whiff ev="no hover confirmation on target (aim=946,365 dTile=4,-5 seen=[4971/t1 4971/t1 4669/t1 4669/t1 4669/t1 4669/t1 4782/t1 4782/t1 4782/t1 4782/t1])"
S 06:16:23 #938 ses=InGame mode=World ui=npcmenu+inventory cur=- hold=fight held=2.3s gate=- phase=- hp=126 mp=220 pos=5719,4653 en=193
T L=grant from=fight to=advance why="released: fight stopped bidding" tick=938
time=2026-09-24T06:16:23.478+03:00 level=INFO msg=grant from=fight to=advance class=travel urgency=0.40 why="released: fight stopped bidding"
S 06:16:25 #939 ses=InGame mode=World ui=npcmenu+inventory cur=- hold=advance held=2.0s gate=- phase=- hp=127 mp=248 pos=5721,4661 en=142
S 06:16:27 #940 ses=InGame mode=World ui=npcmenu+inventory cur=- hold=advance held=3.8s gate=- phase=- hp=127 mp=248 pos=5721,4692 en=122
time=2026-09-24T06:16:27.293+03:00 level=WARN msg=PATHOLOGY kind=thrash detail="7 handovers/30s among 3 holders" cooling=advance for=8s
time=2026-09-24T06:16:27.293+03:00 level=INFO msg=outcome verb=escalate holder=advance tgt="" result=done ev="rung 2 (portal) for intent.56: watchdog thrash"
T L=grant from=advance to=- why="end: abandoned/judged: watchdog thrash; cool advance 8s" tick=940
T L=grant from=advance to=fight why="fresh: advance abandoned/judged: watchdog thrash; cool advance 8s" tick=941
time=2026-09-24T06:16:27.334+03:00 level=INFO msg=grant from=advance to=fight class=fight urgency=0.98 why="fresh: advance abandoned/judged: watchdog thrash; cool advance 8s"
S 06:16:28 #958 ses=InGame mode=World ui=npcmenu+inventory cur=- hold=fight held=1.0s gate=- phase=- hp=127 mp=248 pos=5721,4695 en=119
S 06:16:29 #971 ses=InGame mode=World ui=npcmenu+inventory cur=- hold=fight held=2.2s gate=- phase=- hp=127 mp=220 pos=5723,4696 en=116
S 06:16:30 #991 ses=InGame mode=World ui=npcmenu+inventory cur=- hold=fight held=3.2s gate=- phase=- hp=127 mp=205 pos=5725,4697 en=106
time=2026-09-24T06:16:30.985+03:00 level=INFO msg=status pos=(5723,4698) area=42 hp=127 mp=220 maxmana=35 lvl=26 gold=84459 weapon=melee arrows=-1 holder=fight
S 06:16:31 #1010 ses=InGame mode=World ui=npcmenu+inventory cur=- hold=fight held=4.2s gate=- phase=- hp=127 mp=220 pos=5721,4699 en=101
time=2026-09-24T06:16:32.317+03:00 level=WARN msg=PATHOLOGY kind=thrash detail="7 handovers/30s among 3 holders" cooling=fight for=8s
T L=grant from=fight to=- why="end: abandoned/judged: watchdog thrash; cool fight 8s" tick=1026
S 06:16:32 #1028 ses=InGame mode=World ui=npcmenu+inventory cur=- hold=- held=- gate=- phase=- hp=127 mp=248 pos=5726,4696 en=87
time=2026-09-24T06:16:32.794+03:00 level=INFO msg="screen: capture cost (Screenshot+Observe)" p50=36.2ms p99=53.7ms max=53.7ms n=165 perSec=2.7
T L=grant from=- to=fight why="fresh: no holder" tick=1032
time=2026-09-24T06:16:33.531+03:00 level=INFO msg=grant from="" to=fight class=fight urgency=0.98 why="fresh: no holder"
time=2026-09-24T06:16:33.532+03:00 level=INFO msg=outcome verb=fight holder=fight tgt="" result=refused ev="P-2.10 quarantine: target 4776 silent 1.2s at d=1 — retargeting"
S 06:16:33 #1034 ses=InGame mode=World ui=npcmenu+inventory cur=- hold=fight held=0.2s gate=- phase=- hp=127 mp=220 pos=5726,4696 en=81
S 06:16:34 #1054 ses=InGame mode=World ui=npcmenu+inventory cur=- hold=fight held=1.2s gate=- phase=- hp=127 mp=248 pos=5729,4699 en=74
T L=grant from=fight to=advance why="released: fight stopped bidding" tick=1065
time=2026-09-24T06:16:35.295+03:00 level=INFO msg=grant from=fight to=advance class=travel urgency=0.40 why="released: fight stopped bidding"
S 06:16:37 #1066 ses=InGame mode=World ui=npcmenu+inventory cur=- hold=advance held=1.9s gate=- phase=- hp=125 mp=248 pos=5725,4717 en=54
T L=grant from=advance to=imbibe why="preempt: loot > travel" tick=1066
time=2026-09-24T06:16:37.240+03:00 level=INFO msg=grant from=advance to=imbibe class=loot urgency=0.45 why="preempt: loot > travel"
S 06:16:38 #1067 ses=InGame mode=World ui=npcmenu+inventory cur=- hold=imbibe held=1.5s gate=- phase=- hp=126 mp=248 pos=5739,4703 en=54
T L=grant from=imbibe to=advance why="released: imbibe stopped bidding" tick=1067
time=2026-09-24T06:16:38.710+03:00 level=WARN msg=PATHOLOGY kind=thrash detail="7 handovers/30s among 3 holders" cooling=advance for=8s
time=2026-09-24T06:16:38.710+03:00 level=INFO msg=outcome verb=escalate holder=advance tgt="" result=done ev="rung 3 (fail-leg) for intent.56: watchdog thrash"
T L=grant from=advance to=- why="end: abandoned/judged: watchdog thrash; cool advance 8s" tick=1067
T L=grant from=advance to=fight why="fresh: advance abandoned/judged: watchdog thrash; cool advance 8s" tick=1068
time=2026-09-24T06:16:38.719+03:00 level=INFO msg=grant from=advance to=fight class=fight urgency=0.88 why="fresh: advance abandoned/judged: watchdog thrash; cool advance 8s"
time=2026-09-24T06:16:40.283+03:00 level=INFO msg=outcome verb=hoverstrike holder=fight tgt="unit=4798" result=whiff ev="no hover confirmation on target (aim=452,393 dTile=-6,0 seen=[1469/t4 1465/t4 4833/t1 4833/t1 4833/t1 4833/t1 1468/t4 1461/t4 1461/t4 1468/t4])"
S 06:16:40 #1069 ses=InGame mode=World ui=npcmenu+inventory cur=- hold=fight held=1.8s gate=- phase=- hp=127 mp=220 pos=5743,4696 en=53
time=2026-09-24T06:16:41.024+03:00 level=INFO msg=status pos=(5737,4696) area=42 hp=127 mp=220 maxmana=35 lvl=26 gold=84742 weapon=melee arrows=-1 holder=fight
S 06:16:41 #1086 ses=InGame mode=World ui=npcmenu+inventory cur=- hold=fight held=3.0s gate=- phase=- hp=127 mp=191 pos=5729,4697 en=50
S 06:16:42 #1106 ses=InGame mode=World ui=npcmenu+inventory cur=- hold=fight held=4.0s gate=- phase=- hp=127 mp=220 pos=5733,4694 en=39
S 06:16:43 #1126 ses=InGame mode=World ui=npcmenu+inventory cur=- hold=fight held=5.1s gate=- phase=- hp=127 mp=248 pos=5728,4689 en=35
time=2026-09-24T06:16:43.784+03:00 level=WARN msg=PATHOLOGY kind=thrash detail="7 handovers/30s among 3 holders" cooling=fight for=8s
T L=grant from=fight to=- why="end: abandoned/judged: watchdog thrash; cool fight 8s" tick=1126
T L=grant from=- to=fight why="fresh: no holder" tick=1131
time=2026-09-24T06:16:44.746+03:00 level=INFO msg=grant from="" to=fight class=fight urgency=0.98 why="fresh: no holder"
S 06:16:44 #1132 ses=InGame mode=World ui=npcmenu+inventory cur=- hold=fight held=0.1s gate=- phase=- hp=127 mp=220 pos=5728,4689 en=34
S 06:16:45 #1152 ses=InGame mode=World ui=npcmenu+inventory cur=- hold=fight held=1.1s gate=- phase=- hp=127 mp=248 pos=5727,4695 en=29
time=2026-09-24T06:16:47.185+03:00 level=INFO msg=outcome verb=hoverstrike holder=fight tgt="unit=4798" result=whiff ev="no hover confirmation on target (aim=926,374 dTile=4,-4 seen=[- - - - - - - - - -])"
S 06:16:47 #1153 ses=InGame mode=World ui=npcmenu+inventory cur=- hold=fight held=2.7s gate=- phase=- hp=127 mp=220 pos=5727,4695 en=27
T L=grant from=fight to=advance why="released: fight stopped bidding" tick=1153
time=2026-09-24T06:16:47.503+03:00 level=INFO msg=grant from=fight to=advance class=travel urgency=0.40 why="released: fight stopped bidding"
S 06:16:49 #1154 ses=InGame mode=World ui=npcmenu+inventory cur=- hold=advance held=1.8s gate=- phase=- hp=127 mp=231 pos=5728,4688 en=25
T L=grant from=advance to=imbibe why="preempt: loot > travel" tick=1154
time=2026-09-24T06:16:49.340+03:00 level=WARN msg=PATHOLOGY kind=thrash detail="8 handovers/30s among 3 holders" cooling=imbibe for=8s
T L=grant from=imbibe to=- why="end: abandoned/judged: watchdog thrash; cool imbibe 8s" tick=1154
T L=grant from=imbibe to=advance why="fresh: imbibe abandoned/judged: watchdog thrash; cool imbibe 8s" tick=1155
time=2026-09-24T06:16:49.390+03:00 level=INFO msg=grant from=imbibe to=advance class=travel urgency=0.40 why="fresh: imbibe abandoned/judged: watchdog thrash; cool imbibe 8s"
time=2026-09-24T06:16:51.200+03:00 level=INFO msg=status pos=(5728,4688) area=42 hp=127 mp=231 maxmana=35 lvl=26 gold=84742 weapon=melee arrows=-1 holder=advance
S 06:16:51 #1156 ses=InGame mode=World ui=npcmenu+inventory cur=- hold=advance held=3.7s gate=- phase=- hp=123 mp=237 pos=5730,4712 en=25
S 06:16:53 #1157 ses=InGame mode=World ui=npcmenu+inventory cur=- hold=advance held=5.5s gate=- phase=- hp=125 mp=245 pos=5729,4721 en=16
S 06:16:54 #1158 ses=InGame mode=World ui=npcmenu+inventory cur=- hold=advance held=7.3s gate=- phase=- hp=126 mp=248 pos=5703,4718 en=21
T L=grant from=advance to=fight why="preempt: fight > travel" tick=1158
time=2026-09-24T06:16:54.871+03:00 level=WARN msg=PATHOLOGY kind=thrash detail="9 handovers/30s among 3 holders" cooling=fight for=8s
T L=grant from=fight to=- why="end: abandoned/judged: watchdog thrash; cool fight 8s" tick=1158
T L=grant from=fight to=advance why="fresh: fight abandoned/judged: watchdog thrash; cool fight 8s" tick=1159
time=2026-09-24T06:16:54.908+03:00 level=INFO msg=grant from=fight to=advance class=travel urgency=0.40 why="fresh: fight abandoned/judged: watchdog thrash; cool fight 8s"
S 06:16:56 #1160 ses=InGame mode=World ui=npcmenu+inventory cur=- hold=advance held=9.2s gate=- phase=- hp=127 mp=248 pos=5672,4719 en=10
S 06:16:58 #1161 ses=InGame mode=World ui=npcmenu+inventory cur=- hold=advance held=11.0s gate=- phase=- hp=127 mp=248 pos=5698,4719 en=20
S 06:17:00 #1162 ses=InGame mode=World ui=npcmenu+inventory cur=- hold=advance held=12.9s gate=- phase=- hp=126 mp=248 pos=5699,4721 en=12
time=2026-09-24T06:17:00.443+03:00 level=WARN msg=PATHOLOGY kind=thrash detail="9 handovers/30s among 3 holders" cooling=advance for=8s
time=2026-09-24T06:17:00.443+03:00 level=INFO msg=outcome verb=escalate holder=advance tgt="" result=done ev="rung 3 (fail-leg) for intent.56: watchdog thrash"
T L=grant from=advance to=- why="end: abandoned/judged: watchdog thrash; cool advance 8s" tick=1162
time=2026-09-24T06:17:00.517+03:00 level=INFO msg="status: idle" pos=(5699,4721) area=42 hp=126 lvl=26
T L=grant from=- to=fight why="fresh: no holder" tick=1165
time=2026-09-24T06:17:00.958+03:00 level=INFO msg=grant from="" to=fight class=fight urgency=0.98 why="fresh: no holder"
T L=grant from=fight to=stand why="released: fight stopped bidding" tick=1172
time=2026-09-24T06:17:01.419+03:00 level=INFO msg=grant from=fight to=stand class=survive urgency=1.50 why="released: fight stopped bidding"
S 06:17:01 #1173 ses=InGame mode=World ui=npcmenu+inventory cur=- hold=stand held=0.3s gate=- phase=- hp=127 mp=242 pos=5699,4721 en=10
T L=grant from=stand to=fight why="released: stand stopped bidding" tick=1182
time=2026-09-24T06:17:02.273+03:00 level=INFO msg=grant from=stand to=fight class=fight urgency=0.86 why="released: stand stopped bidding"
time=2026-09-24T06:17:03.635+03:00 level=INFO msg=outcome verb=hoverstrike holder=fight tgt="unit=4880" result=whiff ev="no hover confirmation on target (aim=847,433 dTile=-3,-7 seen=[- - - - - - - - - -])"
S 06:17:03 #1183 ses=InGame mode=World ui=npcmenu+inventory cur=- hold=fight held=1.7s gate=- phase=- hp=127 mp=194 pos=5691,4713 en=13
T L=grant from=fight to=loot why="released: fight stopped bidding" tick=1183
time=2026-09-24T06:17:03.949+03:00 level=INFO msg=grant from=fight to=loot class=loot urgency=0.82 why="released: fight stopped bidding"
T L=nav act=loot from=noplan to=following why="route 4 legs 31 tiles (5691,4713)->(5697,4687)" tick=1183
S 06:17:05 #1187 ses=InGame mode=World ui=npcmenu+inventory cur=- hold=loot held=1.1s gate=- phase=- hp=127 mp=200 pos=5686,4706 en=13
S 06:17:06 #1190 ses=InGame mode=World ui=npcmenu+inventory cur=- hold=loot held=2.1s gate=- phase=- hp=127 mp=202 pos=5691,4692 en=13
T L=grant from=loot to=fight why="released: loot stopped bidding" tick=1190
time=2026-09-24T06:17:06.099+03:00 level=INFO msg=grant from=loot to=fight class=fight urgency=0.80 why="released: loot stopped bidding"
S 06:17:07 #1191 ses=InGame mode=World ui=npcmenu+inventory cur=- hold=fight held=1.4s gate=- phase=- hp=127 mp=182 pos=5696,4682 en=13
T L=grant from=fight to=loot why="released: fight stopped bidding" tick=1191
time=2026-09-24T06:17:07.463+03:00 level=INFO msg=grant from=fight to=loot class=loot urgency=0.90 why="released: fight stopped bidding"
time=2026-09-24T06:17:10.465+03:00 level=INFO msg=outcome verb=pickup holder=loot tgt="item=1373 type=330 qual=7" result=whiff ev="no hover confirmation on item (d=1 aim=749,411 seen=[- - - - 4969/t1 - - - - - - - - - - - - - - - - - - - -])"
S 06:17:10 #1193 ses=InGame mode=World ui=npcmenu+inventory cur=- hold=loot held=3.0s gate=- phase=- hp=127 mp=200 pos=5702,4700 en=12
T L=grant from=loot to=fight why="released: loot stopped bidding" tick=1193
time=2026-09-24T06:17:10.579+03:00 level=INFO msg=grant from=loot to=fight class=fight urgency=0.90 why="released: loot stopped bidding"
time=2026-09-24T06:17:10.919+03:00 level=INFO msg=status pos=(5702,4700) area=42 hp=127 mp=200 maxmana=35 lvl=26 gold=85384 weapon=melee arrows=-1 holder=fight
time=2026-09-24T06:17:12.288+03:00 level=INFO msg=outcome verb=hoverstrike holder=fight tgt="unit=4971" result=whiff ev="no hover confirmation on target (aim=768,393 dTile=6,-5 seen=[- - - - - - - - - -])"
S 06:17:12 #1195 ses=InGame mode=World ui=npcmenu+inventory cur=- hold=fight held=2.0s gate=- phase=- hp=127 mp=157 pos=5707,4694 en=11
T L=grant from=fight to=loot why="released: fight stopped bidding" tick=1195
time=2026-09-24T06:17:12.567+03:00 level=INFO msg=grant from=fight to=loot class=loot urgency=0.89 why="released: fight stopped bidding"
time=2026-09-24T06:17:12.567+03:00 level=INFO msg=outcome verb=loot holder=loot tgt="" result=blocked ev="no progress to item 1373 in 4s (stuck at d=10) — banned 60s"
T L=nav act=loot from=noplan to=following why="route 5 legs 36 tiles (5707,4694)->(5723,4699)" tick=1196
S 06:17:13 #1199 ses=InGame mode=World ui=npcmenu+inventory cur=- hold=loot held=1.2s gate=- phase=- hp=127 mp=160 pos=5706,4687 en=11
S 06:17:15 #1202 ses=InGame mode=World ui=npcmenu+inventory cur=- hold=loot held=2.4s gate=- phase=- hp=127 mp=168 pos=5720,4691 en=10
T L=grant from=loot to=fight why="released: loot stopped bidding" tick=1203
time=2026-09-24T06:17:15.478+03:00 level=INFO msg=grant from=loot to=fight class=fight urgency=0.82 why="released: loot stopped bidding"
time=2026-09-24T06:17:16.754+03:00 level=INFO msg=outcome verb=hoverstrike holder=fight tgt="unit=4754" result=whiff ev="no hover confirmation on target (aim=926,315 dTile=-9,9 seen=[- - - - - 1452/t4 1452/t4 - - -])"
S 06:17:16 #1204 ses=InGame mode=World ui=npcmenu+inventory cur=- hold=fight held=1.5s gate=- phase=- hp=127 mp=145 pos=5726,4707 en=13
time=2026-09-24T06:17:18.666+03:00 level=INFO msg=outcome verb=hoverstrike holder=fight tgt="unit=4855" result=whiff ev="no hover confirmation on target (aim=946,641 dTile=4,0 seen=[- - - 1474/t4 - - - - - -])"
S 06:17:18 #1213 ses=InGame mode=World ui=npcmenu+inventory cur=- hold=fight held=3.5s gate=- phase=- hp=127 mp=125 pos=5714,4704 en=10
T L=grant from=fight to=loot why="released: fight stopped bidding" tick=1213
time=2026-09-24T06:17:18.972+03:00 level=INFO msg=grant from=fight to=loot class=loot urgency=0.89 why="released: fight stopped bidding"
T L=grant from=loot to=fight why="released: loot stopped bidding" tick=1214
time=2026-09-24T06:17:19.288+03:00 level=INFO msg=grant from=loot to=fight class=fight urgency=0.92 why="released: loot stopped bidding"
time=2026-09-24T06:17:20.560+03:00 level=INFO msg=outcome verb=hoverstrike holder=fight tgt="unit=4855" result=whiff ev="no hover confirmation on target (aim=650,355 dTile=2,4 seen=[- - - - - - - - - -])"
S 06:17:20 #1215 ses=InGame mode=World ui=npcmenu+inventory cur=- hold=fight held=1.5s gate=- phase=- hp=127 mp=128 pos=5723,4704 en=12
time=2026-09-24T06:17:21.155+03:00 level=INFO msg=status pos=(5723,4704) area=42 hp=127 mp=128 maxmana=35 lvl=26 gold=85384 weapon=melee arrows=-1 holder=fight
T L=grant from=fight to=loot why="released: fight stopped bidding" tick=1218
time=2026-09-24T06:17:21.805+03:00 level=INFO msg=grant from=fight to=loot class=loot urgency=0.89 why="released: fight stopped bidding"
S 06:17:22 #1219 ses=InGame mode=World ui=npcmenu+inventory cur=- hold=loot held=0.5s gate=- phase=- hp=127 mp=105 pos=5724,4708 en=10
S 06:17:23 #1221 ses=InGame mode=World ui=npcmenu+inventory cur=- hold=loot held=1.6s gate=- phase=- hp=127 mp=108 pos=5723,4702 en=10
time=2026-09-24T06:17:24.966+03:00 level=INFO msg=outcome verb=pickup holder=loot tgt="item=1476 type=53 qual=7" result=deaf ev="item still on ground after click"
S 06:17:24 #1222 ses=InGame mode=World ui=npcmenu+inventory cur=- hold=loot held=3.2s gate=- phase=- hp=127 mp=114 pos=5721,4694 en=10
time=2026-09-24T06:17:28.195+03:00 level=INFO msg=outcome verb=pickup holder=loot tgt="item=1476 type=53 qual=7" result=whiff ev="no hover confirmation on item (d=1 aim=787,411 seen=[1460/t4 1460/t4 - - - - - - - - - - - - - - 1460/t4 - 1460/t4 - - 1460/t4 - 1460/t4])"
S 06:17:28 #1224 ses=InGame mode=World ui=npcmenu+inventory cur=- hold=loot held=6.4s gate=- phase=- hp=127 mp=128 pos=5726,4708 en=10
time=2026-09-24T06:17:28.237+03:00 level=WARN msg=PATHOLOGY kind=thrash detail="12 handovers/30s among 3 holders" cooling=loot for=8s
T L=grant from=loot to=- why="end: abandoned/judged: watchdog thrash; cool loot 8s" tick=1224
T L=grant from=loot to=imbibe why="fresh: loot abandoned/judged: watchdog thrash; cool loot 8s" tick=1225
time=2026-09-24T06:17:28.284+03:00 level=INFO msg=grant from=loot to=imbibe class=loot urgency=0.45 why="fresh: loot abandoned/judged: watchdog thrash; cool loot 8s"
time=2026-09-24T06:17:28.333+03:00 level=INFO msg=verdict activity=imbibe verdict=done
T L=grant from=imbibe to=- why="end: done/completed" tick=1226
T L=grant from=imbibe to=advance why="fresh: imbibe done/completed" tick=1227
time=2026-09-24T06:17:28.355+03:00 level=INFO msg=grant from=imbibe to=advance class=travel urgency=0.40 why="fresh: imbibe done/completed"
S 06:17:30 #1228 ses=InGame mode=World ui=npcmenu+inventory cur=- hold=advance held=1.9s gate=- phase=- hp=127 mp=137 pos=5724,4721 en=1
time=2026-09-24T06:17:32.074+03:00 level=INFO msg=status pos=(5724,4721) area=42 hp=127 mp=137 maxmana=35 lvl=26 gold=85384 weapon=melee arrows=-1 holder=advance
S 06:17:32 #1229 ses=InGame mode=World ui=npcmenu+inventory cur=- hold=advance held=3.7s gate=- phase=- hp=127 mp=142 pos=5699,4718 en=7
T L=ui from=world+npcmenu+inventory to=world+npcmenu+shop+inventory why="vendor empty grid" tick=1230 hold=advance
time=2026-09-24T06:17:33.966+03:00 level=INFO msg="screen: capture cost (Screenshot+Observe)" p50=33.4ms p99=46.3ms max=46.3ms n=82 perSec=1.3
S 06:17:33 #1230 ses=InGame mode=World ui=npcmenu+shop+inventory cur=- hold=advance held=5.6s gate=- phase=- hp=127 mp=151 pos=5695,4720 en=0
S 06:17:35 #1231 ses=InGame mode=World ui=npcmenu+shop+inventory cur=- hold=advance held=7.4s gate=- phase=- hp=127 mp=157 pos=5721,4720 en=1
S 06:17:37 #1232 ses=InGame mode=World ui=npcmenu+shop+inventory cur=- hold=advance held=9.3s gate=- phase=- hp=127 mp=165 pos=5697,4719 en=7
T L=grant from=advance to=loot why="preempt: loot > travel" tick=1232
time=2026-09-24T06:17:37.692+03:00 level=INFO msg=grant from=advance to=loot class=loot urgency=0.87 why="preempt: loot > travel"
time=2026-09-24T06:17:37.693+03:00 level=INFO msg=outcome verb=loot holder=loot tgt="" result=blocked ev="no progress to item 1476 in 4s (stuck at d=26) — banned 60s"
T L=grant from=loot to=advance why="released: loot stopped bidding" tick=1233
time=2026-09-24T06:17:37.698+03:00 level=INFO msg=grant from=loot to=advance class=travel urgency=0.40 why="released: loot stopped bidding"
T L=ui from=world+npcmenu+shop+inventory to=world+npcmenu+inventory why="shop gone" tick=1234 hold=advance
S 06:17:39 #1234 ses=InGame mode=World ui=npcmenu+inventory cur=- hold=advance held=11.1s gate=- phase=- hp=127 mp=174 pos=5666,4719 en=4
S 06:17:41 #1235 ses=InGame mode=World ui=npcmenu+inventory cur=- hold=advance held=12.9s gate=- phase=- hp=127 mp=180 pos=5692,4720 en=0
time=2026-09-24T06:17:43.125+03:00 level=INFO msg=status pos=(5692,4720) area=42 hp=127 mp=180 maxmana=35 lvl=26 gold=85384 weapon=melee arrows=-1 holder=advance
S 06:17:43 #1236 ses=InGame mode=World ui=npcmenu+inventory cur=- hold=advance held=14.8s gate=- phase=- hp=127 mp=185 pos=5667,4719 en=4
S 06:17:45 #1237 ses=InGame mode=World ui=npcmenu+inventory cur=- hold=advance held=16.7s gate=- phase=- hp=127 mp=194 pos=5693,4720 en=0
S 06:17:46 #1238 ses=InGame mode=World ui=npcmenu+inventory cur=- hold=advance held=18.6s gate=- phase=- hp=127 mp=202 pos=5669,4719 en=4
S 06:17:48 #1239 ses=InGame mode=World ui=npcmenu+inventory cur=- hold=advance held=20.4s gate=- phase=- hp=127 mp=208 pos=5695,4720 en=0
S 06:17:50 #1240 ses=InGame mode=World ui=npcmenu+inventory cur=- hold=advance held=22.3s gate=- phase=- hp=127 mp=217 pos=5724,4720 en=1
T L=grant from=advance to=loot why="preempt: loot > travel" tick=1240
time=2026-09-24T06:17:50.692+03:00 level=WARN msg=PATHOLOGY kind=thrash detail="6 handovers/30s among 3 holders" cooling=loot for=8s
T L=grant from=loot to=- why="end: abandoned/judged: watchdog thrash; cool loot 8s" tick=1240
T L=grant from=loot to=advance why="fresh: loot abandoned/judged: watchdog thrash; cool loot 8s" tick=1241
time=2026-09-24T06:17:50.695+03:00 level=INFO msg=grant from=loot to=advance class=travel urgency=0.40 why="fresh: loot abandoned/judged: watchdog thrash; cool loot 8s"
S 06:17:52 #1242 ses=InGame mode=World ui=npcmenu+inventory cur=- hold=advance held=24.2s gate=- phase=- hp=127 mp=222 pos=5699,4718 en=7
time=2026-09-24T06:17:54.370+03:00 level=INFO msg=status pos=(5699,4718) area=42 hp=127 mp=222 maxmana=35 lvl=26 gold=85384 weapon=melee arrows=-1 holder=advance
S 06:17:54 #1243 ses=InGame mode=World ui=npcmenu+inventory cur=- hold=advance held=26.0s gate=- phase=- hp=127 mp=228 pos=5696,4720 en=0
S 06:17:56 #1244 ses=InGame mode=World ui=npcmenu+inventory cur=- hold=advance held=27.9s gate=- phase=- hp=127 mp=240 pos=5669,4719 en=4
time=2026-09-24T06:17:56.228+03:00 level=WARN msg=PATHOLOGY kind=thrash detail="6 handovers/30s among 3 holders" cooling=advance for=8s
time=2026-09-24T06:17:56.228+03:00 level=INFO msg=outcome verb=escalate holder=advance tgt="" result=done ev="rung 3 (fail-leg) for intent.56: watchdog thrash"
T L=grant from=advance to=- why="end: abandoned/judged: watchdog thrash; cool advance 8s" tick=1244
S 06:17:57 #1250 ses=InGame mode=World ui=npcmenu+inventory cur=- hold=- held=- gate=- phase=- hp=127 mp=242 pos=5659,4720 en=0
S 06:17:58 #1255 ses=InGame mode=World ui=npcmenu+inventory cur=- hold=- held=- gate=- phase=- hp=127 mp=245 pos=5659,4720 en=0
S 06:17:59 #1260 ses=InGame mode=World ui=npcmenu+inventory cur=- hold=- held=- gate=- phase=- hp=127 mp=248 pos=5659,4720 en=0
time=2026-09-24T06:17:59.593+03:00 level=INFO msg="status: idle" pos=(5659,4720) area=42 hp=127 lvl=26
S 06:18:00 #1265 ses=InGame mode=World ui=npcmenu+inventory cur=- hold=- held=- gate=- phase=- hp=127 mp=248 pos=5659,4720 en=0
S 06:18:01 #1270 ses=InGame mode=World ui=npcmenu+inventory cur=- hold=- held=- gate=- phase=- hp=127 mp=248 pos=5659,4720 en=0
T L=grant from=- to=advance why="fresh: no holder" tick=1272
time=2026-09-24T06:18:02.260+03:00 level=INFO msg=grant from="" to=advance class=travel urgency=0.40 why="fresh: no holder"
S 06:18:04 #1273 ses=InGame mode=World ui=npcmenu+inventory cur=- hold=advance held=1.9s gate=- phase=- hp=127 mp=248 pos=5630,4718 en=7
S 06:18:06 #1274 ses=InGame mode=World ui=npcmenu+inventory cur=- hold=advance held=3.8s gate=- phase=- hp=127 mp=248 pos=5599,4720 en=5
S 06:18:07 #1275 ses=InGame mode=World ui=npcmenu+inventory cur=- hold=advance held=5.7s gate=- phase=- hp=127 mp=248 pos=5625,4718 en=7
time=2026-09-24T06:18:09.671+03:00 level=INFO msg=status pos=(5625,4718) area=42 hp=127 mp=248 maxmana=35 lvl=26 gold=85384 weapon=melee arrows=-1 holder=advance
T L=ui from=world+npcmenu+inventory to=world+npcmenu+shop+inventory why="vendor empty grid" tick=1276 hold=advance
S 06:18:09 #1276 ses=InGame mode=World ui=npcmenu+shop+inventory cur=- hold=advance held=7.4s gate=- phase=- hp=127 mp=248 pos=5600,4720 en=5
S 06:18:11 #1277 ses=InGame mode=World ui=npcmenu+shop+inventory cur=- hold=advance held=9.3s gate=- phase=- hp=127 mp=248 pos=5625,4718 en=7
S 06:18:13 #1278 ses=InGame mode=World ui=npcmenu+shop+inventory cur=- hold=advance held=11.2s gate=- phase=- hp=127 mp=248 pos=5599,4720 en=7
S 06:18:15 #1279 ses=InGame mode=World ui=npcmenu+shop+inventory cur=- hold=advance held=13.1s gate=- phase=- hp=127 mp=248 pos=5624,4718 en=7
S 06:18:17 #1280 ses=InGame mode=World ui=npcmenu+shop+inventory cur=- hold=advance held=14.9s gate=- phase=- hp=127 mp=248 pos=5600,4720 en=5
S 06:18:18 #1281 ses=InGame mode=World ui=npcmenu+shop+inventory cur=- hold=advance held=16.7s gate=- phase=- hp=127 mp=248 pos=5624,4718 en=7
time=2026-09-24T06:18:20.830+03:00 level=INFO msg=status pos=(5624,4718) area=42 hp=127 mp=248 maxmana=35 lvl=26 gold=85384 weapon=melee arrows=-1 holder=advance
S 06:18:20 #1282 ses=InGame mode=World ui=npcmenu+shop+inventory cur=- hold=advance held=18.6s gate=- phase=- hp=127 mp=248 pos=5598,4719 en=17
S 06:18:22 #1283 ses=InGame mode=World ui=npcmenu+shop+inventory cur=- hold=advance held=20.4s gate=- phase=- hp=127 mp=248 pos=5569,4720 en=7
S 06:18:24 #1284 ses=InGame mode=World ui=npcmenu+shop+inventory cur=- hold=advance held=22.2s gate=- phase=- hp=127 mp=248 pos=5539,4719 en=88
S 06:18:26 #1285 ses=InGame mode=World ui=npcmenu+shop+inventory cur=- hold=advance held=24.1s gate=- phase=- hp=127 mp=248 pos=5509,4719 en=251
S 06:18:28 #1286 ses=InGame mode=World ui=npcmenu+shop+inventory cur=- hold=advance held=25.9s gate=- phase=- hp=127 mp=248 pos=5533,4718 en=88
T L=grant from=advance to=fight why="preempt: fight > travel" tick=1286
time=2026-09-24T06:18:28.205+03:00 level=INFO msg=grant from=advance to=fight class=fight urgency=0.98 why="preempt: fight > travel"
S 06:18:29 #1289 ses=InGame mode=World ui=npcmenu+shop+inventory cur=- hold=fight held=1.2s gate=- phase=- hp=127 mp=220 pos=5531,4720 en=88
T L=ui from=world+npcmenu+shop+inventory to=world+npcmenu+inventory why="shop gone" tick=1293 hold=fight
time=2026-09-24T06:18:31.033+03:00 level=INFO msg=outcome verb=hoverstrike holder=fight tgt="unit=3617" result=whiff ev="no hover confirmation on target (aim=1164,355 dTile=5,-6 seen=[- - - - - - - - - -])"
time=2026-09-24T06:18:31.269+03:00 level=INFO msg=status pos=(5528,4720) area=42 hp=127 mp=248 maxmana=35 lvl=26 gold=85384 weapon=melee arrows=-1 holder=fight
S 06:18:31 #1301 ses=InGame mode=World ui=npcmenu+inventory cur=- hold=fight held=3.1s gate=- phase=- hp=127 mp=220 pos=5528,4720 en=5
time=2026-09-24T06:18:32.457+03:00 level=INFO msg=outcome verb=hoverstrike holder=fight tgt="unit=3617" result=whiff ev="no hover confirmation on target (aim=1262,443 dTile=9,-11 seen=[- - - - - - - - - -])"
S 06:18:32 #1302 ses=InGame mode=World ui=npcmenu+inventory cur=- hold=fight held=4.5s gate=- phase=- hp=127 mp=220 pos=5527,4711 en=86
T L=grant from=fight to=loot why="released: fight stopped bidding" tick=1302
time=2026-09-24T06:18:32.696+03:00 level=INFO msg=grant from=fight to=loot class=loot urgency=0.84 why="released: fight stopped bidding"
T L=nav act=loot from=noplan to=following why="route 2 legs 8 tiles (5527,4711)->(5532,4715)" tick=1302
T L=grant from=loot to=fight why="released: loot stopped bidding" tick=1304
time=2026-09-24T06:18:33.204+03:00 level=INFO msg=grant from=loot to=fight class=fight urgency=0.98 why="released: loot stopped bidding"
S 06:18:33 #1308 ses=InGame mode=World ui=npcmenu+inventory cur=- hold=fight held=0.5s gate=- phase=- hp=127 mp=191 pos=5534,4706 en=86
time=2026-09-24T06:18:34.024+03:00 level=INFO msg="screen: capture cost (Screenshot+Observe)" p50=30.4ms p99=38.5ms max=38.5ms n=37 perSec=0.6
S 06:18:35 #1311 ses=InGame mode=World ui=npcmenu+inventory cur=- hold=fight held=2.1s gate=- phase=- hp=127 mp=194 pos=5534,4690 en=86
S 06:18:36 #1316 ses=InGame mode=World ui=npcmenu+inventory cur=- hold=fight held=3.4s gate=- phase=- hp=127 mp=191 pos=5528,4695 en=85
T L=grant from=fight to=loot why="released: fight stopped bidding" tick=1321
time=2026-09-24T06:18:37.254+03:00 level=INFO msg=grant from=fight to=loot class=loot urgency=0.87 why="released: fight stopped bidding"
time=2026-09-24T06:18:37.254+03:00 level=INFO msg=outcome verb=loot holder=loot tgt="" result=blocked ev="no progress to item 1656 in 4s (stuck at d=28) — banned 60s"
T L=nav act=loot from=noplan to=following why="route 1 legs 7 tiles (5535,4687)->(5537,4694)" tick=1322
S 06:18:37 #1323 ses=InGame mode=World ui=npcmenu+inventory cur=- hold=loot held=0.5s gate=- phase=- hp=127 mp=225 pos=5536,4691 en=84
time=2026-09-24T06:18:39.334+03:00 level=INFO msg=outcome verb=pickup holder=loot tgt="item=1659 type=48 qual=7" result=deaf ev="item still on ground after click"
S 06:18:39 #1324 ses=InGame mode=World ui=npcmenu+inventory cur=- hold=loot held=2.1s gate=- phase=- hp=127 mp=228 pos=5537,4698 en=84
T L=grant from=loot to=fight why="released: loot stopped bidding" tick=1324
time=2026-09-24T06:18:39.400+03:00 level=INFO msg=grant from=loot to=fight class=fight urgency=0.80 why="released: loot stopped bidding"
T L=grant from=fight to=loot why="released: fight stopped bidding" tick=1325
time=2026-09-24T06:18:39.702+03:00 level=WARN msg=PATHOLOGY kind=thrash detail="6 handovers/30s among 2 holders" cooling=loot for=8s
T L=grant from=loot to=- why="end: abandoned/judged: watchdog thrash; cool loot 8s" tick=1325
T L=grant from=loot to=advance why="fresh: loot abandoned/judged: watchdog thrash; cool loot 8s" tick=1326
time=2026-09-24T06:18:39.762+03:00 level=INFO msg=grant from=loot to=advance class=travel urgency=0.40 why="fresh: loot abandoned/judged: watchdog thrash; cool loot 8s"
time=2026-09-24T06:18:41.501+03:00 level=INFO msg=status pos=(5537,4698) area=42 hp=127 mp=202 maxmana=35 lvl=26 gold=85384 weapon=melee arrows=-1 holder=advance
S 06:18:41 #1327 ses=InGame mode=World ui=npcmenu+inventory cur=- hold=advance held=27.7s gate=- phase=- hp=127 mp=240 pos=5543,4697 en=83
S 06:18:43 #1328 ses=InGame mode=World ui=npcmenu+inventory cur=- hold=advance held=29.6s gate=- phase=- hp=127 mp=245 pos=5539,4721 en=2
S 06:18:45 #1329 ses=InGame mode=World ui=npcmenu+inventory cur=- hold=advance held=31.4s gate=- phase=- hp=127 mp=248 pos=5511,4719 en=248
time=2026-09-24T06:18:45.246+03:00 level=WARN msg=PATHOLOGY kind=thrash detail="7 handovers/30s among 3 holders" cooling=advance for=8s
time=2026-09-24T06:18:45.246+03:00 level=INFO msg=outcome verb=escalate holder=advance tgt="" result=done ev="rung 3 (fail-leg) for intent.56: watchdog thrash"
T L=grant from=advance to=- why="end: abandoned/judged: watchdog thrash; cool advance 8s" tick=1329
S 06:18:46 #1335 ses=InGame mode=World ui=npcmenu+inventory cur=- hold=- held=- gate=- phase=- hp=127 mp=248 pos=5497,4718 en=248
T L=ui from=world+npcmenu+inventory to=world+npcmenu+shop+inventory why="vendor empty grid" tick=1336 hold=-
T L=grant from=- to=fight why="fresh: no holder" tick=1336
time=2026-09-24T06:18:46.705+03:00 level=INFO msg=grant from="" to=fight class=fight urgency=0.80 why="fresh: no holder"
S 06:18:47 #1337 ses=InGame mode=World ui=npcmenu+shop+inventory cur=- hold=fight held=0.7s gate=- phase=- hp=127 mp=220 pos=5497,4718 en=248
T L=ui from=world+npcmenu+shop+inventory to=world+npcmenu+inventory why="shop gone" tick=1353 hold=fight
T L=grant from=fight to=- why="released: fight stopped bidding" tick=1355
time=2026-09-24T06:18:48.201+03:00 level=INFO msg="status: idle" pos=(5493,4718) area=42 hp=127 lvl=26
S 06:18:48 #1356 ses=InGame mode=World ui=npcmenu+inventory cur=- hold=- held=- gate=- phase=- hp=127 mp=237 pos=5493,4718 en=247
S 06:18:49 #1361 ses=InGame mode=World ui=npcmenu+inventory cur=- hold=- held=- gate=- phase=- hp=127 mp=242 pos=5493,4718 en=247
time=2026-09-24T06:18:50.270+03:00 level=WARN msg=PATHOLOGY kind=thrash detail="8 handovers/30s among 3 holders" cooling=fight for=8s
S 06:18:50 #1367 ses=InGame mode=World ui=npcmenu+inventory cur=- hold=- held=- gate=- phase=- hp=127 mp=248 pos=5493,4718 en=247
T L=grant from=- to=advance why="fresh: no holder" tick=1370
time=2026-09-24T06:18:51.426+03:00 level=INFO msg=grant from="" to=advance class=travel urgency=0.40 why="fresh: no holder"
S 06:18:53 #1371 ses=InGame mode=World ui=npcmenu+inventory cur=- hold=advance held=1.8s gate=- phase=- hp=127 mp=248 pos=5469,4716 en=236
T L=grant from=advance to=fight why="preempt: fight > travel" tick=1371
time=2026-09-24T06:18:53.226+03:00 level=INFO msg=grant from=advance to=fight class=fight urgency=0.98 why="preempt: fight > travel"
T L=grant from=fight to=advance why="released: fight stopped bidding" tick=1372
time=2026-09-24T06:18:53.499+03:00 level=INFO msg=grant from=fight to=advance class=travel urgency=0.40 why="released: fight stopped bidding"
S 06:18:55 #1373 ses=InGame mode=World ui=npcmenu+inventory cur=- hold=advance held=3.6s gate=- phase=- hp=126 mp=248 pos=5484,4720 en=55
time=2026-09-24T06:18:55.304+03:00 level=WARN msg=PATHOLOGY kind=thrash detail="11 handovers/30s among 3 holders" cooling=advance for=8s
time=2026-09-24T06:18:55.305+03:00 level=INFO msg=outcome verb=escalate holder=advance tgt="" result=done ev="rung 3 (fail-leg) for intent.56: watchdog thrash"
T L=grant from=advance to=- why="end: abandoned/judged: watchdog thrash; cool advance 8s" tick=1373
time=2026-09-24T06:18:55.369+03:00 level=INFO msg="status: idle" pos=(5484,4720) area=42 hp=126 lvl=26
S 06:18:56 #1379 ses=InGame mode=World ui=npcmenu+inventory cur=- hold=- held=- gate=- phase=- hp=127 mp=248 pos=5490,4720 en=55
T L=grant from=- to=fight why="fresh: no holder" tick=1379
time=2026-09-24T06:18:56.495+03:00 level=INFO msg=grant from="" to=fight class=fight urgency=0.80 why="fresh: no holder"
time=2026-09-24T06:18:57.609+03:00 level=INFO msg=outcome verb=hoverstrike holder=fight tgt="unit=3813" result=whiff ev="no hover confirmation on target (aim=590,186 dTile=-15,-4 seen=[3843/t1 3843/t1 3843/t1 3843/t1 3843/t1 3843/t1 3843/t1 3843/t1 3843/t1 3843/t1])"
S 06:18:57 #1380 ses=InGame mode=World ui=npcmenu+inventory cur=- hold=fight held=1.4s gate=- phase=- hp=127 mp=220 pos=5490,4720 en=55
time=2026-09-24T06:18:59.059+03:00 level=INFO msg=outcome verb=hoverstrike holder=fight tgt="unit=3813" result=whiff ev="no hover confirmation on target (aim=768,473 dTile=-14,-5 seen=[3837/t1 3808/t1 3808/t1 3843/t1 3816/t1 3843/t1 3843/t1 3843/t1 3843/t1 3816/t1])"
S 06:18:59 #1381 ses=InGame mode=World ui=npcmenu+inventory cur=- hold=fight held=2.8s gate=- phase=- hp=126 mp=194 pos=5471,4710 en=225
S 06:19:00 #1400 ses=InGame mode=World ui=npcmenu+inventory cur=- hold=fight held=3.9s gate=- phase=- hp=127 mp=248 pos=5474,4713 en=216
time=2026-09-24T06:19:00.408+03:00 level=WARN msg=PATHOLOGY kind=thrash detail="11 handovers/30s among 3 holders" cooling=fight for=8s
T L=grant from=fight to=- why="end: abandoned/judged: watchdog thrash; cool fight 8s" tick=1400
time=2026-09-24T06:19:00.418+03:00 level=INFO msg="status: idle" pos=(5474,4713) area=42 hp=127 lvl=26
T L=grant from=- to=fight why="fresh: no holder" tick=1405
time=2026-09-24T06:19:01.372+03:00 level=INFO msg=grant from="" to=fight class=fight urgency=0.88 why="fresh: no holder"
S 06:19:02 #1406 ses=InGame mode=World ui=npcmenu+inventory cur=- hold=fight held=1.3s gate=- phase=- hp=127 mp=220 pos=5474,4713 en=215
T L=grant from=fight to=stand why="released: fight stopped bidding" tick=1409
time=2026-09-24T06:19:02.828+03:00 level=INFO msg=grant from=fight to=stand class=survive urgency=1.50 why="released: fight stopped bidding"
T L=grant from=stand to=fight why="released: stand stopped bidding" tick=1410
time=2026-09-24T06:19:03.041+03:00 level=INFO msg=grant from=stand to=fight class=fight urgency=0.98 why="released: stand stopped bidding"
T L=grant from=fight to=advance why="released: fight stopped bidding" tick=1416
time=2026-09-24T06:19:03.336+03:00 level=INFO msg=grant from=fight to=advance class=travel urgency=0.40 why="released: fight stopped bidding"
S 06:19:05 #1417 ses=InGame mode=World ui=npcmenu+inventory cur=- hold=advance held=1.8s gate=- phase=- hp=127 mp=248 pos=5466,4719 en=208
S 06:19:06 #1418 ses=InGame mode=World ui=npcmenu+inventory cur=- hold=advance held=3.6s gate=- phase=- hp=127 mp=248 pos=5440,4717 en=206
S 06:19:08 #1419 ses=InGame mode=World ui=npcmenu+inventory cur=- hold=advance held=5.4s gate=- phase=- hp=127 mp=248 pos=5437,4721 en=24
T L=grant from=advance to=fight why="preempt: fight > travel" tick=1419
time=2026-09-24T06:19:08.707+03:00 level=INFO msg=grant from=advance to=fight class=fight urgency=0.90 why="preempt: fight > travel"
S 06:19:09 #1421 ses=InGame mode=World ui=npcmenu+inventory cur=- hold=fight held=1.2s gate=- phase=- hp=127 mp=220 pos=5439,4720 en=24
time=2026-09-24T06:19:10.628+03:00 level=INFO msg=status pos=(5441,4719) area=42 hp=127 mp=220 maxmana=35 lvl=26 gold=85384 weapon=melee arrows=-1 holder=fight
S 06:19:10 #1432 ses=InGame mode=World ui=npcmenu+inventory cur=- hold=fight held=2.2s gate=- phase=- hp=127 mp=220 pos=5441,4715 en=203
time=2026-09-24T06:19:12.687+03:00 level=INFO msg=outcome verb=hoverstrike holder=fight tgt="unit=3819" result=whiff ev="no hover confirmation on target (aim=807,433 dTile=4,2 seen=[- - - - - - - - - -])"
S 06:19:12 #1444 ses=InGame mode=World ui=npcmenu+inventory cur=- hold=fight held=4.2s gate=- phase=- hp=127 mp=220 pos=5441,4710 en=197
time=2026-09-24T06:19:12.967+03:00 level=WARN msg=PATHOLOGY kind=thrash detail="9 handovers/30s among 3 holders" cooling=fight for=8s
T L=grant from=fight to=- why="end: abandoned/judged: watchdog thrash; cool fight 8s" tick=1444
T L=grant from=fight to=advance why="fresh: fight abandoned/judged: watchdog thrash; cool fight 8s" tick=1445
time=2026-09-24T06:19:12.994+03:00 level=INFO msg=grant from=fight to=advance class=travel urgency=0.40 why="fresh: fight abandoned/judged: watchdog thrash; cool fight 8s"
S 06:19:14 #1446 ses=InGame mode=World ui=npcmenu+inventory cur=- hold=advance held=7.2s gate=- phase=- hp=127 mp=248 pos=5441,4720 en=9
S 06:19:16 #1447 ses=InGame mode=World ui=npcmenu+inventory cur=- hold=advance held=8.9s gate=- phase=- hp=127 mp=248 pos=5436,4720 en=6
S 06:19:18 #1448 ses=InGame mode=World ui=npcmenu+inventory cur=- hold=advance held=10.8s gate=- phase=- hp=126 mp=248 pos=5461,4719 en=186
T L=grant from=advance to=loot why="preempt: loot > travel" tick=1448
time=2026-09-24T06:19:18.380+03:00 level=INFO msg=grant from=advance to=loot class=loot urgency=0.84 why="preempt: loot > travel"
T L=nav act=loot from=noplan to=following why="route 1 legs 7 tiles (5461,4719)->(5468,4719)" tick=1448
time=2026-09-24T06:19:21.306+03:00 level=INFO msg=outcome verb=pickup holder=loot tgt="item=1676 type=53 qual=7" result=whiff ev="no hover confirmation on item (d=3 aim=807,459 seen=[1665/t4 1664/t4 1669/t4 - - - - - - - - - - - - - - - - - - - 1667/t4 -])"
time=2026-09-24T06:19:21.306+03:00 level=INFO msg=status pos=(5465,4718) area=42 hp=126 mp=248 maxmana=35 lvl=26 gold=85720 weapon=melee arrows=-1 holder=loot
S 06:19:21 #1450 ses=InGame mode=World ui=npcmenu+inventory cur=- hold=loot held=3.0s gate=- phase=- hp=127 mp=248 pos=5478,4717 en=185
T L=grant from=loot to=fight why="released: loot stopped bidding" tick=1450
time=2026-09-24T06:19:21.396+03:00 level=INFO msg=grant from=loot to=fight class=fight urgency=0.98 why="released: loot stopped bidding"
T L=ui from=world+npcmenu+inventory to=world+npcmenu+shop+inventory why="vendor empty grid" tick=1452 hold=fight
T L=grant from=fight to=loot why="released: fight stopped bidding" tick=1456
time=2026-09-24T06:19:21.811+03:00 level=INFO msg=grant from=fight to=loot class=loot urgency=0.89 why="released: fight stopped bidding"
S 06:19:22 #1458 ses=InGame mode=World ui=npcmenu+shop+inventory cur=- hold=loot held=0.8s gate=- phase=- hp=127 mp=248 pos=5468,4718 en=183
time=2026-09-24T06:19:24.096+03:00 level=INFO msg=outcome verb=pickup holder=loot tgt="item=1676 type=53 qual=7" result=deaf ev="item still on ground after click"
S 06:19:24 #1459 ses=InGame mode=World ui=npcmenu+shop+inventory cur=- hold=loot held=2.3s gate=- phase=- hp=127 mp=248 pos=5463,4718 en=183
time=2026-09-24T06:19:26.019+03:00 level=INFO msg=outcome verb=pickup holder=loot tgt="item=1676 type=53 qual=7" result=deaf ev="item still on ground after click"
S 06:19:26 #1461 ses=InGame mode=World ui=npcmenu+shop+inventory cur=- hold=loot held=4.2s gate=- phase=- hp=127 mp=248 pos=5472,4719 en=183
T L=nav act=loot from=noplan to=following why="route 1 legs 13 tiles (5472,4719)->(5471,4706)" tick=1461
time=2026-09-24T06:19:28.537+03:00 level=INFO msg=outcome verb=pickup holder=loot tgt="item=1666 type=53 qual=7" result=deaf ev="item still on ground after click"
T L=ui from=world+npcmenu+shop+inventory to=world+npcmenu+inventory why="shop gone" tick=1465 hold=loot
S 06:19:28 #1465 ses=InGame mode=World ui=npcmenu+inventory cur=- hold=loot held=6.8s gate=- phase=- hp=127 mp=248 pos=5470,4701 en=183
T L=grant from=loot to=fight why="released: loot stopped bidding" tick=1465
time=2026-09-24T06:19:28.622+03:00 level=INFO msg=grant from=loot to=fight class=fight urgency=0.92 why="released: loot stopped bidding"
S 06:19:29 #1475 ses=InGame mode=World ui=npcmenu+inventory cur=- hold=fight held=1.0s gate=- phase=- hp=127 mp=220 pos=5465,4696 en=183
time=2026-09-24T06:19:30.990+03:00 level=INFO msg=outcome verb=hoverstrike holder=fight tgt="unit=3943" result=whiff ev="no hover confirmation on target (aim=906,365 dTile=3,-4 seen=[- - - - - - - - - -])"
S 06:19:31 #1478 ses=InGame mode=World ui=npcmenu+inventory cur=- hold=fight held=2.6s gate=- phase=- hp=127 mp=220 pos=5465,4696 en=181
time=2026-09-24T06:19:31.350+03:00 level=INFO msg=status pos=(5465,4695) area=42 hp=127 mp=220 maxmana=35 lvl=26 gold=85720 weapon=melee arrows=-1 holder=fight
S 06:19:32 #1487 ses=InGame mode=World ui=npcmenu+inventory cur=- hold=fight held=3.9s gate=- phase=- hp=127 mp=248 pos=5467,4693 en=178
S 06:19:33 #1507 ses=InGame mode=World ui=npcmenu+inventory cur=- hold=fight held=4.9s gate=- phase=- hp=127 mp=220 pos=5468,4695 en=177
time=2026-09-24T06:19:34.050+03:00 level=INFO msg="screen: capture cost (Screenshot+Observe)" p50=32.4ms p99=42.1ms max=42.1ms n=86 perSec=1.4
time=2026-09-24T06:19:35.437+03:00 level=INFO msg=outcome verb=hoverstrike holder=fight tgt="unit=3944" result=whiff ev="no hover confirmation on target (aim=807,315 dTile=-2,-4 seen=[3849/t1 3849/t1 3953/t1 3953/t1 3953/t1 3953/t1 3929/t1 3929/t1 3931/t1 3931/t1])"
S 06:19:35 #1523 ses=InGame mode=World ui=npcmenu+inventory cur=- hold=fight held=7.1s gate=- phase=- hp=127 mp=220 pos=5471,4698 en=174
time=2026-09-24T06:19:35.756+03:00 level=WARN msg=PATHOLOGY kind=thrash detail="6 handovers/30s among 3 holders" cooling=fight for=8s
T L=grant from=fight to=- why="end: abandoned/judged: watchdog thrash; cool fight 8s" tick=1523
T L=grant from=fight to=advance why="fresh: fight abandoned/judged: watchdog thrash; cool fight 8s" tick=1524
time=2026-09-24T06:19:35.759+03:00 level=INFO msg=grant from=fight to=advance class=travel urgency=0.40 why="fresh: fight abandoned/judged: watchdog thrash; cool fight 8s"
S 06:19:37 #1525 ses=InGame mode=World ui=npcmenu+inventory cur=- hold=advance held=12.6s gate=- phase=- hp=127 mp=248 pos=5466,4706 en=159
T L=grant from=advance to=loot why="preempt: loot > travel" tick=1525
time=2026-09-24T06:19:37.592+03:00 level=INFO msg=grant from=advance to=loot class=loot urgency=0.90 why="preempt: loot > travel"
time=2026-09-24T06:19:37.593+03:00 level=INFO msg=outcome verb=loot holder=loot tgt="" result=blocked ev="no progress to item 1666 in 4s (stuck at d=5) — banned 60s"
T L=grant from=loot to=advance why="released: loot stopped bidding" tick=1526
time=2026-09-24T06:19:37.605+03:00 level=INFO msg=grant from=loot to=advance class=travel urgency=0.40 why="released: loot stopped bidding"
S 06:19:39 #1527 ses=InGame mode=World ui=npcmenu+inventory cur=- hold=advance held=14.4s gate=- phase=- hp=127 mp=248 pos=5473,4720 en=3
S 06:19:41 #1528 ses=InGame mode=World ui=npcmenu+inventory cur=- hold=advance held=16.2s gate=- phase=- hp=127 mp=248 pos=5500,4719 en=167
time=2026-09-24T06:19:41.252+03:00 level=WARN msg=PATHOLOGY kind=thrash detail="8 handovers/30s among 3 holders" cooling=advance for=8s
time=2026-09-24T06:19:41.252+03:00 level=INFO msg=outcome verb=escalate holder=advance tgt="" result=done ev="rung 3 (fail-leg) for intent.56: watchdog thrash"
T L=grant from=advance to=- why="end: abandoned/judged: watchdog thrash; cool advance 8s" tick=1528
time=2026-09-24T06:19:41.317+03:00 level=INFO msg="status: idle" pos=(5501,4719) area=42 hp=127 lvl=26
T L=grant from=- to=loot why="fresh: no holder" tick=1530
time=2026-09-24T06:19:41.523+03:00 level=INFO msg=grant from="" to=loot class=loot urgency=0.82 why="fresh: no holder"
T L=nav act=loot from=noplan to=following why="route 1 legs 28 tiles (5504,4718)->(5532,4715)" tick=1530
S 06:19:42 #1532 ses=InGame mode=World ui=npcmenu+inventory cur=- hold=loot held=0.7s gate=- phase=- hp=127 mp=248 pos=5515,4716 en=167
T L=ui from=world+npcmenu+inventory to=world+npcmenu+shop+inventory why="vendor empty grid" tick=1533 hold=loot
time=2026-09-24T06:19:45.477+03:00 level=INFO msg=outcome verb=pickup holder=loot tgt="item=1707 type=48 qual=7" result=whiff ev="no hover confirmation on item (d=3 aim=827,449 seen=[- - - - - 3641/t1 3641/t1 489/t2 489/t2 489/t2 489/t2 489/t2 489/t2 489/t2 489/t2 489/t2 489/t2 489/t2 489/t2 489/t2 489/t2 489/t2 489/t2 489/t2])"
S 06:19:45 #1535 ses=InGame mode=World ui=npcmenu+shop+inventory cur=- hold=loot held=4.0s gate=- phase=- hp=126 mp=248 pos=5542,4713 en=85
T L=grant from=loot to=fight why="released: loot stopped bidding" tick=1535
time=2026-09-24T06:19:45.510+03:00 level=INFO msg=grant from=loot to=fight class=fight urgency=0.98 why="released: loot stopped bidding"
T L=ui from=world+npcmenu+shop+inventory to=world+npcmenu+inventory why="shop gone" tick=1537 hold=fight
time=2026-09-24T06:19:46.292+03:00 level=WARN msg=PATHOLOGY kind=thrash detail="9 handovers/30s among 3 holders" cooling=fight for=8s
T L=grant from=fight to=- why="end: abandoned/judged: watchdog thrash; cool fight 8s" tick=1548
time=2026-09-24T06:19:46.365+03:00 level=INFO msg="status: idle" pos=(5542,4713) area=42 hp=127 lvl=26
S 06:19:46 #1550 ses=InGame mode=World ui=npcmenu+inventory cur=- hold=- held=- gate=- phase=- hp=127 mp=245 pos=5542,4713 en=84
T L=grant from=- to=loot why="fresh: no holder" tick=1550
time=2026-09-24T06:19:46.569+03:00 level=INFO msg=grant from="" to=loot class=loot urgency=0.89 why="fresh: no holder"
T L=grant from=loot to=- why="released: loot stopped bidding" tick=1552
T L=grant from=- to=fight why="fresh: no holder" tick=1553
time=2026-09-24T06:19:47.458+03:00 level=INFO msg=grant from="" to=fight class=fight urgency=0.86 why="fresh: no holder"
S 06:19:47 #1554 ses=InGame mode=World ui=npcmenu+inventory cur=- hold=fight held=0.3s gate=- phase=- hp=127 mp=220 pos=5526,4715 en=84
time=2026-09-24T06:19:49.188+03:00 level=INFO msg=outcome verb=hoverstrike holder=fight tgt="unit=3908" result=whiff ev="no hover confirmation on target (aim=768,393 dTile=-3,-1 seen=[- - - - - - - - - -])"
S 06:19:49 #1556 ses=InGame mode=World ui=npcmenu+inventory cur=- hold=fight held=1.9s gate=- phase=- hp=127 mp=205 pos=5518,4712 en=165
T L=grant from=fight to=loot why="released: fight stopped bidding" tick=1556
time=2026-09-24T06:19:49.415+03:00 level=INFO msg=grant from=fight to=loot class=loot urgency=0.89 why="released: fight stopped bidding"
time=2026-09-24T06:19:49.415+03:00 level=INFO msg=outcome verb=loot holder=loot tgt="" result=blocked ev="no progress to item 1707 in 4s (stuck at d=14) — banned 60s"
T L=nav act=loot from=noplan to=following why="route 1 legs 26 tiles (5518,4712)->(5537,4694)" tick=1557
S 06:19:50 #1559 ses=InGame mode=World ui=npcmenu+inventory cur=- hold=loot held=1.0s gate=- phase=- hp=127 mp=208 pos=5520,4707 en=165
time=2026-09-24T06:19:51.332+03:00 level=WARN msg=PATHOLOGY kind=thrash detail="11 handovers/30s among 3 holders" cooling=loot for=8s
T L=grant from=loot to=- why="end: abandoned/judged: watchdog thrash; cool loot 8s" tick=1561
T L=grant from=loot to=advance why="fresh: loot abandoned/judged: watchdog thrash; cool loot 8s" tick=1562
time=2026-09-24T06:19:51.347+03:00 level=INFO msg=grant from=loot to=advance class=travel urgency=0.40 why="fresh: loot abandoned/judged: watchdog thrash; cool loot 8s"
S 06:19:53 #1563 ses=InGame mode=World ui=npcmenu+inventory cur=- hold=advance held=1.9s gate=- phase=- hp=127 mp=220 pos=5510,4714 en=165
S 06:19:55 #1564 ses=InGame mode=World ui=npcmenu+inventory cur=- hold=advance held=3.8s gate=- phase=- hp=127 mp=228 pos=5480,4720 en=1
time=2026-09-24T06:19:56.952+03:00 level=INFO msg=status pos=(5480,4720) area=42 hp=127 mp=228 maxmana=35 lvl=26 gold=85952 weapon=melee arrows=-1 holder=advance
T L=ui from=world+npcmenu+inventory to=world+npcmenu+shop+inventory why="vendor empty grid" tick=1565 hold=advance
S 06:19:56 #1565 ses=InGame mode=World ui=npcmenu+shop+inventory cur=- hold=advance held=5.6s gate=- phase=- hp=127 mp=234 pos=5451,4717 en=156
time=2026-09-24T06:19:57.015+03:00 level=WARN msg=PATHOLOGY kind=thrash detail="10 handovers/30s among 3 holders" cooling=advance for=8s
time=2026-09-24T06:19:57.015+03:00 level=INFO msg=outcome verb=escalate holder=advance tgt="" result=done ev="rung 3 (fail-leg) for intent.56: watchdog thrash"
T L=grant from=advance to=- why="end: abandoned/judged: watchdog thrash; cool advance 8s" tick=1565
T L=grant from=- to=loot why="fresh: no holder" tick=1568
time=2026-09-24T06:19:57.465+03:00 level=INFO msg=grant from="" to=loot class=loot urgency=0.82 why="fresh: no holder"
T L=nav act=loot from=noplan to=following why="route 2 legs 27 tiles (5442,4717)->(5468,4719)" tick=1568
S 06:19:58 #1570 ses=InGame mode=World ui=npcmenu+shop+inventory cur=- hold=loot held=0.8s gate=- phase=- hp=127 mp=240 pos=5453,4716 en=156
T L=grant from=loot to=fight why="released: loot stopped bidding" tick=1572
time=2026-09-24T06:19:59.020+03:00 level=INFO msg=grant from=loot to=fight class=fight urgency=0.80 why="released: loot stopped bidding"
S 06:19:59 #1573 ses=InGame mode=World ui=npcmenu+shop+inventory cur=- hold=fight held=0.6s gate=- phase=- hp=127 mp=217 pos=5473,4716 en=156
time=2026-09-24T06:20:01.419+03:00 level=INFO msg=outcome verb=hoverstrike holder=fight tgt="unit=3875" result=whiff ev="no hover confirmation on target (aim=650,355 dTile=-4,2 seen=[- - - - - - - 1717/t4 1717/t4 1717/t4])"
S 06:20:01 #1580 ses=InGame mode=World ui=npcmenu+shop+inventory cur=- hold=fight held=2.7s gate=- phase=- hp=127 mp=200 pos=5480,4714 en=164
T L=grant from=fight to=loot why="released: fight stopped bidding" tick=1580
time=2026-09-24T06:20:01.705+03:00 level=INFO msg=grant from=fight to=loot class=loot urgency=0.89 why="released: fight stopped bidding"
T L=nav act=loot from=following to=noplan why="diverged 13.0 tiles off path at (5480,4714)" tick=1580
T L=nav act=loot from=noplan to=following why="route 2 legs 13 tiles (5480,4714)->(5468,4719)" tick=1580
time=2026-09-24T06:20:02.295+03:00 level=WARN msg=PATHOLOGY kind=thrash detail="12 handovers/30s among 3 holders" cooling=loot for=8s
T L=grant from=loot to=- why="end: abandoned/judged: watchdog thrash; cool loot 8s" tick=1582
time=2026-09-24T06:20:02.300+03:00 level=INFO msg="status: idle" pos=(5473,4713) area=42 hp=127 lvl=26
T L=ui from=world+npcmenu+shop+inventory to=world+npcmenu+inventory why="shop gone" tick=1584 hold=-
S 06:20:02 #1585 ses=InGame mode=World ui=npcmenu+inventory cur=- hold=- held=- gate=- phase=- hp=127 mp=208 pos=5473,4713 en=155
T L=grant from=- to=loot why="fresh: no holder" tick=1587
time=2026-09-24T06:20:03.236+03:00 level=INFO msg=grant from="" to=loot class=loot urgency=0.89 why="fresh: no holder"
S 06:20:03 #1589 ses=InGame mode=World ui=npcmenu+inventory cur=- hold=loot held=0.6s gate=- phase=- hp=127 mp=211 pos=5466,4717 en=155
time=2026-09-24T06:20:05.426+03:00 level=INFO msg=outcome verb=pickup holder=loot tgt="item=1729 type=53 qual=7" result=deaf ev="item still on ground after click"
S 06:20:05 #1590 ses=InGame mode=World ui=npcmenu+inventory cur=- hold=loot held=2.2s gate=- phase=- hp=127 mp=217 pos=5466,4719 en=155
T L=grant from=loot to=advance why="released: loot stopped bidding" tick=1590
time=2026-09-24T06:20:05.482+03:00 level=INFO msg=grant from=loot to=advance class=travel urgency=0.40 why="released: loot stopped bidding"
S 06:20:07 #1591 ses=InGame mode=World ui=npcmenu+inventory cur=- hold=advance held=1.8s gate=- phase=- hp=127 mp=222 pos=5440,4717 en=155
time=2026-09-24T06:20:07.329+03:00 level=WARN msg=PATHOLOGY kind=thrash detail="12 handovers/30s among 3 holders" cooling=advance for=8s
time=2026-09-24T06:20:07.329+03:00 level=INFO msg=outcome verb=escalate holder=advance tgt="" result=done ev="rung 3 (fail-leg) for intent.56: watchdog thrash"
T L=grant from=advance to=- why="end: abandoned/judged: watchdog thrash; cool advance 8s" tick=1591
T L=ui from=world+npcmenu+inventory to=world+npcmenu+shop+inventory why="vendor empty grid" tick=1592 hold=-
time=2026-09-24T06:20:07.367+03:00 level=INFO msg="status: idle" pos=(5440,4717) area=42 hp=127 lvl=26
S 06:20:08 #1597 ses=InGame mode=World ui=npcmenu+shop+inventory cur=- hold=- held=- gate=- phase=- hp=127 mp=228 pos=5433,4716 en=85
S 06:20:09 #1602 ses=InGame mode=World ui=npcmenu+shop+inventory cur=- hold=- held=- gate=- phase=- hp=127 mp=231 pos=5433,4716 en=85
S 06:20:10 #1607 ses=InGame mode=World ui=npcmenu+shop+inventory cur=- hold=- held=- gate=- phase=- hp=127 mp=237 pos=5433,4716 en=85
S 06:20:11 #1612 ses=InGame mode=World ui=npcmenu+shop+inventory cur=- hold=- held=- gate=- phase=- hp=127 mp=242 pos=5433,4716 en=85
time=2026-09-24T06:20:12.445+03:00 level=WARN msg=PATHOLOGY kind=thrash detail="9 handovers/30s among 3 holders" cooling=advance for=8s
time=2026-09-24T06:20:12.446+03:00 level=INFO msg=outcome verb=escalate holder=advance tgt="" result=done ev="rung 3 (fail-leg) for intent.56: watchdog thrash"
time=2026-09-24T06:20:12.515+03:00 level=INFO msg="status: idle" pos=(5433,4716) area=42 hp=127 lvl=26
S 06:20:12 #1618 ses=InGame mode=World ui=npcmenu+shop+inventory cur=- hold=- held=- gate=- phase=- hp=127 mp=245 pos=5433,4716 en=85
S 06:20:14 #1623 ses=InGame mode=World ui=npcmenu+shop+inventory cur=- hold=- held=- gate=- phase=- hp=127 mp=248 pos=5433,4716 en=85
S 06:20:15 #1628 ses=InGame mode=World ui=npcmenu+shop+inventory cur=- hold=- held=- gate=- phase=- hp=127 mp=248 pos=5433,4716 en=85
S 06:20:16 #1633 ses=InGame mode=World ui=npcmenu+shop+inventory cur=- hold=- held=- gate=- phase=- hp=127 mp=248 pos=5433,4716 en=85
S 06:20:17 #1638 ses=InGame mode=World ui=npcmenu+shop+inventory cur=- hold=- held=- gate=- phase=- hp=127 mp=248 pos=5433,4716 en=85
time=2026-09-24T06:20:17.634+03:00 level=WARN msg=PATHOLOGY kind=thrash detail="6 handovers/30s among 3 holders" cooling=advance for=8s
time=2026-09-24T06:20:17.635+03:00 level=INFO msg=outcome verb=escalate holder=advance tgt="" result=done ev="rung 3 (fail-leg) for intent.56: watchdog thrash"
time=2026-09-24T06:20:17.701+03:00 level=INFO msg="status: idle" pos=(5433,4716) area=42 hp=127 lvl=26
S 06:20:18 #1644 ses=InGame mode=World ui=npcmenu+shop+inventory cur=- hold=- held=- gate=- phase=- hp=127 mp=248 pos=5433,4716 en=85
time=2026-09-24T06:20:19.450+03:00 level=WARN msg="idle breaker: services cooled 90s — the march reclaims the wheel"
S 06:20:19 #1649 ses=InGame mode=World ui=npcmenu+shop+inventory cur=- hold=- held=- gate=- phase=- hp=127 mp=248 pos=5433,4716 en=85
S 06:20:20 #1654 ses=InGame mode=World ui=npcmenu+shop+inventory cur=- hold=- held=- gate=- phase=- hp=127 mp=248 pos=5433,4716 en=85
S 06:20:21 #1659 ses=InGame mode=World ui=npcmenu+shop+inventory cur=- hold=- held=- gate=- phase=- hp=127 mp=248 pos=5433,4716 en=85
time=2026-09-24T06:20:22.759+03:00 level=INFO msg="status: idle" pos=(5433,4716) area=42 hp=127 lvl=26
S 06:20:22 #1664 ses=InGame mode=World ui=npcmenu+shop+inventory cur=- hold=- held=- gate=- phase=- hp=127 mp=248 pos=5433,4716 en=85
T L=grant from=- to=advance why="fresh: no holder" tick=1667
time=2026-09-24T06:20:23.660+03:00 level=INFO msg=grant from="" to=advance class=travel urgency=0.40 why="fresh: no holder"
S 06:20:25 #1668 ses=InGame mode=World ui=npcmenu+shop+inventory cur=- hold=advance held=1.9s gate=- phase=- hp=127 mp=248 pos=5438,4722 en=0
T L=grant from=advance to=loot why="released: advance stopped bidding" tick=1668
time=2026-09-24T06:20:25.537+03:00 level=INFO msg=grant from=advance to=loot class=loot urgency=0.87 why="released: advance stopped bidding"
time=2026-09-24T06:20:25.537+03:00 level=INFO msg=outcome verb=loot holder=loot tgt="" result=blocked ev="no progress to item 1729 in 4s (stuck at d=30) — banned 60s"
T L=grant from=loot to=advance why="released: loot stopped bidding" tick=1669
time=2026-09-24T06:20:25.541+03:00 level=INFO msg=grant from=loot to=advance class=travel urgency=0.40 why="released: loot stopped bidding"
S 06:20:27 #1670 ses=InGame mode=World ui=npcmenu+shop+inventory cur=- hold=advance held=1.9s gate=- phase=- hp=127 mp=248 pos=5434,4715 en=85
S 06:20:29 #1671 ses=InGame mode=World ui=npcmenu+shop+inventory cur=- hold=advance held=3.7s gate=- phase=- hp=127 mp=248 pos=5433,4718 en=85
S 06:20:31 #1672 ses=InGame mode=World ui=npcmenu+shop+inventory cur=- hold=advance held=5.6s gate=- phase=- hp=127 mp=248 pos=5460,4719 en=155
T L=grant from=advance to=loot why="preempt: loot > travel" tick=1672
time=2026-09-24T06:20:31.157+03:00 level=INFO msg=grant from=advance to=loot class=loot urgency=0.84 why="preempt: loot > travel"
T L=nav act=loot from=noplan to=following why="route 1 legs 16 tiles (5461,4719)->(5471,4706)" tick=1672
time=2026-09-24T06:20:33.460+03:00 level=INFO msg=outcome verb=pickup holder=loot tgt="item=1721 type=53 qual=7" result=deaf ev="item still on ground after click"
time=2026-09-24T06:20:33.460+03:00 level=INFO msg=status pos=(5468,4709) area=42 hp=127 mp=248 maxmana=35 lvl=26 gold=85952 weapon=melee arrows=-1 holder=loot
T L=ui from=world+npcmenu+shop+inventory to=world+npcmenu+inventory why="shop gone" tick=1676 hold=loot
S 06:20:33 #1676 ses=InGame mode=World ui=npcmenu+inventory cur=- hold=loot held=2.3s gate=- phase=- hp=127 mp=248 pos=5473,4701 en=155
time=2026-09-24T06:20:35.418+03:00 level=INFO msg=outcome verb=pickup holder=loot tgt="item=1721 type=53 qual=7" result=deaf ev="item still on ground after click"
time=2026-09-24T06:20:35.454+03:00 level=INFO msg="screen: capture cost (Screenshot+Observe)" p50=31.2ms p99=43.3ms max=43.3ms n=77 perSec=1.3
S 06:20:35 #1678 ses=InGame mode=World ui=npcmenu+inventory cur=- hold=loot held=4.3s gate=- phase=- hp=127 mp=248 pos=5468,4709 en=155
T L=grant from=loot to=advance why="released: loot stopped bidding" tick=1679
time=2026-09-24T06:20:36.295+03:00 level=INFO msg=grant from=loot to=advance class=travel urgency=0.40 why="released: loot stopped bidding"
S 06:20:38 #1680 ses=InGame mode=World ui=npcmenu+inventory cur=- hold=advance held=7.5s gate=- phase=- hp=127 mp=248 pos=5451,4686 en=155
S 06:20:39 #1681 ses=InGame mode=World ui=npcmenu+inventory cur=- hold=advance held=9.2s gate=- phase=- hp=127 mp=248 pos=5431,4673 en=162
T L=grant from=advance to=fight why="preempt: fight > travel" tick=1681
time=2026-09-24T06:20:39.949+03:00 level=INFO msg=grant from=advance to=fight class=fight urgency=0.90 why="preempt: fight > travel"
S 06:20:40 #1690 ses=InGame mode=World ui=npcmenu+inventory cur=- hold=fight held=1.0s gate=- phase=- hp=127 mp=220 pos=5435,4678 en=162
S 06:20:42 #1701 ses=InGame mode=World ui=npcmenu+inventory cur=- hold=fight held=2.4s gate=- phase=- hp=127 mp=220 pos=5436,4675 en=159
S 06:20:43 #1723 ses=InGame mode=World ui=npcmenu+inventory cur=- hold=fight held=3.4s gate=- phase=- hp=127 mp=220 pos=5434,4672 en=156
time=2026-09-24T06:20:43.505+03:00 level=INFO msg=status pos=(5434,4672) area=42 hp=127 mp=220 maxmana=35 lvl=26 gold=85952 weapon=melee arrows=-1 holder=fight
S 06:20:44 #1743 ses=InGame mode=World ui=npcmenu+inventory cur=- hold=fight held=4.4s gate=- phase=- hp=127 mp=220 pos=5434,4672 en=146
S 06:20:45 #1762 ses=InGame mode=World ui=npcmenu+inventory cur=- hold=fight held=5.7s gate=- phase=- hp=127 mp=220 pos=5437,4665 en=142
S 06:20:46 #1776 ses=InGame mode=World ui=npcmenu+inventory cur=- hold=fight held=6.7s gate=- phase=- hp=127 mp=248 pos=5437,4669 en=135
S 06:20:47 #1799 ses=InGame mode=World ui=npcmenu+inventory cur=- hold=fight held=7.8s gate=- phase=- hp=127 mp=220 pos=5440,4662 en=288
S 06:20:48 #1820 ses=InGame mode=World ui=npcmenu+inventory cur=- hold=fight held=8.9s gate=- phase=- hp=127 mp=220 pos=5440,4660 en=282
S 06:20:49 #1840 ses=InGame mode=World ui=npcmenu+inventory cur=- hold=fight held=9.9s gate=- phase=- hp=127 mp=220 pos=5440,4661 en=279
time=2026-09-24T06:20:51.596+03:00 level=INFO msg=outcome verb=hoverstrike holder=fight tgt="unit=3899" result=whiff ev="no hover confirmation on target (aim=926,355 dTile=3,-5 seen=[3893/t1 3864/t1 - 3864/t1 3864/t1 - 3864/t1 5330/t1 5330/t1 3922/t1])"
S 06:20:51 #1850 ses=InGame mode=World ui=npcmenu+inventory cur=- hold=fight held=11.9s gate=- phase=- hp=126 mp=220 pos=5440,4663 en=274
S 06:20:52 #1870 ses=InGame mode=World ui=npcmenu+inventory cur=- hold=fight held=12.9s gate=- phase=- hp=125 mp=220 pos=5443,4659 en=269
time=2026-09-24T06:20:53.509+03:00 level=INFO msg=status pos=(5442,4660) area=42 hp=126 mp=220 maxmana=35 lvl=26 gold=85952 weapon=melee arrows=-1 holder=fight
T L=grant from=fight to=stand why="preempt: survive > fight" tick=1885
time=2026-09-24T06:20:53.573+03:00 level=INFO msg=grant from=fight to=stand class=survive urgency=1.50 why="preempt: survive > fight"
T L=grant from=stand to=fight why="released: stand stopped bidding" tick=1886
time=2026-09-24T06:20:53.824+03:00 level=INFO msg=grant from=stand to=fight class=fight urgency=0.98 why="released: stand stopped bidding"
S 06:20:53 #1887 ses=InGame mode=World ui=npcmenu+inventory cur=- hold=fight held=13.7s gate=- phase=- hp=127 mp=220 pos=5439,4663 en=267
time=2026-09-24T06:20:56.255+03:00 level=INFO msg=outcome verb=hoverstrike holder=fight tgt="unit=3915" result=whiff ev="no hover confirmation on target (aim=1104,285 dTile=1,-4 seen=[3895/t1 3895/t1 - - 3895/t1 3895/t1 3898/t1 3898/t1 3898/t1 -])"
S 06:20:56 #1892 ses=InGame mode=World ui=npcmenu+inventory cur=- hold=fight held=16.3s gate=- phase=- hp=124 mp=220 pos=5445,4666 en=259
S 06:20:57 #1900 ses=InGame mode=World ui=npcmenu+inventory cur=- hold=fight held=17.5s gate=- phase=- hp=125 mp=191 pos=5443,4659 en=257
S 06:20:58 #1907 ses=InGame mode=World ui=npcmenu+inventory cur=- hold=fight held=18.8s gate=- phase=- hp=127 mp=211 pos=5448,4663 en=254
S 06:20:59 #1922 ses=InGame mode=World ui=npcmenu+inventory cur=- hold=fight held=19.8s gate=- phase=- hp=126 mp=220 pos=5453,4661 en=250
S 06:21:01 #1942 ses=InGame mode=World ui=npcmenu+inventory cur=- hold=fight held=20.8s gate=- phase=- hp=127 mp=248 pos=5456,4658 en=245
S 06:21:02 #1960 ses=InGame mode=World ui=npcmenu+inventory cur=- hold=fight held=21.9s gate=- phase=- hp=126 mp=220 pos=5460,4656 en=240
S 06:21:03 #1981 ses=InGame mode=World ui=npcmenu+inventory cur=- hold=fight held=22.9s gate=- phase=- hp=127 mp=234 pos=5464,4660 en=231
time=2026-09-24T06:21:03.516+03:00 level=INFO msg=status pos=(5464,4660) area=42 hp=127 mp=220 maxmana=35 lvl=26 gold=85952 weapon=melee arrows=-1 holder=fight
S 06:21:04 #1997 ses=InGame mode=World ui=npcmenu+inventory cur=- hold=fight held=23.9s gate=- phase=- hp=127 mp=220 pos=5460,4655 en=225
S 06:21:05 #2018 ses=InGame mode=World ui=npcmenu+inventory cur=- hold=fight held=24.9s gate=- phase=- hp=127 mp=220 pos=5461,4655 en=220
S 06:21:06 #2036 ses=InGame mode=World ui=npcmenu+inventory cur=- hold=fight held=26.0s gate=- phase=- hp=127 mp=220 pos=5464,4657 en=213
S 06:21:07 #2057 ses=InGame mode=World ui=npcmenu+inventory cur=- hold=fight held=27.0s gate=- phase=- hp=127 mp=220 pos=5463,4654 en=205
time=2026-09-24T06:21:09.795+03:00 level=INFO msg=outcome verb=hoverstrike holder=fight tgt="unit=5343" result=whiff ev="no hover confirmation on target (aim=709,522 dTile=3,4 seen=[1797/t4 - - - 1802/t4 1802/t4 - - - -])"
T L=ui from=world+npcmenu+inventory to=world+npcmenu+shop+inventory why="vendor empty grid" tick=2077 hold=fight
S 06:21:10 #2077 ses=InGame mode=World ui=npcmenu+shop+inventory cur=- hold=fight held=29.9s gate=- phase=- hp=127 mp=220 pos=5458,4652 en=202
T L=ui from=world+npcmenu+shop+inventory to=world+npcmenu+inventory why="shop gone" tick=2088 hold=fight
S 06:21:11 #2094 ses=InGame mode=World ui=npcmenu+inventory cur=- hold=fight held=31.0s gate=- phase=- hp=127 mp=191 pos=5460,4654 en=195
T L=grant from=fight to=stand why="preempt: survive > fight" tick=2094
time=2026-09-24T06:21:11.156+03:00 level=INFO msg=grant from=fight to=stand class=survive urgency=1.50 why="preempt: survive > fight"
T L=grant from=stand to=fight why="released: stand stopped bidding" tick=2098
time=2026-09-24T06:21:11.537+03:00 level=INFO msg=grant from=stand to=fight class=fight urgency=0.98 why="released: stand stopped bidding"
S 06:21:12 #2109 ses=InGame mode=World ui=npcmenu+inventory cur=- hold=fight held=31.9s gate=- phase=- hp=127 mp=220 pos=5456,4650 en=188
time=2026-09-24T06:21:13.525+03:00 level=INFO msg=status pos=(5459,4644) area=42 hp=127 mp=220 maxmana=35 lvl=26 gold=85952 weapon=melee arrows=-1 holder=fight
S 06:21:13 #2126 ses=InGame mode=World ui=npcmenu+inventory cur=- hold=fight held=33.0s gate=- phase=- hp=127 mp=191 pos=5459,4644 en=185
time=2026-09-24T06:21:15.909+03:00 level=INFO msg=outcome verb=hoverstrike holder=fight tgt="unit=3914" result=whiff ev="no hover confirmation on target (aim=847,492 dTile=8,4 seen=[3762/t1 3762/t1 3772/t1 3772/t1 3772/t1 3772/t1 3761/t1 3772/t1 3772/t1 3772/t1])"
S 06:21:16 #2128 ses=InGame mode=World ui=npcmenu+inventory cur=- hold=fight held=35.6s gate=- phase=- hp=127 mp=220 pos=5453,4645 en=184
S 06:21:17 #2146 ses=InGame mode=World ui=npcmenu+inventory cur=- hold=fight held=36.6s gate=- phase=- hp=127 mp=220 pos=5458,4645 en=178
S 06:21:18 #2149 ses=InGame mode=World ui=npcmenu+inventory cur=- hold=fight held=37.7s gate=- phase=- hp=127 mp=191 pos=5457,4639 en=346
time=2026-09-24T06:21:19.614+03:00 level=INFO msg=outcome verb=hoverstrike holder=fight tgt="unit=5333" result=whiff ev="no hover confirmation on target (aim=729,393 dTile=-4,6 seen=[- - - - - - - - - -])"
S 06:21:19 #2150 ses=InGame mode=World ui=npcmenu+inventory cur=- hold=fight held=39.3s gate=- phase=- hp=127 mp=220 pos=5453,4643 en=171
time=2026-09-24T06:21:22.114+03:00 level=INFO msg=outcome verb=hoverstrike holder=fight tgt="unit=3914" result=whiff ev="no hover confirmation on target (aim=807,532 dTile=2,-7 seen=[- - - - - - - 4176/t1 4176/t1 4176/t1])"
S 06:21:22 #2153 ses=InGame mode=World ui=npcmenu+inventory cur=- hold=fight held=41.8s gate=- phase=- hp=127 mp=220 pos=5449,4632 en=340
S 06:21:23 #2165 ses=InGame mode=World ui=npcmenu+inventory cur=- hold=fight held=42.8s gate=- phase=- hp=127 mp=220 pos=5449,4634 en=338
time=2026-09-24T06:21:23.723+03:00 level=INFO msg=status pos=(5449,4634) area=42 hp=127 mp=220 maxmana=35 lvl=26 gold=85952 weapon=melee arrows=-1 holder=fight
S 06:21:24 #2175 ses=InGame mode=World ui=npcmenu+inventory cur=- hold=fight held=43.9s gate=- phase=- hp=127 mp=220 pos=5451,4630 en=338
S 06:21:25 #2177 ses=InGame mode=World ui=npcmenu+inventory cur=- hold=fight held=44.9s gate=- phase=- hp=127 mp=248 pos=5449,4631 en=335
time=2026-09-24T06:21:27.245+03:00 level=INFO msg=outcome verb=hoverstrike holder=fight tgt="unit=5322" result=whiff ev="no hover confirmation on target (aim=372,374 dTile=-8,8 seen=[- - - - - - - - - -])"
S 06:21:27 #2184 ses=InGame mode=World ui=npcmenu+inventory cur=- hold=fight held=46.9s gate=- phase=- hp=126 mp=220 pos=5449,4631 en=332
T L=grant from=fight to=stand why="preempt: survive > fight" tick=2184
time=2026-09-24T06:21:27.534+03:00 level=INFO msg=grant from=fight to=stand class=survive urgency=1.50 why="preempt: survive > fight"
T L=grant from=stand to=fight why="released: stand stopped bidding" tick=2185
time=2026-09-24T06:21:27.776+03:00 level=INFO msg=grant from=stand to=fight class=fight urgency=0.98 why="released: stand stopped bidding"
S 06:21:29 #2191 ses=InGame mode=World ui=npcmenu+inventory cur=- hold=fight held=48.5s gate=- phase=- hp=127 mp=240 pos=5442,4632 en=328
time=2026-09-24T06:21:31.125+03:00 level=INFO msg=outcome verb=hoverstrike holder=fight tgt="unit=5369" result=whiff ev="no hover confirmation on target (aim=749,403 dTile=-1,-4 seen=[- - - - - - - - - -])"
S 06:21:31 #2193 ses=InGame mode=World ui=npcmenu+inventory cur=- hold=fight held=50.6s gate=- phase=- hp=127 mp=220 pos=5440,4626 en=322
time=2026-09-24T06:21:33.451+03:00 level=INFO msg=outcome verb=hoverstrike holder=fight tgt="unit=5372" result=whiff ev="no hover confirmation on target (aim=827,423 dTile=4,1 seen=[- - - - - - 1835/t4 - - -])"
S 06:21:33 #2209 ses=InGame mode=World ui=npcmenu+inventory cur=- hold=fight held=52.9s gate=- phase=- hp=127 mp=220 pos=5438,4625 en=96
time=2026-09-24T06:21:33.732+03:00 level=INFO msg=status pos=(5438,4625) area=42 hp=127 mp=220 maxmana=35 lvl=26 gold=85952 weapon=melee arrows=-1 holder=fight
S 06:21:34 #2227 ses=InGame mode=World ui=npcmenu+inventory cur=- hold=fight held=54.0s gate=- phase=- hp=127 mp=220 pos=5442,4623 en=314
time=2026-09-24T06:21:35.921+03:00 level=INFO msg="screen: capture cost (Screenshot+Observe)" p50=33.4ms p99=45.3ms max=48.6ms n=206 perSec=3.4
S 06:21:35 #2235 ses=InGame mode=World ui=npcmenu+inventory cur=- hold=fight held=55.1s gate=- phase=- hp=127 mp=197 pos=5436,4620 en=90
S 06:21:36 #2249 ses=InGame mode=World ui=npcmenu+inventory cur=- hold=fight held=56.1s gate=- phase=- hp=127 mp=220 pos=5440,4617 en=310
S 06:21:37 #2269 ses=InGame mode=World ui=npcmenu+inventory cur=- hold=fight held=57.1s gate=- phase=- hp=127 mp=220 pos=5436,4615 en=86
time=2026-09-24T06:21:39.916+03:00 level=INFO msg=outcome verb=hoverstrike holder=fight tgt="unit=5507" result=whiff ev="no hover confirmation on target (aim=551,463 dTile=7,-6 seen=[- - 5513/t1 5513/t1 502/t2 502/t2 502/t2 502/t2 502/t2 502/t2])"
S 06:21:40 #2274 ses=InGame mode=World ui=npcmenu+inventory cur=- hold=fight held=59.3s gate=- phase=- hp=127 mp=205 pos=5441,4602 en=307
S 06:21:41 #2292 ses=InGame mode=World ui=npcmenu+inventory cur=- hold=fight held=60.6s gate=- phase=- hp=127 mp=220 pos=5438,4606 en=78
T L=ui from=world+npcmenu+inventory to=world+npcmenu+shop+inventory why="vendor empty grid" tick=2298 hold=fight
T L=ui from=world+npcmenu+shop+inventory to=world+npcmenu+inventory why="shop gone" tick=2303 hold=fight
time=2026-09-24T06:21:43.477+03:00 level=INFO msg=outcome verb=hoverstrike holder=fight tgt="unit=5478" result=whiff ev="no hover confirmation on target (aim=926,393 dTile=5,-3 seen=[- - - 5480/t1 5480/t1 5480/t1 5480/t1 5480/t1 5480/t1 5480/t1])"
S 06:21:43 #2313 ses=InGame mode=World ui=npcmenu+inventory cur=- hold=fight held=62.9s gate=- phase=- hp=127 mp=220 pos=5439,4599 en=69
time=2026-09-24T06:21:43.739+03:00 level=INFO msg=status pos=(5439,4599) area=42 hp=127 mp=220 maxmana=35 lvl=26 gold=85952 weapon=melee arrows=-1 holder=fight
S 06:21:44 #2334 ses=InGame mode=World ui=npcmenu+inventory cur=- hold=fight held=63.9s gate=- phase=- hp=127 mp=220 pos=5443,4593 en=236
S 06:21:45 #2355 ses=InGame mode=World ui=npcmenu+inventory cur=- hold=fight held=64.9s gate=- phase=- hp=127 mp=220 pos=5444,4599 en=236
S 06:21:46 #2374 ses=InGame mode=World ui=npcmenu+inventory cur=- hold=fight held=65.9s gate=- phase=- hp=127 mp=222 pos=5448,4597 en=224
S 06:21:47 #2396 ses=InGame mode=World ui=npcmenu+inventory cur=- hold=fight held=66.9s gate=- phase=- hp=127 mp=220 pos=5448,4597 en=214
S 06:21:48 #2417 ses=InGame mode=World ui=npcmenu+inventory cur=- hold=fight held=68.0s gate=- phase=- hp=126 mp=220 pos=5447,4593 en=206
S 06:21:49 #2439 ses=InGame mode=World ui=npcmenu+inventory cur=- hold=fight held=69.0s gate=- phase=- hp=127 mp=248 pos=5449,4596 en=204
S 06:21:50 #2460 ses=InGame mode=World ui=npcmenu+inventory cur=- hold=fight held=70.1s gate=- phase=- hp=127 mp=220 pos=5450,4598 en=202
S 06:21:51 #2481 ses=InGame mode=World ui=npcmenu+inventory cur=- hold=fight held=71.1s gate=- phase=- hp=127 mp=248 pos=5452,4600 en=249
S 06:21:53 #2500 ses=InGame mode=World ui=npcmenu+inventory cur=- hold=fight held=72.2s gate=- phase=- hp=127 mp=220 pos=5450,4595 en=190
time=2026-09-24T06:21:54.643+03:00 level=INFO msg=outcome verb=hoverstrike holder=fight tgt="unit=5471" result=whiff ev="no hover confirmation on target (aim=847,473 dTile=6,1 seen=[1861/t4 1861/t4 1859/t4 - 1861/t4 1861/t4 1861/t4 1861/t4 1861/t4 1861/t4])"
time=2026-09-24T06:21:54.891+03:00 level=INFO msg=status pos=(5450,4595) area=42 hp=127 mp=220 maxmana=35 lvl=26 gold=85952 weapon=melee arrows=-1 holder=fight
S 06:21:54 #2501 ses=InGame mode=World ui=npcmenu+inventory cur=- hold=fight held=74.1s gate=- phase=- hp=127 mp=220 pos=5449,4593 en=183
S 06:21:56 #2518 ses=InGame mode=World ui=npcmenu+inventory cur=- hold=fight held=75.3s gate=- phase=- hp=127 mp=191 pos=5453,4593 en=178
S 06:21:57 #2523 ses=InGame mode=World ui=npcmenu+inventory cur=- hold=fight held=76.5s gate=- phase=- hp=127 mp=211 pos=5455,4593 en=173
time=2026-09-24T06:21:58.904+03:00 level=INFO msg=outcome verb=hoverstrike holder=fight tgt="unit=5408" result=whiff ev="no hover confirmation on target (aim=551,443 dTile=-4,0 seen=[- - - - - - - - - -])"
S 06:21:59 #2525 ses=InGame mode=World ui=npcmenu+inventory cur=- hold=fight held=78.4s gate=- phase=- hp=127 mp=220 pos=5453,4583 en=173
S 06:22:00 #2534 ses=InGame mode=World ui=npcmenu+inventory cur=- hold=fight held=79.6s gate=- phase=- hp=127 mp=217 pos=5451,4582 en=171
T L=ui from=world+npcmenu+inventory to=world+npcmenu+shop+inventory why="vendor empty grid" tick=2548 hold=fight
S 06:22:01 #2553 ses=InGame mode=World ui=npcmenu+shop+inventory cur=- hold=fight held=80.6s gate=- phase=- hp=127 mp=220 pos=5455,4580 en=162
T L=ui from=world+npcmenu+shop+inventory to=world+npcmenu+inventory why="shop gone" tick=2564 hold=fight
S 06:22:02 #2572 ses=InGame mode=World ui=npcmenu+inventory cur=- hold=fight held=81.6s gate=- phase=- hp=127 mp=191 pos=5452,4583 en=152
T L=ui from=world+npcmenu+inventory to=world+npcmenu+shop+inventory why="vendor empty grid" tick=2584 hold=fight
T L=ui from=world+npcmenu+shop+inventory to=world+npcmenu+inventory why="shop gone" tick=2590 hold=fight
S 06:22:03 #2592 ses=InGame mode=World ui=npcmenu+inventory cur=- hold=fight held=82.7s gate=- phase=- hp=127 mp=248 pos=5456,4585 en=142
S 06:22:04 #2612 ses=InGame mode=World ui=npcmenu+inventory cur=- hold=fight held=83.7s gate=- phase=- hp=127 mp=220 pos=5461,4588 en=136
time=2026-09-24T06:22:04.959+03:00 level=INFO msg=status pos=(5461,4588) area=42 hp=127 mp=220 maxmana=35 lvl=26 gold=85952 weapon=melee arrows=-1 holder=fight
S 06:22:05 #2630 ses=InGame mode=World ui=npcmenu+inventory cur=- hold=fight held=84.7s gate=- phase=- hp=127 mp=240 pos=5466,4588 en=129
time=2026-09-24T06:22:07.424+03:00 level=INFO msg=outcome verb=hoverstrike holder=fight tgt="unit=5454" result=whiff ev="no hover confirmation on target (aim=807,295 dTile=-3,-5 seen=[- - - - - - - - - -])"
S 06:22:07 #2639 ses=InGame mode=World ui=npcmenu+inventory cur=- hold=fight held=86.9s gate=- phase=- hp=127 mp=220 pos=5466,4588 en=124
S 06:22:08 #2658 ses=InGame mode=World ui=npcmenu+inventory cur=- hold=fight held=87.9s gate=- phase=- hp=125 mp=220 pos=5460,4580 en=121
S 06:22:09 #2671 ses=InGame mode=World ui=npcmenu+inventory cur=- hold=fight held=88.9s gate=- phase=- hp=127 mp=220 pos=5455,4575 en=121
time=2026-09-24T06:22:11.291+03:00 level=INFO msg=outcome verb=hoverstrike holder=fight tgt="unit=5541" result=whiff ev="no hover confirmation on target (aim=886,393 dTile=4,-2 seen=[- - - 5385/t1 5385/t1 5385/t1 - 5388/t1 5388/t1 5388/t1])"
S 06:22:11 #2677 ses=InGame mode=World ui=npcmenu+inventory cur=- hold=fight held=90.8s gate=- phase=- hp=127 mp=220 pos=5455,4575 en=114
time=2026-09-24T06:22:13.712+03:00 level=INFO msg=outcome verb=hoverstrike holder=fight tgt="unit=5385" result=whiff ev="no hover confirmation on target (aim=669,403 dTile=-1,4 seen=[5540/t1 5540/t1 5540/t1 5540/t1 5540/t1 5540/t1 5540/t1 5540/t1 5540/t1 5540/t1])"
S 06:22:13 #2692 ses=InGame mode=World ui=npcmenu+inventory cur=- hold=fight held=93.1s gate=- phase=- hp=127 mp=220 pos=5456,4568 en=109
S 06:22:14 #2707 ses=InGame mode=World ui=npcmenu+inventory cur=- hold=fight held=94.1s gate=- phase=- hp=127 mp=222 pos=5454,4573 en=105
time=2026-09-24T06:22:14.966+03:00 level=INFO msg=status pos=(5454,4573) area=42 hp=127 mp=222 maxmana=35 lvl=26 gold=85952 weapon=melee arrows=-1 holder=fight
S 06:22:15 #2728 ses=InGame mode=World ui=npcmenu+inventory cur=- hold=fight held=95.2s gate=- phase=- hp=127 mp=220 pos=5459,4578 en=98
S 06:22:17 #2745 ses=InGame mode=World ui=npcmenu+inventory cur=- hold=fight held=96.2s gate=- phase=- hp=126 mp=220 pos=5458,4577 en=90
time=2026-09-24T06:22:19.843+03:00 level=INFO msg=outcome verb=hoverstrike holder=fight tgt="unit=4181" result=whiff ev="no hover confirmation on target (aim=531,413 dTile=-3,6 seen=[- - 1981/t4 1950/t4 1950/t4 1950/t4 1950/t4 - 1981/t4 -])"
S 06:22:20 #2755 ses=InGame mode=World ui=npcmenu+inventory cur=- hold=fight held=99.3s gate=- phase=- hp=127 mp=217 pos=5459,4578 en=80
S 06:22:21 #2756 ses=InGame mode=World ui=npcmenu+inventory cur=- hold=fight held=100.4s gate=- phase=- hp=127 mp=194 pos=5451,4578 en=80
time=2026-09-24T06:22:23.012+03:00 level=INFO msg=outcome verb=hoverstrike holder=fight tgt="unit=4181" result=whiff ev="no hover confirmation on target (aim=729,413 dTile=10,-7 seen=[- - 1973/t4 1974/t4 1974/t4 1975/t4 1974/t4 - - -])"
S 06:22:23 #2757 ses=InGame mode=World ui=npcmenu+inventory cur=- hold=fight held=102.5s gate=- phase=- hp=127 mp=188 pos=5458,4572 en=78
T L=grant from=fight to=imbibe why="released: fight stopped bidding" tick=2757
time=2026-09-24T06:22:23.341+03:00 level=INFO msg=grant from=fight to=imbibe class=loot urgency=0.45 why="released: fight stopped bidding"
S 06:22:24 #2758 ses=InGame mode=World ui=npcmenu+inventory cur=- hold=imbibe held=1.5s gate=- phase=- hp=127 mp=194 pos=5471,4577 en=78
T L=grant from=imbibe to=fight why="preempt: fight > loot" tick=2758
time=2026-09-24T06:22:24.889+03:00 level=INFO msg=grant from=imbibe to=fight class=fight urgency=0.82 why="preempt: fight > loot"
time=2026-09-24T06:22:26.350+03:00 level=INFO msg=outcome verb=hoverstrike holder=fight tgt="unit=5386" result=whiff ev="no hover confirmation on target (aim=452,137 dTile=4,-9 seen=[- - - - - 5426/t1 1974/t4 - 1975/t4 1975/t4])"
time=2026-09-24T06:22:26.585+03:00 level=INFO msg=status pos=(5471,4577) area=42 hp=127 mp=194 maxmana=35 lvl=26 gold=86300 weapon=melee arrows=-1 holder=fight
S 06:22:26 #2759 ses=InGame mode=World ui=npcmenu+inventory cur=- hold=fight held=1.7s gate=- phase=- hp=127 mp=171 pos=5479,4581 en=78
T L=life act=imbibe ev=end why="abandoned/no-target: withdrawn while suspended" tick=2759
S 06:22:28 #2770 ses=InGame mode=World ui=npcmenu+inventory cur=- hold=fight held=3.3s gate=- phase=- hp=127 mp=151 pos=5473,4565 en=77
S 06:22:29 #2784 ses=InGame mode=World ui=npcmenu+inventory cur=- hold=fight held=4.3s gate=- phase=- hp=127 mp=217 pos=5476,4575 en=76
S 06:22:30 #2803 ses=InGame mode=World ui=npcmenu+inventory cur=- hold=fight held=5.4s gate=- phase=- hp=127 mp=214 pos=5479,4570 en=74
S 06:22:31 #2813 ses=InGame mode=World ui=npcmenu+inventory cur=- hold=fight held=6.4s gate=- phase=- hp=127 mp=188 pos=5486,4575 en=143
time=2026-09-24T06:22:33.145+03:00 level=INFO msg=outcome verb=hoverstrike holder=fight tgt="unit=5403" result=whiff ev="no hover confirmation on target (aim=807,433 dTile=-4,6 seen=[- - - - - - - - - -])"
S 06:22:33 #2816 ses=InGame mode=World ui=npcmenu+inventory cur=- hold=fight held=8.5s gate=- phase=- hp=127 mp=208 pos=5478,4579 en=69
time=2026-09-24T06:22:35.463+03:00 level=INFO msg=outcome verb=hoverstrike holder=fight tgt="unit=5427" result=whiff ev="no hover confirmation on target (aim=669,403 dTile=-1,4 seen=[- - - - - - - - - -])"
S 06:22:35 #2819 ses=InGame mode=World ui=npcmenu+inventory cur=- hold=fight held=10.8s gate=- phase=- hp=127 mp=220 pos=5479,4578 en=65
time=2026-09-24T06:22:36.081+03:00 level=INFO msg="screen: capture cost (Screenshot+Observe)" p50=33.6ms p99=45.4ms max=53.9ms n=216 perSec=3.6
time=2026-09-24T06:22:36.785+03:00 level=INFO msg=status pos=(5477,4579) area=42 hp=127 mp=220 maxmana=35 lvl=26 gold=86300 weapon=melee arrows=-1 holder=fight
S 06:22:36 #2821 ses=InGame mode=World ui=npcmenu+inventory cur=- hold=fight held=11.9s gate=- phase=- hp=127 mp=191 pos=5475,4579 en=65
time=2026-09-24T06:22:38.343+03:00 level=INFO msg=outcome verb=hoverstrike holder=fight tgt="unit=5430" result=whiff ev="no hover confirmation on target (aim=768,393 dTile=7,2 seen=[1992/t4 1992/t4 1992/t4 1992/t4 - - - - - -])"
S 06:22:38 #2822 ses=InGame mode=World ui=npcmenu+inventory cur=- hold=fight held=13.7s gate=- phase=- hp=127 mp=214 pos=5481,4580 en=132
T L=grant from=fight to=imbibe why="released: fight stopped bidding" tick=2822
time=2026-09-24T06:22:38.645+03:00 level=INFO msg=grant from=fight to=imbibe class=loot urgency=0.45 why="released: fight stopped bidding"
S 06:22:40 #2823 ses=InGame mode=World ui=npcmenu+inventory cur=- hold=imbibe held=1.4s gate=- phase=- hp=127 mp=220 pos=5479,4578 en=63
S 06:22:41 #2824 ses=InGame mode=World ui=npcmenu+inventory cur=- hold=imbibe held=2.9s gate=- phase=- hp=127 mp=225 pos=5458,4577 en=62
S 06:22:42 #2825 ses=InGame mode=World ui=npcmenu+inventory cur=- hold=imbibe held=4.3s gate=- phase=- hp=127 mp=231 pos=5476,4576 en=62
S 06:22:44 #2826 ses=InGame mode=World ui=npcmenu+inventory cur=- hold=imbibe held=5.7s gate=- phase=- hp=126 mp=237 pos=5456,4580 en=62
T L=grant from=imbibe to=fight why="released: imbibe stopped bidding" tick=2826
time=2026-09-24T06:22:44.421+03:00 level=INFO msg=grant from=imbibe to=fight class=fight urgency=0.90 why="released: imbibe stopped bidding"
time=2026-09-24T06:22:45.935+03:00 level=INFO msg=outcome verb=hoverstrike holder=fight tgt="unit=5476" result=whiff ev="no hover confirmation on target (aim=1045,532 dTile=6,-2 seen=[1975/t4 - - - 1982/t4 1982/t4 1980/t4 - - 1967/t4])"
S 06:22:46 #2827 ses=InGame mode=World ui=npcmenu+inventory cur=- hold=fight held=1.8s gate=- phase=- hp=127 mp=217 pos=5446,4583 en=61
T L=grant from=fight to=imbibe why="released: fight stopped bidding" tick=2827
time=2026-09-24T06:22:46.248+03:00 level=INFO msg=grant from=fight to=imbibe class=loot urgency=0.45 why="released: fight stopped bidding"
time=2026-09-24T06:22:47.746+03:00 level=INFO msg=status pos=(5446,4583) area=42 hp=127 mp=217 maxmana=35 lvl=26 gold=86949 weapon=melee arrows=-1 holder=imbibe
S 06:22:47 #2828 ses=InGame mode=World ui=npcmenu+inventory cur=- hold=imbibe held=1.5s gate=- phase=- hp=127 mp=222 pos=5470,4572 en=61
T L=grant from=imbibe to=fight why="released: imbibe stopped bidding" tick=2828
time=2026-09-24T06:22:47.828+03:00 level=INFO msg=grant from=imbibe to=fight class=fight urgency=0.92 why="released: imbibe stopped bidding"
time=2026-09-24T06:22:49.216+03:00 level=INFO msg=outcome verb=hoverstrike holder=fight tgt="unit=5482" result=whiff ev="no hover confirmation on target (aim=372,315 dTile=3,-1 seen=[- - - - - - - - 513/t2 -])"
S 06:22:49 #2829 ses=InGame mode=World ui=npcmenu+inventory cur=- hold=fight held=1.7s gate=- phase=- hp=127 mp=200 pos=5482,4569 en=130
T L=grant from=fight to=imbibe why="released: fight stopped bidding" tick=2829
time=2026-09-24T06:22:49.499+03:00 level=INFO msg=grant from=fight to=imbibe class=loot urgency=0.45 why="released: fight stopped bidding"
S 06:22:50 #2830 ses=InGame mode=World ui=npcmenu+inventory cur=- hold=imbibe held=1.5s gate=- phase=- hp=127 mp=205 pos=5471,4568 en=61
S 06:22:52 #2831 ses=InGame mode=World ui=npcmenu+inventory cur=- hold=imbibe held=2.9s gate=- phase=- hp=127 mp=211 pos=5464,4588 en=61
T L=grant from=imbibe to=fight why="preempt: fight > loot" tick=2831
time=2026-09-24T06:22:52.482+03:00 level=WARN msg=PATHOLOGY kind=thrash detail="8 handovers/30s among 2 holders" cooling=fight for=8s
T L=grant from=fight to=- why="end: abandoned/judged: watchdog thrash; cool fight 8s" tick=2831
T L=grant from=fight to=imbibe why="fresh: fight abandoned/judged: watchdog thrash; cool fight 8s" tick=2832
time=2026-09-24T06:22:52.521+03:00 level=INFO msg=grant from=fight to=imbibe class=loot urgency=0.45 why="fresh: fight abandoned/judged: watchdog thrash; cool fight 8s"
S 06:22:53 #2833 ses=InGame mode=World ui=npcmenu+inventory cur=- hold=imbibe held=4.4s gate=- phase=- hp=127 mp=220 pos=5469,4570 en=61
S 06:22:55 #2835 ses=InGame mode=World ui=npcmenu+inventory cur=- hold=imbibe held=5.7s gate=- phase=- hp=127 mp=222 pos=5484,4577 en=130
T L=ui from=world+npcmenu+inventory to=world+npcmenu+shop+inventory why="vendor empty grid" tick=2836 hold=imbibe
S 06:22:56 #2837 ses=InGame mode=World ui=npcmenu+shop+inventory cur=- hold=imbibe held=7.2s gate=- phase=- hp=127 mp=228 pos=5472,4589 en=61
T L=ui from=world+npcmenu+shop+inventory to=world+npcmenu+inventory why="shop gone" tick=2840 hold=imbibe
time=2026-09-24T06:22:57.325+03:00 level=INFO msg=verdict activity=imbibe verdict=done
T L=grant from=imbibe to=- why="end: done/completed" tick=2845
T L=grant from=imbibe to=advance why="fresh: imbibe done/completed" tick=2846
time=2026-09-24T06:22:57.334+03:00 level=INFO msg=grant from=imbibe to=advance class=travel urgency=0.40 why="fresh: imbibe done/completed"
time=2026-09-24T06:22:57.393+03:00 level=INFO msg=outcome verb=nav holder=march tgt="" result=refused ev="me=(5470,4592) area=42 tgt=(15080,6580) way=(0,0)"
time=2026-09-24T06:22:57.404+03:00 level=INFO msg=outcome verb=escalate holder=advance tgt="" result=done ev="rung 3 (fail-leg) for intent.56: 60s stall at (15080,6580)"
time=2026-09-24T06:22:57.404+03:00 level=INFO msg=verdict activity=advance verdict=abandoned
T L=grant from=advance to=- why="end: abandoned/none" tick=2846
T L=grant from=advance to=advance why="fresh: advance abandoned/none" tick=2847
time=2026-09-24T06:22:57.448+03:00 level=INFO msg=grant from=advance to=advance class=travel urgency=0.40 why="fresh: advance abandoned/none"
T L=nav act=advance from=noplan to=following why="route 10 legs 387 tiles (5470,4592)->(5797,4757)" tick=2847
time=2026-09-24T06:22:58.021+03:00 level=INFO msg=status pos=(5470,4592) area=42 hp=127 mp=231 maxmana=35 lvl=26 gold=86949 weapon=melee arrows=-1 holder=advance
S 06:22:58 #2848 ses=InGame mode=World ui=npcmenu+inventory cur=- hold=advance held=0.6s gate=- phase=- hp=127 mp=234 pos=5476,4593 en=61
time=2026-09-24T06:22:58.034+03:00 level=WARN msg=PATHOLOGY kind=thrash detail="8 handovers/30s among 3 holders" cooling=advance for=8s
time=2026-09-24T06:22:58.034+03:00 level=INFO msg=outcome verb=escalate holder=advance tgt="" result=done ev="rung 3 (fail-leg) for intent.56: watchdog thrash"
T L=grant from=advance to=- why="end: abandoned/judged: watchdog thrash; cool advance 8s" tick=2848
S 06:22:59 #2853 ses=InGame mode=World ui=npcmenu+inventory cur=- hold=- held=- gate=- phase=- hp=127 mp=237 pos=5487,4595 en=129
T L=grant from=- to=fight why="fresh: no holder" tick=2853
time=2026-09-24T06:22:59.092+03:00 level=INFO msg=grant from="" to=fight class=fight urgency=0.82 why="fresh: no holder"
S 06:23:00 #2855 ses=InGame mode=World ui=npcmenu+inventory cur=- hold=fight held=1.3s gate=- phase=- hp=126 mp=245 pos=5480,4601 en=191
time=2026-09-24T06:23:01.932+03:00 level=INFO msg=outcome verb=hoverstrike holder=fight tgt="unit=4146" result=whiff ev="no hover confirmation on target (aim=906,365 dTile=3,-4 seen=[- - - - - - - - - -])"
S 06:23:02 #2856 ses=InGame mode=World ui=npcmenu+inventory cur=- hold=fight held=3.1s gate=- phase=- hp=127 mp=220 pos=5480,4601 en=188
S 06:23:03 #2865 ses=InGame mode=World ui=npcmenu+inventory cur=- hold=fight held=4.2s gate=- phase=- hp=127 mp=191 pos=5480,4594 en=124
time=2026-09-24T06:23:03.251+03:00 level=WARN msg=PATHOLOGY kind=thrash detail="9 handovers/30s among 3 holders" cooling=fight for=8s
T L=grant from=fight to=- why="end: abandoned/judged: watchdog thrash; cool fight 8s" tick=2865
time=2026-09-24T06:23:03.259+03:00 level=INFO msg="status: idle" pos=(5480,4594) area=42 hp=127 lvl=26
T L=grant from=- to=fight why="fresh: no holder" tick=2870
time=2026-09-24T06:23:04.227+03:00 level=INFO msg=grant from="" to=fight class=fight urgency=0.98 why="fresh: no holder"
S 06:23:04 #2871 ses=InGame mode=World ui=npcmenu+inventory cur=- hold=fight held=0.2s gate=- phase=- hp=127 mp=217 pos=5481,4601 en=185
S 06:23:05 #2885 ses=InGame mode=World ui=npcmenu+inventory cur=- hold=fight held=1.4s gate=- phase=- hp=127 mp=191 pos=5479,4605 en=104
T L=grant from=fight to=advance why="released: fight stopped bidding" tick=2889
time=2026-09-24T06:23:06.060+03:00 level=INFO msg=grant from=fight to=advance class=travel urgency=0.40 why="released: fight stopped bidding"
time=2026-09-24T06:23:06.155+03:00 level=INFO msg=outcome verb=nav holder=march tgt="" result=refused ev="me=(5482,4607) area=42 tgt=(15080,6580) way=(0,0)"
T L=nav act=advance from=following to=noplan why="diverged 12.2 tiles off path at (5482,4607)" tick=2889
T L=nav act=advance from=noplan to=following why="route 15 legs 373 tiles (5482,4607)->(5797,4757)" tick=2889
time=2026-09-24T06:23:06.574+03:00 level=INFO msg=outcome verb=stride holder=advance tgt=(5486,4617) result=blocked ev="from=(5482,4607) to=(5482,4607) gain=0"
S 06:23:07 #2891 ses=InGame mode=World ui=npcmenu+inventory cur=- hold=advance held=1.1s gate=- phase=- hp=127 mp=248 pos=5483,4612 en=179
S 06:23:08 #2894 ses=InGame mode=World ui=npcmenu+inventory cur=- hold=advance held=2.6s gate=- phase=- hp=123 mp=248 pos=5494,4626 en=179
time=2026-09-24T06:23:08.621+03:00 level=WARN msg=PATHOLOGY kind=thrash detail="10 handovers/30s among 3 holders" cooling=advance for=8s
time=2026-09-24T06:23:08.622+03:00 level=INFO msg=outcome verb=escalate holder=advance tgt="" result=done ev="rung 3 (fail-leg) for intent.56: watchdog thrash"
T L=grant from=advance to=- why="end: abandoned/judged: watchdog thrash; cool advance 8s" tick=2894
time=2026-09-24T06:23:08.632+03:00 level=INFO msg="status: idle" pos=(5495,4626) area=42 hp=123 lvl=26
T L=grant from=- to=fight why="fresh: no holder" tick=2898
time=2026-09-24T06:23:09.360+03:00 level=INFO msg=grant from="" to=fight class=fight urgency=0.98 why="fresh: no holder"
S 06:23:09 #2900 ses=InGame mode=World ui=npcmenu+inventory cur=- hold=fight held=0.4s gate=- phase=- hp=116 mp=245 pos=5497,4621 en=179
S 06:23:10 #2918 ses=InGame mode=World ui=npcmenu+inventory cur=- hold=fight held=1.4s gate=- phase=- hp=112 mp=248 pos=5497,4621 en=179
S 06:23:11 #2935 ses=InGame mode=World ui=npcmenu+inventory cur=- hold=fight held=2.4s gate=- phase=- hp=115 mp=245 pos=5497,4621 en=168
T L=grant from=fight to=stand why="preempt: survive > fight" tick=2950
time=2026-09-24T06:23:12.614+03:00 level=INFO msg=grant from=fight to=stand class=survive urgency=1.50 why="preempt: survive > fight"
S 06:23:12 #2951 ses=InGame mode=World ui=npcmenu+inventory cur=- hold=stand held=0.3s gate=- phase=- hp=119 mp=245 pos=5497,4621 en=165
S 06:23:13 #2969 ses=InGame mode=World ui=npcmenu+inventory cur=- hold=stand held=1.3s gate=- phase=- hp=123 mp=248 pos=5497,4621 en=159
S 06:23:14 #2980 ses=InGame mode=World ui=npcmenu+inventory cur=- hold=stand held=2.3s gate=- phase=- hp=125 mp=245 pos=5497,4621 en=155
S 06:23:16 #2997 ses=InGame mode=World ui=npcmenu+inventory cur=- hold=stand held=3.5s gate=- phase=- hp=127 mp=242 pos=5497,4621 en=151
S 06:23:17 #3015 ses=InGame mode=World ui=npcmenu+inventory cur=- hold=stand held=4.8s gate=- phase=- hp=126 mp=242 pos=5497,4621 en=149
S 06:23:18 #3034 ses=InGame mode=World ui=npcmenu+inventory cur=- hold=stand held=6.0s gate=- phase=- hp=127 mp=248 pos=5496,4620 en=140
time=2026-09-24T06:23:18.685+03:00 level=INFO msg=status pos=(5496,4620) area=42 hp=127 mp=248 maxmana=35 lvl=26 gold=87080 weapon=melee arrows=-1 holder=stand
T L=grant from=stand to=fight why="released: stand stopped bidding" tick=3043
time=2026-09-24T06:23:19.356+03:00 level=INFO msg=grant from=stand to=fight class=fight urgency=0.98 why="released: stand stopped bidding"
S 06:23:19 #3044 ses=InGame mode=World ui=npcmenu+inventory cur=- hold=fight held=3.5s gate=- phase=- hp=127 mp=245 pos=5493,4614 en=137
S 06:23:21 #3053 ses=InGame mode=World ui=npcmenu+inventory cur=- hold=fight held=5.5s gate=- phase=- hp=127 mp=220 pos=5491,4622 en=122
time=2026-09-24T06:23:24.351+03:00 level=INFO msg=outcome verb=hoverstrike holder=fight tgt="unit=3741" result=whiff ev="no hover confirmation on target (aim=787,443 dTile=4,3 seen=[2092/t4 2092/t4 2092/t4 2101/t4 2101/t4 2101/t4 2101/t4 2101/t4 2101/t4 2101/t4])"
S 06:23:24 #3068 ses=InGame mode=World ui=npcmenu+inventory cur=- hold=fight held=8.6s gate=- phase=- hp=125 mp=220 pos=5495,4620 en=112
time=2026-09-24T06:23:24.780+03:00 level=WARN msg=PATHOLOGY kind=thrash detail="6 handovers/30s among 3 holders" cooling=fight for=8s
T L=grant from=fight to=- why="end: abandoned/judged: watchdog thrash; cool fight 8s" tick=3068
T L=grant from=fight to=advance why="fresh: fight abandoned/judged: watchdog thrash; cool fight 8s" tick=3069
time=2026-09-24T06:23:24.801+03:00 level=INFO msg=grant from=fight to=advance class=travel urgency=0.40 why="fresh: fight abandoned/judged: watchdog thrash; cool fight 8s"
time=2026-09-24T06:23:24.887+03:00 level=INFO msg=outcome verb=nav holder=march tgt="" result=refused ev="me=(5495,4620) area=42 tgt=(15080,6580) way=(0,0)"
time=2026-09-24T06:23:25.331+03:00 level=INFO msg=outcome verb=stride holder=advance tgt=(5502,4624) result=blocked ev="from=(5496,4619) to=(5496,4619) gain=0"
T L=grant from=advance to=stand why="preempt: survive > travel" tick=3070
time=2026-09-24T06:23:25.392+03:00 level=INFO msg=grant from=advance to=stand class=survive urgency=1.50 why="preempt: survive > travel"
S 06:23:25 #3072 ses=InGame mode=World ui=npcmenu+inventory cur=- hold=stand held=0.4s gate=- phase=- hp=126 mp=217 pos=5496,4619 en=104
T L=grant from=stand to=advance why="released: stand stopped bidding" tick=3073
time=2026-09-24T06:23:25.804+03:00 level=INFO msg=grant from=stand to=advance class=travel urgency=0.40 why="released: stand stopped bidding"
S 06:23:26 #3075 ses=InGame mode=World ui=npcmenu+inventory cur=- hold=advance held=1.7s gate=- phase=- hp=127 mp=248 pos=5507,4626 en=100
S 06:23:28 #3077 ses=InGame mode=World ui=npcmenu+inventory cur=- hold=advance held=2.9s gate=- phase=- hp=126 mp=248 pos=5522,4633 en=96
time=2026-09-24T06:23:28.179+03:00 level=INFO msg=outcome verb=nav holder=march tgt="" result=refused ev="me=(5522,4633) area=42 tgt=(15080,6580) way=(0,0)"
time=2026-09-24T06:23:28.696+03:00 level=INFO msg=status pos=(5522,4633) area=42 hp=126 mp=248 maxmana=35 lvl=26 gold=87080 weapon=melee arrows=-1 holder=advance
T L=ui from=world+npcmenu+inventory to=world+npcmenu+shop+inventory why="vendor empty grid" tick=3078 hold=advance
S 06:23:29 #3079 ses=InGame mode=World ui=npcmenu+shop+inventory cur=- hold=advance held=4.1s gate=- phase=- hp=120 mp=248 pos=5529,4632 en=202
time=2026-09-24T06:23:29.853+03:00 level=INFO msg=outcome verb=stride holder=advance tgt=(5540,4641) result=blocked ev="from=(5529,4632) to=(5529,4632) gain=0"
time=2026-09-24T06:23:29.901+03:00 level=WARN msg=PATHOLOGY kind=thrash detail="7 handovers/30s among 3 holders" cooling=advance for=8s
time=2026-09-24T06:23:29.902+03:00 level=INFO msg=outcome verb=escalate holder=advance tgt="" result=done ev="rung 3 (fail-leg) for intent.56: watchdog thrash"
T L=grant from=advance to=- why="end: abandoned/judged: watchdog thrash; cool advance 8s" tick=3080
S 06:23:30 #3083 ses=InGame mode=World ui=npcmenu+shop+inventory cur=- hold=- held=- gate=- phase=- hp=114 mp=248 pos=5529,4632 en=202
T L=grant from=- to=fight why="fresh: no holder" tick=3085
time=2026-09-24T06:23:30.855+03:00 level=INFO msg=grant from="" to=fight class=fight urgency=0.98 why="fresh: no holder"
S 06:23:31 #3091 ses=InGame mode=World ui=npcmenu+shop+inventory cur=- hold=fight held=0.5s gate=- phase=- hp=115 mp=245 pos=5529,4632 en=202
T L=grant from=fight to=stand why="released: fight stopped bidding" tick=3095
time=2026-09-24T06:23:31.663+03:00 level=INFO msg=grant from=fight to=stand class=survive urgency=1.50 why="released: fight stopped bidding"
T L=ui from=world+npcmenu+shop+inventory to=world+npcmenu+inventory why="shop gone" tick=3102 hold=stand
S 06:23:32 #3106 ses=InGame mode=World ui=npcmenu+inventory cur=- hold=stand held=0.9s gate=- phase=- hp=120 mp=245 pos=5529,4632 en=201
T L=ui from=world+npcmenu+inventory to=world+npcmenu+shop+inventory why="vendor empty grid" tick=3110 hold=stand
T L=ui from=world+npcmenu+shop+inventory to=world+npcmenu+inventory why="shop gone" tick=3116 hold=stand
S 06:23:33 #3126 ses=InGame mode=World ui=npcmenu+inventory cur=- hold=stand held=2.1s gate=- phase=- hp=126 mp=242 pos=5529,4632 en=184
S 06:23:34 #3145 ses=InGame mode=World ui=npcmenu+inventory cur=- hold=stand held=3.2s gate=- phase=- hp=127 mp=248 pos=5529,4632 en=167
time=2026-09-24T06:23:35.107+03:00 level=WARN msg=PATHOLOGY kind=thrash detail="9 handovers/30s among 3 holders" cooling=stand for=8s
T L=grant from=stand to=- why="end: abandoned/judged: watchdog thrash; cool stand 8s" tick=3146
T L=grant from=stand to=stand why="fresh: stand abandoned/judged: watchdog thrash; cool stand 8s" tick=3147
time=2026-09-24T06:23:35.188+03:00 level=INFO msg=grant from=stand to=stand class=survive urgency=1.50 why="fresh: stand abandoned/judged: watchdog thrash; cool stand 8s"
S 06:23:35 #3159 ses=InGame mode=World ui=npcmenu+inventory cur=- hold=stand held=0.7s gate=- phase=- hp=127 mp=245 pos=5529,4632 en=162
time=2026-09-24T06:23:36.107+03:00 level=INFO msg="screen: capture cost (Screenshot+Observe)" p50=34.9ms p99=48.4ms max=49.2ms n=137 perSec=2.3
S 06:23:37 #3176 ses=InGame mode=World ui=npcmenu+inventory cur=- hold=stand held=1.8s gate=- phase=- hp=127 mp=242 pos=5527,4631 en=157
T L=grant from=stand to=fight why="released: stand stopped bidding" tick=3177
time=2026-09-24T06:23:37.032+03:00 level=INFO msg=grant from=stand to=fight class=fight urgency=0.98 why="released: stand stopped bidding"
S 06:23:38 #3192 ses=InGame mode=World ui=npcmenu+inventory cur=- hold=fight held=1.0s gate=- phase=- hp=127 mp=248 pos=5526,4631 en=155
time=2026-09-24T06:23:38.803+03:00 level=INFO msg=status pos=(5526,4631) area=42 hp=127 mp=248 maxmana=35 lvl=26 gold=87420 weapon=melee arrows=-1 holder=fight
S 06:23:39 #3212 ses=InGame mode=World ui=npcmenu+inventory cur=- hold=fight held=2.0s gate=- phase=- hp=127 mp=245 pos=5526,4631 en=150
S 06:23:40 #3231 ses=InGame mode=World ui=npcmenu+inventory cur=- hold=fight held=3.0s gate=- phase=- hp=127 mp=245 pos=5523,4631 en=148
time=2026-09-24T06:23:40.140+03:00 level=WARN msg=PATHOLOGY kind=thrash detail="8 handovers/30s among 3 holders" cooling=fight for=8s
T L=grant from=fight to=- why="end: abandoned/judged: watchdog thrash; cool fight 8s" tick=3234
T L=grant from=fight to=advance why="fresh: fight abandoned/judged: watchdog thrash; cool fight 8s" tick=3235
time=2026-09-24T06:23:40.153+03:00 level=INFO msg=grant from=fight to=advance class=travel urgency=0.40 why="fresh: fight abandoned/judged: watchdog thrash; cool fight 8s"
time=2026-09-24T06:23:40.203+03:00 level=INFO msg=outcome verb=nav holder=march tgt="" result=refused ev="me=(5523,4631) area=42 tgt=(15080,6580) way=(0,0)"
S 06:23:41 #3237 ses=InGame mode=World ui=npcmenu+inventory cur=- hold=advance held=1.2s gate=- phase=- hp=127 mp=248 pos=5535,4641 en=43
T L=ui from=world+npcmenu+inventory to=world+npcmenu+shop+inventory why="vendor empty grid" tick=3240 hold=advance
S 06:23:42 #3240 ses=InGame mode=World ui=npcmenu+shop+inventory cur=- hold=advance held=2.6s gate=- phase=- hp=123 mp=248 pos=5554,4652 en=43
time=2026-09-24T06:23:43.251+03:00 level=INFO msg=outcome verb=nav holder=march tgt="" result=refused ev="me=(5558,4658) area=42 tgt=(15080,6580) way=(0,0)"
T L=grant from=advance to=loot why="preempt: loot > travel" tick=3242
time=2026-09-24T06:23:43.672+03:00 level=INFO msg=grant from=advance to=loot class=loot urgency=0.82 why="preempt: loot > travel"
T L=nav act=loot from=noplan to=following why="route 1 legs 38 tiles (5562,4666)->(5537,4694)" tick=3242
S 06:23:44 #3243 ses=InGame mode=World ui=npcmenu+shop+inventory cur=- hold=loot held=0.4s gate=- phase=- hp=124 mp=248 pos=5559,4671 en=36
S 06:23:45 #3246 ses=InGame mode=World ui=npcmenu+shop+inventory cur=- hold=loot held=1.8s gate=- phase=- hp=125 mp=248 pos=5543,4686 en=24
time=2026-09-24T06:23:47.345+03:00 level=INFO msg=outcome verb=pickup holder=loot tgt="item=2148 type=48 qual=7" result=deaf ev="item still on ground after click"
S 06:23:47 #3248 ses=InGame mode=World ui=npcmenu+shop+inventory cur=- hold=loot held=3.7s gate=- phase=- hp=127 mp=248 pos=5533,4697 en=24
time=2026-09-24T06:23:49.176+03:00 level=INFO msg=outcome verb=pickup holder=loot tgt="item=2148 type=48 qual=7" result=deaf ev="item still on ground after click"
time=2026-09-24T06:23:49.176+03:00 level=INFO msg=status pos=(5535,4695) area=42 hp=127 mp=248 maxmana=35 lvl=26 gold=87616 weapon=melee arrows=-1 holder=loot
S 06:23:49 #3250 ses=InGame mode=World ui=npcmenu+shop+inventory cur=- hold=loot held=5.5s gate=- phase=- hp=127 mp=248 pos=5540,4690 en=23
T L=grant from=loot to=fight why="released: loot stopped bidding" tick=3250
time=2026-09-24T06:23:49.211+03:00 level=INFO msg=grant from=loot to=fight class=fight urgency=0.98 why="released: loot stopped bidding"
S 06:23:50 #3270 ses=InGame mode=World ui=npcmenu+shop+inventory cur=- hold=fight held=1.1s gate=- phase=- hp=127 mp=245 pos=5540,4690 en=23
time=2026-09-24T06:23:51.443+03:00 level=INFO msg=outcome verb=hoverstrike holder=fight tgt="unit=4211" result=whiff ev="no hover confirmation on target (aim=946,403 dTile=3,-6 seen=[- - - - - - - - - -])"
S 06:23:51 #3272 ses=InGame mode=World ui=npcmenu+shop+inventory cur=- hold=fight held=2.5s gate=- phase=- hp=127 mp=220 pos=5540,4686 en=22
T L=grant from=fight to=loot why="released: fight stopped bidding" tick=3273
time=2026-09-24T06:23:52.499+03:00 level=INFO msg=grant from=fight to=loot class=loot urgency=0.89 why="released: fight stopped bidding"
time=2026-09-24T06:23:52.500+03:00 level=INFO msg=outcome verb=loot holder=loot tgt="" result=blocked ev="no progress to item 2148 in 4s (stuck at d=14) — banned 60s"
T L=grant from=loot to=advance why="released: loot stopped bidding" tick=3274
time=2026-09-24T06:23:52.567+03:00 level=INFO msg=grant from=loot to=advance class=travel urgency=0.40 why="released: loot stopped bidding"
time=2026-09-24T06:23:52.580+03:00 level=INFO msg=outcome verb=nav holder=march tgt="" result=refused ev="me=(5540,4680) area=42 tgt=(15080,6580) way=(0,0)"
T L=nav act=advance from=following to=noplan why="diverged 25.6 tiles off path at (5541,4680)" tick=3274
T L=nav act=advance from=noplan to=following why="route 4 legs 284 tiles (5541,4680)->(5797,4757)" tick=3274
S 06:23:53 #3275 ses=InGame mode=World ui=npcmenu+shop+inventory cur=- hold=advance held=4.0s gate=- phase=- hp=127 mp=194 pos=5547,4678 en=40
T L=grant from=advance to=fight why="preempt: fight > travel" tick=3276
time=2026-09-24T06:23:53.594+03:00 level=INFO msg=grant from=advance to=fight class=fight urgency=0.82 why="preempt: fight > travel"
time=2026-09-24T06:23:54.719+03:00 level=INFO msg=outcome verb=hoverstrike holder=fight tgt="unit=4211" result=whiff ev="no hover confirmation on target (aim=1282,275 dTile=9,-7 seen=[- - - - - - - - - -])"
S 06:23:54 #3277 ses=InGame mode=World ui=npcmenu+shop+inventory cur=- hold=fight held=1.3s gate=- phase=- hp=127 mp=174 pos=5553,4693 en=21
T L=grant from=fight to=loot why="released: fight stopped bidding" tick=3277
time=2026-09-24T06:23:54.965+03:00 level=INFO msg=grant from=fight to=loot class=loot urgency=0.83 why="released: fight stopped bidding"
T L=nav act=loot from=noplan to=following why="route 5 legs 32 tiles (5553,4693)->(5532,4715)" tick=3277
T L=grant from=loot to=advance why="released: loot stopped bidding" tick=3279
time=2026-09-24T06:23:55.845+03:00 level=INFO msg=grant from=loot to=advance class=travel urgency=0.40 why="released: loot stopped bidding"
time=2026-09-24T06:23:55.879+03:00 level=INFO msg=outcome verb=nav holder=march tgt="" result=refused ev="me=(5556,4674) area=42 tgt=(15080,6580) way=(0,0)"
T L=nav act=advance from=following to=noplan why="diverged 14.8 tiles off path at (5556,4674)" tick=3279
T L=nav act=advance from=noplan to=following why="route 4 legs 270 tiles (5556,4674)->(5797,4757)" tick=3279
S 06:23:56 #3280 ses=InGame mode=World ui=npcmenu+shop+inventory cur=- hold=advance held=5.0s gate=- phase=- hp=127 mp=180 pos=5559,4677 en=39
T L=grant from=advance to=fight why="preempt: fight > travel" tick=3281
time=2026-09-24T06:23:56.762+03:00 level=INFO msg=grant from=advance to=fight class=fight urgency=0.92 why="preempt: fight > travel"
S 06:23:57 #3288 ses=InGame mode=World ui=npcmenu+shop+inventory cur=- hold=fight held=0.6s gate=- phase=- hp=127 mp=154 pos=5567,4686 en=18
S 06:23:58 #3299 ses=InGame mode=World ui=npcmenu+shop+inventory cur=- hold=fight held=1.6s gate=- phase=- hp=127 mp=145 pos=5569,4688 en=17
time=2026-09-24T06:23:59.185+03:00 level=INFO msg=status pos=(5574,4679) area=42 hp=127 mp=148 maxmana=35 lvl=26 gold=87616 weapon=melee arrows=-1 holder=fight
S 06:23:59 #3311 ses=InGame mode=World ui=npcmenu+shop+inventory cur=- hold=fight held=2.7s gate=- phase=- hp=127 mp=120 pos=5574,4679 en=31
T L=grant from=fight to=imbibe why="released: fight stopped bidding" tick=3328
time=2026-09-24T06:24:00.172+03:00 level=INFO msg=grant from=fight to=imbibe class=loot urgency=0.45 why="released: fight stopped bidding"
S 06:24:01 #3329 ses=InGame mode=World ui=npcmenu+shop+inventory cur=- hold=imbibe held=1.2s gate=- phase=- hp=127 mp=160 pos=5592,4684 en=16
T L=grant from=imbibe to=advance why="released: imbibe stopped bidding" tick=3330
time=2026-09-24T06:24:01.591+03:00 level=INFO msg=grant from=imbibe to=advance class=travel urgency=0.40 why="released: imbibe stopped bidding"
time=2026-09-24T06:24:01.604+03:00 level=INFO msg=outcome verb=nav holder=march tgt="" result=refused ev="me=(5593,4683) area=42 tgt=(15080,6580) way=(0,0)"
T L=nav act=advance from=following to=noplan why="diverged 19.8 tiles off path at (5593,4683)" tick=3330
T L=nav act=advance from=noplan to=following why="route 4 legs 231 tiles (5593,4683)->(5797,4757)" tick=3330
S 06:24:02 #3332 ses=InGame mode=World ui=npcmenu+shop+inventory cur=- hold=advance held=6.4s gate=- phase=- hp=127 mp=162 pos=5601,4691 en=3
S 06:24:03 #3334 ses=InGame mode=World ui=npcmenu+shop+inventory cur=- hold=advance held=7.4s gate=- phase=- hp=127 mp=168 pos=5612,4704 en=3
S 06:24:04 #3336 ses=InGame mode=World ui=npcmenu+shop+inventory cur=- hold=advance held=8.4s gate=- phase=- hp=127 mp=171 pos=5621,4716 en=3
time=2026-09-24T06:24:05.091+03:00 level=INFO msg=outcome verb=nav holder=march tgt="" result=refused ev="me=(5630,4718) area=42 tgt=(15080,6580) way=(0,0)"
S 06:24:05 #3338 ses=InGame mode=World ui=npcmenu+shop+inventory cur=- hold=advance held=9.5s gate=- phase=- hp=127 mp=177 pos=5638,4720 en=2
S 06:24:07 #3340 ses=InGame mode=World ui=npcmenu+shop+inventory cur=- hold=advance held=11.8s gate=- phase=- hp=127 mp=185 pos=5626,4698 en=2
T L=grant from=advance to=loot why="preempt: loot > travel" tick=3340
time=2026-09-24T06:24:07.923+03:00 level=INFO msg=grant from=advance to=loot class=loot urgency=0.83 why="preempt: loot > travel"
T L=nav act=loot from=noplan to=following why="route 1 legs 30 tiles (5626,4697)->(5646,4675)" tick=3340
time=2026-09-24T06:24:09.276+03:00 level=INFO msg=status pos=(5635,4686) area=42 hp=127 mp=188 maxmana=35 lvl=26 gold=87616 weapon=melee arrows=-1 holder=loot
S 06:24:09 #3344 ses=InGame mode=World ui=npcmenu+shop+inventory cur=- hold=loot held=1.4s gate=- phase=- hp=127 mp=191 pos=5640,4680 en=4
T L=grant from=loot to=fight why="released: loot stopped bidding" tick=3344
time=2026-09-24T06:24:09.317+03:00 level=INFO msg=grant from=loot to=fight class=fight urgency=0.80 why="released: loot stopped bidding"
S 06:24:10 #3351 ses=InGame mode=World ui=npcmenu+shop+inventory cur=- hold=fight held=1.4s gate=- phase=- hp=127 mp=157 pos=5642,4665 en=55
T L=grant from=fight to=loot why="released: fight stopped bidding" tick=3355
time=2026-09-24T06:24:11.369+03:00 level=INFO msg=grant from=fight to=loot class=loot urgency=0.89 why="released: fight stopped bidding"
time=2026-09-24T06:24:11.771+03:00 level=INFO msg=outcome verb=stride holder=loot tgt=(5642,4679) result=blocked ev="from=(5640,4669) to=(5640,4669) gain=0"
S 06:24:11 #3356 ses=InGame mode=World ui=npcmenu+shop+inventory cur=- hold=loot held=0.4s gate=- phase=- hp=127 mp=162 pos=5640,4669 en=54
time=2026-09-24T06:24:14.988+03:00 level=INFO msg=outcome verb=pickup holder=loot tgt="item=2233 type=511 qual=7" result=whiff ev="no hover confirmation on item (d=2 aim=827,429 seen=[2231/t4 2236/t4 2236/t4 - - - - - - - - - - - - - - - - - - - - - -])"
S 06:24:14 #3359 ses=InGame mode=World ui=npcmenu+shop+inventory cur=- hold=loot held=3.6s gate=- phase=- hp=127 mp=174 pos=5655,4678 en=54
time=2026-09-24T06:24:17.274+03:00 level=INFO msg=outcome verb=pickup holder=loot tgt="item=2233 type=511 qual=7" result=deaf ev="item still on ground after click"
S 06:24:17 #3362 ses=InGame mode=World ui=npcmenu+shop+inventory cur=- hold=loot held=5.9s gate=- phase=- hp=127 mp=182 pos=5641,4672 en=54
T L=grant from=loot to=fight why="released: loot stopped bidding" tick=3362
time=2026-09-24T06:24:17.311+03:00 level=INFO msg=grant from=loot to=fight class=fight urgency=0.80 why="released: loot stopped bidding"
time=2026-09-24T06:24:18.487+03:00 level=INFO msg=outcome verb=hoverstrike holder=fight tgt="unit=4398" result=whiff ev="no hover confirmation on target (aim=886,236 dTile=-4,-10 seen=[- - - - - - - - - -])"
S 06:24:18 #3363 ses=InGame mode=World ui=npcmenu+shop+inventory cur=- hold=fight held=1.4s gate=- phase=- hp=127 mp=160 pos=5641,4672 en=53
T L=grant from=fight to=loot why="released: fight stopped bidding" tick=3363
time=2026-09-24T06:24:18.713+03:00 level=INFO msg=grant from=fight to=loot class=loot urgency=0.90 why="released: fight stopped bidding"
T L=nav act=loot from=following to=noplan why="diverged 14.2 tiles off path at (5637,4664)" tick=3364
T L=nav act=loot from=noplan to=following why="route 1 legs 14 tiles (5637,4664)->(5646,4675)" tick=3364
time=2026-09-24T06:24:19.389+03:00 level=INFO msg=status pos=(5637,4664) area=42 hp=127 mp=160 maxmana=35 lvl=26 gold=87616 weapon=melee arrows=-1 holder=loot
S 06:24:19 #3366 ses=InGame mode=World ui=npcmenu+shop+inventory cur=- hold=loot held=1.0s gate=- phase=- hp=127 mp=162 pos=5635,4658 en=38
time=2026-09-24T06:24:19.937+03:00 level=INFO msg=outcome verb=loot holder=loot tgt="" result=blocked ev="no progress to item 2233 in 4s (stuck at d=13) — banned 60s"
T L=nav act=loot from=noplan to=following why="route 3 legs 37 tiles (5638,4663)->(5666,4651)" tick=3368
S 06:24:21 #3371 ses=InGame mode=World ui=npcmenu+shop+inventory cur=- hold=loot held=2.5s gate=- phase=- hp=127 mp=171 pos=5648,4649 en=53
S 06:24:22 #3374 ses=InGame mode=World ui=npcmenu+shop+inventory cur=- hold=loot held=3.7s gate=- phase=- hp=127 mp=174 pos=5666,4649 en=53
time=2026-09-24T06:24:23.964+03:00 level=INFO msg=outcome verb=pickup holder=loot tgt="item=2244 type=404 qual=7" result=deaf ev="item still on ground after click"
S 06:24:23 #3375 ses=InGame mode=World ui=npcmenu+shop+inventory cur=- hold=loot held=5.3s gate=- phase=- hp=127 mp=180 pos=5667,4652 en=53
T L=grant from=loot to=imbibe why="released: loot stopped bidding" tick=3376
time=2026-09-24T06:24:24.471+03:00 level=INFO msg=grant from=loot to=imbibe class=loot urgency=0.45 why="released: loot stopped bidding"
S 06:24:25 #3377 ses=InGame mode=World ui=npcmenu+shop+inventory cur=- hold=imbibe held=1.3s gate=- phase=- hp=127 mp=188 pos=5681,4668 en=53
T L=grant from=imbibe to=loot why="outbid: loot 0.84 >= 0.45+0.00 after 2s" tick=3378
time=2026-09-24T06:24:26.517+03:00 level=INFO msg=grant from=imbibe to=loot class=loot urgency=0.84 why="outbid: loot 0.84 >= 0.45+0.00 after 2s"
T L=nav act=loot from=noplan to=following why="route 1 legs 7 tiles (5686,4677)->(5686,4684)" tick=3378
S 06:24:26 #3379 ses=InGame mode=World ui=npcmenu+shop+inventory cur=- hold=loot held=0.4s gate=- phase=- hp=127 mp=191 pos=5687,4682 en=20
time=2026-09-24T06:24:28.427+03:00 level=INFO msg=outcome verb=pickup holder=loot tgt="item=2269 type=541 qual=7" result=deaf ev="item still on ground after click"
S 06:24:28 #3380 ses=InGame mode=World ui=npcmenu+shop+inventory cur=- hold=loot held=1.9s gate=- phase=- hp=127 mp=197 pos=5683,4688 en=19
time=2026-09-24T06:24:31.315+03:00 level=INFO msg=outcome verb=pickup holder=loot tgt="item=2269 type=541 qual=7" result=whiff ev="no hover confirmation on item (d=1 aim=807,420 seen=[- - - - - - - - - - - - - - - - 4444/t1 4444/t1 4444/t1 4444/t1 4444/t1 - - - -])"
time=2026-09-24T06:24:31.315+03:00 level=INFO msg=status pos=(5685,4685) area=42 hp=127 mp=197 maxmana=35 lvl=26 gold=87808 weapon=melee arrows=-1 holder=loot
S 06:24:31 #3382 ses=InGame mode=World ui=npcmenu+shop+inventory cur=- hold=loot held=4.8s gate=- phase=- hp=127 mp=208 pos=5690,4676 en=63
T L=grant from=loot to=fight why="released: loot stopped bidding" tick=3382
T L=life act=imbibe ev=end why="abandoned/no-target: withdrawn while suspended" tick=3382
time=2026-09-24T06:24:31.393+03:00 level=INFO msg=grant from=loot to=fight class=fight urgency=0.98 why="released: loot stopped bidding"
T L=ui from=world+npcmenu+shop+inventory to=world+npcmenu+inventory why="shop gone" tick=3384 hold=fight
S 06:24:32 #3399 ses=InGame mode=World ui=npcmenu+inventory cur=- hold=fight held=1.0s gate=- phase=- hp=127 mp=220 pos=5691,4675 en=63
T L=ui from=world+npcmenu+inventory to=world+npcmenu+shop+inventory why="vendor empty grid" tick=3410 hold=fight
S 06:24:33 #3418 ses=InGame mode=World ui=npcmenu+shop+inventory cur=- hold=fight held=2.0s gate=- phase=- hp=127 mp=240 pos=5691,4675 en=61
S 06:24:35 #3424 ses=InGame mode=World ui=npcmenu+shop+inventory cur=- hold=fight held=4.0s gate=- phase=- hp=127 mp=220 pos=5691,4675 en=60
T L=grant from=fight to=stand why="preempt: survive > fight" tick=3424
time=2026-09-24T06:24:35.420+03:00 level=INFO msg=grant from=fight to=stand class=survive urgency=1.50 why="preempt: survive > fight"
T L=grant from=stand to=fight why="released: stand stopped bidding" tick=3425
time=2026-09-24T06:24:35.701+03:00 level=INFO msg=grant from=stand to=fight class=fight urgency=0.98 why="released: stand stopped bidding"
time=2026-09-24T06:24:36.148+03:00 level=INFO msg="screen: capture cost (Screenshot+Observe)" p50=31.6ms p99=44.2ms max=51.2ms n=108 perSec=1.8
S 06:24:36 #3434 ses=InGame mode=World ui=npcmenu+shop+inventory cur=- hold=fight held=4.8s gate=- phase=- hp=127 mp=220 pos=5683,4668 en=58
time=2026-09-24T06:24:38.136+03:00 level=INFO msg=outcome verb=hoverstrike holder=fight tgt="unit=4443" result=whiff ev="no hover confirmation on target (aim=630,383 dTile=3,5 seen=[4411/t1 - 4411/t1 - 4411/t1 - - - - -])"
S 06:24:38 #3436 ses=InGame mode=World ui=npcmenu+shop+inventory cur=- hold=fight held=6.7s gate=- phase=- hp=127 mp=220 pos=5681,4671 en=56
S 06:24:39 #3446 ses=InGame mode=World ui=npcmenu+shop+inventory cur=- hold=fight held=7.8s gate=- phase=- hp=127 mp=220 pos=5682,4672 en=54
time=2026-09-24T06:24:40.863+03:00 level=INFO msg=outcome verb=hoverstrike holder=fight tgt="unit=4444" result=whiff ev="no hover confirmation on target (aim=491,631 dTile=4,9 seen=[- 2412/t4 1004/t4 - - - - - - -])"
S 06:24:41 #3447 ses=InGame mode=World ui=npcmenu+shop+inventory cur=- hold=fight held=9.4s gate=- phase=- hp=127 mp=197 pos=5674,4670 en=44
time=2026-09-24T06:24:41.513+03:00 level=INFO msg=status pos=(5674,4670) area=42 hp=127 mp=197 maxmana=35 lvl=26 gold=87808 weapon=melee arrows=-1 holder=fight
T L=grant from=fight to=loot why="released: fight stopped bidding" tick=3448
time=2026-09-24T06:24:41.624+03:00 level=INFO msg=grant from=fight to=loot class=loot urgency=0.89 why="released: fight stopped bidding"
time=2026-09-24T06:24:41.625+03:00 level=INFO msg=outcome verb=loot holder=loot tgt="" result=blocked ev="no progress to item 2269 in 4s (stuck at d=8) — banned 60s"
S 06:24:42 #3450 ses=InGame mode=World ui=npcmenu+shop+inventory cur=- hold=loot held=0.9s gate=- phase=- hp=127 mp=200 pos=5683,4678 en=52
T L=grant from=loot to=imbibe why="released: loot stopped bidding" tick=3450
time=2026-09-24T06:24:42.485+03:00 level=INFO msg=grant from=loot to=imbibe class=loot urgency=0.45 why="released: loot stopped bidding"
time=2026-09-24T06:24:42.491+03:00 level=INFO msg=verdict activity=imbibe verdict=done
T L=grant from=imbibe to=- why="end: done/completed" tick=3450
T L=grant from=imbibe to=advance why="fresh: imbibe done/completed" tick=3451
time=2026-09-24T06:24:42.497+03:00 level=INFO msg=grant from=imbibe to=advance class=travel urgency=0.40 why="fresh: imbibe done/completed"
S 06:24:44 #3452 ses=InGame mode=World ui=npcmenu+shop+inventory cur=- hold=advance held=13.6s gate=- phase=- hp=127 mp=208 pos=5664,4657 en=40
S 06:24:46 #3453 ses=InGame mode=World ui=npcmenu+shop+inventory cur=- hold=advance held=15.4s gate=- phase=- hp=127 mp=214 pos=5645,4636 en=242
S 06:24:48 #3454 ses=InGame mode=World ui=npcmenu+shop+inventory cur=- hold=advance held=17.3s gate=- phase=- hp=127 mp=220 pos=5633,4611 en=255
T L=grant from=advance to=fight why="preempt: fight > travel" tick=3454
time=2026-09-24T06:24:48.039+03:00 level=INFO msg=grant from=advance to=fight class=fight urgency=0.92 why="preempt: fight > travel"
S 06:24:49 #3466 ses=InGame mode=World ui=npcmenu+shop+inventory cur=- hold=fight held=1.1s gate=- phase=- hp=127 mp=222 pos=5636,4610 en=255
S 06:24:50 #3486 ses=InGame mode=World ui=npcmenu+shop+inventory cur=- hold=fight held=2.1s gate=- phase=- hp=127 mp=220 pos=5631,4608 en=253
S 06:24:51 #3508 ses=InGame mode=World ui=npcmenu+shop+inventory cur=- hold=fight held=3.1s gate=- phase=- hp=127 mp=220 pos=5632,4608 en=247
time=2026-09-24T06:24:51.544+03:00 level=INFO msg=status pos=(5634,4609) area=42 hp=127 mp=220 maxmana=35 lvl=26 gold=87808 weapon=melee arrows=-1 holder=fight
S 06:24:52 #3525 ses=InGame mode=World ui=npcmenu+shop+inventory cur=- hold=fight held=4.1s gate=- phase=- hp=127 mp=191 pos=5635,4610 en=242
S 06:24:53 #3546 ses=InGame mode=World ui=npcmenu+shop+inventory cur=- hold=fight held=5.1s gate=- phase=- hp=127 mp=248 pos=5630,4604 en=229
S 06:24:54 #3566 ses=InGame mode=World ui=npcmenu+shop+inventory cur=- hold=fight held=6.2s gate=- phase=- hp=125 mp=220 pos=5626,4606 en=224
time=2026-09-24T06:24:55.710+03:00 level=INFO msg=outcome verb=hoverstrike holder=fight tgt="unit=5279" result=whiff ev="no hover confirmation on target (aim=926,374 dTile=4,-4 seen=[5662/t1 5662/t1 5662/t1 - 5278/t1 5278/t1 5278/t1 5278/t1 - -])"
S 06:24:55 #3573 ses=InGame mode=World ui=npcmenu+shop+inventory cur=- hold=fight held=7.9s gate=- phase=- hp=127 mp=220 pos=5626,4606 en=218
S 06:24:56 #3593 ses=InGame mode=World ui=npcmenu+shop+inventory cur=- hold=fight held=8.9s gate=- phase=- hp=127 mp=220 pos=5627,4599 en=215
time=2026-09-24T06:24:58.203+03:00 level=INFO msg=outcome verb=hoverstrike holder=fight tgt="unit=5662" result=whiff ev="no hover confirmation on target (aim=669,443 dTile=1,6 seen=[- - 5265/t1 5265/t1 5265/t1 - - 5615/t1 - 5615/t1])"
S 06:24:58 #3594 ses=InGame mode=World ui=npcmenu+shop+inventory cur=- hold=fight held=10.4s gate=- phase=- hp=127 mp=220 pos=5627,4599 en=212
S 06:24:59 #3616 ses=InGame mode=World ui=npcmenu+shop+inventory cur=- hold=fight held=11.4s gate=- phase=- hp=127 mp=248 pos=5625,4602 en=206
T L=grant from=fight to=stand why="preempt: survive > fight" tick=3626
time=2026-09-24T06:25:00.018+03:00 level=INFO msg=grant from=fight to=stand class=survive urgency=1.50 why="preempt: survive > fight"
T L=grant from=stand to=fight why="released: stand stopped bidding" tick=3627
time=2026-09-24T06:25:00.333+03:00 level=INFO msg=grant from=stand to=fight class=fight urgency=0.98 why="released: stand stopped bidding"
S 06:25:00 #3629 ses=InGame mode=World ui=npcmenu+shop+inventory cur=- hold=fight held=12.2s gate=- phase=- hp=127 mp=220 pos=5623,4597 en=201
S 06:25:01 #3649 ses=InGame mode=World ui=npcmenu+shop+inventory cur=- hold=fight held=13.2s gate=- phase=- hp=127 mp=245 pos=5623,4597 en=194
time=2026-09-24T06:25:01.573+03:00 level=INFO msg=status pos=(5623,4597) area=42 hp=127 mp=245 maxmana=35 lvl=26 gold=87808 weapon=melee arrows=-1 holder=fight
S 06:25:02 #3670 ses=InGame mode=World ui=npcmenu+shop+inventory cur=- hold=fight held=14.2s gate=- phase=- hp=127 mp=242 pos=5623,4597 en=192
T L=grant from=fight to=stand why="preempt: survive > fight" tick=3688
time=2026-09-24T06:25:03.526+03:00 level=INFO msg=grant from=fight to=stand class=survive urgency=1.50 why="preempt: survive > fight"
S 06:25:03 #3689 ses=InGame mode=World ui=npcmenu+shop+inventory cur=- hold=stand held=0.3s gate=- phase=- hp=127 mp=245 pos=5623,4597 en=188
S 06:25:05 #3709 ses=InGame mode=World ui=npcmenu+shop+inventory cur=- hold=stand held=1.5s gate=- phase=- hp=127 mp=245 pos=5623,4597 en=185
T L=ui from=world+npcmenu+shop+inventory to=world+npcmenu+inventory why="shop gone" tick=3713 hold=stand
T L=ui from=world+npcmenu+inventory to=world+npcmenu+shop+inventory why="vendor empty grid" tick=3719 hold=stand
S 06:25:06 #3728 ses=InGame mode=World ui=npcmenu+shop+inventory cur=- hold=stand held=2.5s gate=- phase=- hp=127 mp=248 pos=5623,4597 en=181
S 06:25:07 #3744 ses=InGame mode=World ui=npcmenu+shop+inventory cur=- hold=stand held=3.5s gate=- phase=- hp=127 mp=245 pos=5623,4597 en=179
S 06:25:08 #3759 ses=InGame mode=World ui=npcmenu+shop+inventory cur=- hold=stand held=4.6s gate=- phase=- hp=127 mp=242 pos=5623,4597 en=171
S 06:25:09 #3778 ses=InGame mode=World ui=npcmenu+shop+inventory cur=- hold=stand held=5.9s gate=- phase=- hp=127 mp=220 pos=5627,4598 en=168
T L=grant from=stand to=fight why="released: stand stopped bidding" tick=3778
time=2026-09-24T06:25:09.414+03:00 level=INFO msg=grant from=stand to=fight class=fight urgency=0.98 why="released: stand stopped bidding"
time=2026-09-24T06:25:10.982+03:00 level=INFO msg=outcome verb=hoverstrike holder=fight tgt="unit=5679" result=whiff ev="no hover confirmation on target (aim=906,365 dTile=3,-4 seen=[5296/t1 - 5296/t1 5296/t1 - - - 5296/t1 5296/t1 -])"
S 06:25:11 #3782 ses=InGame mode=World ui=npcmenu+shop+inventory cur=- hold=fight held=17.0s gate=- phase=- hp=127 mp=220 pos=5627,4598 en=156
time=2026-09-24T06:25:11.726+03:00 level=INFO msg=status pos=(5626,4595) area=42 hp=127 mp=220 maxmana=35 lvl=26 gold=87808 weapon=melee arrows=-1 holder=fight
S 06:25:12 #3802 ses=InGame mode=World ui=npcmenu+shop+inventory cur=- hold=fight held=18.3s gate=- phase=- hp=127 mp=220 pos=5625,4593 en=147
time=2026-09-24T06:25:13.910+03:00 level=INFO msg=outcome verb=hoverstrike holder=fight tgt="unit=5565" result=whiff ev="no hover confirmation on target (aim=768,433 dTile=-4,2 seen=[5583/t1 5569/t1 5569/t1 5569/t1 5569/t1 5569/t1 5569/t1 5569/t1 5569/t1 5622/t1])"
S 06:25:14 #3803 ses=InGame mode=World ui=npcmenu+shop+inventory cur=- hold=fight held=20.0s gate=- phase=- hp=127 mp=220 pos=5618,4592 en=141
S 06:25:15 #3819 ses=InGame mode=World ui=npcmenu+shop+inventory cur=- hold=fight held=21.0s gate=- phase=- hp=127 mp=220 pos=5617,4589 en=139
S 06:25:16 #3835 ses=InGame mode=World ui=npcmenu+shop+inventory cur=- hold=fight held=22.0s gate=- phase=- hp=127 mp=220 pos=5613,4584 en=139
T L=ui from=world+npcmenu+shop+inventory to=world+npcmenu+inventory why="shop gone" tick=3854 hold=fight
S 06:25:17 #3855 ses=InGame mode=World ui=npcmenu+inventory cur=- hold=fight held=23.1s gate=- phase=- hp=127 mp=234 pos=5613,4580 en=131
time=2026-09-24T06:25:18.909+03:00 level=INFO msg=outcome verb=hoverstrike holder=fight tgt="unit=5637" result=whiff ev="no hover confirmation on target (aim=689,413 dTile=0,4 seen=[- - - - 5609/t1 5609/t1 5623/t1 5573/t1 5646/t1 5646/t1])"
S 06:25:19 #3862 ses=InGame mode=World ui=npcmenu+inventory cur=- hold=fight held=25.0s gate=- phase=- hp=127 mp=220 pos=5613,4579 en=126
T L=ui from=world+npcmenu+inventory to=world+npcmenu+shop+inventory why="vendor empty grid" tick=3874 hold=fight
S 06:25:20 #3883 ses=InGame mode=World ui=npcmenu+shop+inventory cur=- hold=fight held=26.0s gate=- phase=- hp=127 mp=248 pos=5606,4578 en=115
T L=ui from=world+npcmenu+shop+inventory to=world+npcmenu+inventory why="shop gone" tick=3901 hold=fight
S 06:25:21 #3903 ses=InGame mode=World ui=npcmenu+inventory cur=- hold=fight held=27.0s gate=- phase=- hp=127 mp=220 pos=5609,4583 en=109
T L=ui from=world+npcmenu+inventory to=world+npcmenu+shop+inventory why="vendor empty grid" tick=3907 hold=fight
time=2026-09-24T06:25:21.766+03:00 level=INFO msg=status pos=(5609,4583) area=42 hp=127 mp=220 maxmana=35 lvl=26 gold=87808 weapon=melee arrows=-1 holder=fight
S 06:25:22 #3921 ses=InGame mode=World ui=npcmenu+shop+inventory cur=- hold=fight held=28.0s gate=- phase=- hp=127 mp=220 pos=5609,4583 en=101
S 06:25:23 #3939 ses=InGame mode=World ui=npcmenu+shop+inventory cur=- hold=fight held=29.0s gate=- phase=- hp=127 mp=191 pos=5608,4582 en=92
time=2026-09-24T06:25:25.630+03:00 level=INFO msg=outcome verb=hoverstrike holder=fight tgt="unit=5621" result=whiff ev="no hover confirmation on target (aim=669,581 dTile=7,7 seen=[5557/t1 - 2495/t4 2479/t4 - 5557/t1 5557/t1 2495/t4 - 2495/t4])"
S 06:25:25 #3953 ses=InGame mode=World ui=npcmenu+shop+inventory cur=- hold=fight held=31.7s gate=- phase=- hp=127 mp=200 pos=5600,4569 en=83
S 06:25:27 #3958 ses=InGame mode=World ui=npcmenu+shop+inventory cur=- hold=fight held=32.9s gate=- phase=- hp=127 mp=197 pos=5607,4579 en=80
S 06:25:28 #3965 ses=InGame mode=World ui=npcmenu+shop+inventory cur=- hold=fight held=34.2s gate=- phase=- hp=127 mp=220 pos=5599,4579 en=19
S 06:25:29 #3977 ses=InGame mode=World ui=npcmenu+shop+inventory cur=- hold=fight held=35.3s gate=- phase=- hp=127 mp=205 pos=5593,4586 en=17
S 06:25:30 #3982 ses=InGame mode=World ui=npcmenu+shop+inventory cur=- hold=fight held=36.4s gate=- phase=- hp=127 mp=185 pos=5591,4593 en=16
T L=grant from=fight to=advance why="released: fight stopped bidding" tick=3983
time=2026-09-24T06:25:31.545+03:00 level=INFO msg=grant from=fight to=advance class=travel urgency=0.40 why="released: fight stopped bidding"
time=2026-09-24T06:25:31.608+03:00 level=INFO msg=outcome verb=nav holder=march tgt="" result=refused ev="me=(5597,4583) area=42 tgt=(15080,6580) way=(0,0)"
time=2026-09-24T06:25:31.617+03:00 level=INFO msg=outcome verb=escalate holder=advance tgt="" result=done ev="rung 3 (fail-leg) for intent.56: 60s stall at (15080,6580)"
time=2026-09-24T06:25:31.617+03:00 level=INFO msg=verdict activity=advance verdict=abandoned
T L=grant from=advance to=- why="end: abandoned/none" tick=3983
S 06:25:31 #3984 ses=InGame mode=World ui=npcmenu+shop+inventory cur=- hold=- held=- gate=- phase=- hp=127 mp=222 pos=5597,4583 en=15
T L=grant from=advance to=advance why="fresh: advance abandoned/none" tick=3984
time=2026-09-24T06:25:31.659+03:00 level=INFO msg=grant from=advance to=advance class=travel urgency=0.40 why="fresh: advance abandoned/none"
T L=nav act=advance from=noplan to=following why="route 18 legs 272 tiles (5597,4583)->(5797,4757)" tick=3984
time=2026-09-24T06:25:32.109+03:00 level=INFO msg=status pos=(5597,4583) area=42 hp=127 mp=222 maxmana=35 lvl=26 gold=87808 weapon=melee arrows=-1 holder=advance
S 06:25:32 #3986 ses=InGame mode=World ui=npcmenu+shop+inventory cur=- hold=advance held=1.1s gate=- phase=- hp=127 mp=225 pos=5611,4590 en=72
S 06:25:33 #3988 ses=InGame mode=World ui=npcmenu+shop+inventory cur=- hold=advance held=2.2s gate=- phase=- hp=127 mp=231 pos=5626,4601 en=72
T L=grant from=advance to=fight why="preempt: fight > travel" tick=3989
time=2026-09-24T06:25:34.419+03:00 level=INFO msg=grant from=advance to=fight class=fight urgency=0.98 why="preempt: fight > travel"
S 06:25:35 #3991 ses=InGame mode=World ui=npcmenu+shop+inventory cur=- hold=fight held=0.8s gate=- phase=- hp=127 mp=205 pos=5631,4607 en=72
time=2026-09-24T06:25:36.821+03:00 level=INFO msg=outcome verb=hoverstrike holder=fight tgt="unit=5607" result=whiff ev="no hover confirmation on target (aim=827,522 dTile=-8,-8 seen=[2459/t4 2468/t4 2448/t4 2447/t4 2451/t4 2436/t4 2436/t4 2453/t4 2444/t4 -])"
time=2026-09-24T06:25:37.109+03:00 level=INFO msg="screen: capture cost (Screenshot+Observe)" p50=33.5ms p99=43.1ms max=44.4ms n=207 perSec=3.4
S 06:25:37 #3992 ses=InGame mode=World ui=npcmenu+shop+inventory cur=- hold=fight held=2.7s gate=- phase=- hp=127 mp=188 pos=5622,4598 en=72
time=2026-09-24T06:25:38.677+03:00 level=INFO msg=outcome verb=hoverstrike holder=fight tgt="unit=5607" result=whiff ev="no hover confirmation on target (aim=867,720 dTile=10,5 seen=[5681/t1 5681/t1 5681/t1 5681/t1 2439/t4 - 2439/t4 2439/t4 2431/t4 2431/t4])"
S 06:25:38 #3993 ses=InGame mode=World ui=npcmenu+shop+inventory cur=- hold=fight held=4.5s gate=- phase=- hp=127 mp=165 pos=5621,4596 en=70
T L=grant from=fight to=advance why="released: fight stopped bidding" tick=3993
time=2026-09-24T06:25:38.976+03:00 level=INFO msg=grant from=fight to=advance class=travel urgency=0.40 why="released: fight stopped bidding"
time=2026-09-24T06:25:39.023+03:00 level=INFO msg=outcome verb=nav holder=march tgt="" result=refused ev="me=(5621,4596) area=42 tgt=(15080,6580) way=(0,0)"
S 06:25:40 #3996 ses=InGame mode=World ui=npcmenu+shop+inventory cur=- hold=advance held=4.1s gate=- phase=- hp=127 mp=171 pos=5632,4604 en=70
T L=grant from=advance to=imbibe why="preempt: loot > travel" tick=3997
time=2026-09-24T06:25:40.871+03:00 level=INFO msg=grant from=advance to=imbibe class=loot urgency=0.45 why="preempt: loot > travel"
time=2026-09-24T06:25:40.880+03:00 level=INFO msg=verdict activity=imbibe verdict=done
T L=grant from=imbibe to=- why="end: done/completed" tick=3997
T L=grant from=imbibe to=advance why="fresh: imbibe done/completed" tick=3998
time=2026-09-24T06:25:40.950+03:00 level=INFO msg=grant from=imbibe to=advance class=travel urgency=0.40 why="fresh: imbibe done/completed"
S 06:25:41 #3999 ses=InGame mode=World ui=npcmenu+shop+inventory cur=- hold=advance held=5.2s gate=- phase=- hp=127 mp=174 pos=5643,4620 en=161
time=2026-09-24T06:25:42.162+03:00 level=INFO msg=outcome verb=nav holder=march tgt="" result=refused ev="me=(5649,4628) area=42 tgt=(15080,6580) way=(0,0)"
time=2026-09-24T06:25:42.623+03:00 level=INFO msg=status pos=(5649,4628) area=42 hp=127 mp=177 maxmana=35 lvl=26 gold=89268 weapon=melee arrows=-1 holder=advance
S 06:25:42 #4001 ses=InGame mode=World ui=npcmenu+shop+inventory cur=- hold=advance held=6.3s gate=- phase=- hp=127 mp=180 pos=5655,4635 en=161
T L=grant from=advance to=fight why="preempt: fight > travel" tick=4001
time=2026-09-24T06:25:42.637+03:00 level=WARN msg=PATHOLOGY kind=thrash detail="6 handovers/30s among 3 holders" cooling=fight for=8s
T L=grant from=fight to=- why="end: abandoned/judged: watchdog thrash; cool fight 8s" tick=4001
T L=grant from=fight to=advance why="fresh: fight abandoned/judged: watchdog thrash; cool fight 8s" tick=4002
time=2026-09-24T06:25:42.709+03:00 level=INFO msg=grant from=fight to=advance class=travel urgency=0.40 why="fresh: fight abandoned/judged: watchdog thrash; cool fight 8s"
S 06:25:43 #4004 ses=InGame mode=World ui=npcmenu+shop+inventory cur=- hold=advance held=7.3s gate=- phase=- hp=127 mp=182 pos=5666,4648 en=30
S 06:25:44 #4006 ses=InGame mode=World ui=npcmenu+shop+inventory cur=- hold=advance held=8.4s gate=- phase=- hp=127 mp=185 pos=5678,4663 en=30
time=2026-09-24T06:25:45.466+03:00 level=INFO msg=outcome verb=nav holder=march tgt="" result=refused ev="me=(5684,4669) area=42 tgt=(15080,6580) way=(0,0)"
S 06:25:46 #4008 ses=InGame mode=World ui=npcmenu+shop+inventory cur=- hold=advance held=9.8s gate=- phase=- hp=127 mp=194 pos=5694,4677 en=40
S 06:25:48 #4009 ses=InGame mode=World ui=npcmenu+shop+inventory cur=- hold=advance held=11.7s gate=- phase=- hp=127 mp=200 pos=5668,4677 en=30
time=2026-09-24T06:25:48.105+03:00 level=WARN msg=PATHOLOGY kind=thrash detail="7 handovers/30s among 3 holders" cooling=advance for=8s
time=2026-09-24T06:25:48.106+03:00 level=INFO msg=outcome verb=escalate holder=advance tgt="" result=done ev="rung 3 (fail-leg) for intent.56: watchdog thrash"
T L=grant from=advance to=- why="end: abandoned/judged: watchdog thrash; cool advance 8s" tick=4009
time=2026-09-24T06:25:48.147+03:00 level=INFO msg="status: idle" pos=(5667,4677) area=42 hp=127 lvl=26
S 06:25:49 #4014 ses=InGame mode=World ui=npcmenu+shop+inventory cur=- hold=- held=- gate=- phase=- hp=127 mp=205 pos=5654,4675 en=30
S 06:25:50 #4019 ses=InGame mode=World ui=npcmenu+shop+inventory cur=- hold=- held=- gate=- phase=- hp=127 mp=208 pos=5654,4675 en=30
S 06:25:51 #4024 ses=InGame mode=World ui=npcmenu+shop+inventory cur=- hold=- held=- gate=- phase=- hp=127 mp=211 pos=5654,4675 en=30
T L=grant from=- to=fight why="fresh: no holder" tick=4026
time=2026-09-24T06:25:51.773+03:00 level=INFO msg=grant from="" to=fight class=fight urgency=0.80 why="fresh: no holder"
S 06:25:52 #4028 ses=InGame mode=World ui=npcmenu+shop+inventory cur=- hold=fight held=0.8s gate=- phase=- hp=127 mp=188 pos=5661,4678 en=29
T L=grant from=fight to=- why="released: fight stopped bidding" tick=4036
time=2026-09-24T06:25:53.124+03:00 level=WARN msg=PATHOLOGY kind=thrash detail="8 handovers/30s among 3 holders" cooling=fight for=8s
time=2026-09-24T06:25:53.363+03:00 level=INFO msg="status: idle" pos=(5663,4679) area=42 hp=127 lvl=26
S 06:25:53 #4039 ses=InGame mode=World ui=npcmenu+shop+inventory cur=- hold=- held=- gate=- phase=- hp=127 mp=208 pos=5663,4679 en=27
T L=grant from=- to=advance why="fresh: no holder" tick=4042
time=2026-09-24T06:25:54.255+03:00 level=INFO msg=grant from="" to=advance class=travel urgency=0.40 why="fresh: no holder"
S 06:25:56 #4043 ses=InGame mode=World ui=npcmenu+shop+inventory cur=- hold=advance held=1.8s gate=- phase=- hp=127 mp=217 pos=5634,4677 en=13
S 06:25:57 #4044 ses=InGame mode=World ui=npcmenu+shop+inventory cur=- hold=advance held=3.7s gate=- phase=- hp=127 mp=225 pos=5604,4676 en=13
time=2026-09-24T06:25:57.976+03:00 level=INFO msg=outcome verb=nav holder=march tgt="" result=refused ev="me=(5604,4676) area=42 tgt=(15080,6580) way=(0,0)"
T L=nav act=advance from=following to=noplan why="diverged 65.1 tiles off path at (5603,4676)" tick=4044
T L=nav act=advance from=noplan to=following why="route 7 legs 224 tiles (5603,4676)->(5797,4757)" tick=4044
time=2026-09-24T06:25:58.356+03:00 level=WARN msg=PATHOLOGY kind=thrash detail="9 handovers/30s among 3 holders" cooling=advance for=8s
time=2026-09-24T06:25:58.357+03:00 level=INFO msg=outcome verb=escalate holder=advance tgt="" result=done ev="rung 3 (fail-leg) for intent.56: watchdog thrash"
T L=grant from=advance to=- why="end: abandoned/judged: watchdog thrash; cool advance 8s" tick=4045
time=2026-09-24T06:25:58.432+03:00 level=INFO msg="status: idle" pos=(5606,4677) area=42 hp=127 lvl=26
S 06:25:59 #4049 ses=InGame mode=World ui=npcmenu+shop+inventory cur=- hold=- held=- gate=- phase=- hp=127 mp=228 pos=5618,4677 en=13
S 06:26:00 #4054 ses=InGame mode=World ui=npcmenu+shop+inventory cur=- hold=- held=- gate=- phase=- hp=127 mp=237 pos=5618,4677 en=13
S 06:26:01 #4059 ses=InGame mode=World ui=npcmenu+shop+inventory cur=- hold=- held=- gate=- phase=- hp=127 mp=240 pos=5618,4677 en=12
S 06:26:02 #4064 ses=InGame mode=World ui=npcmenu+shop+inventory cur=- hold=- held=- gate=- phase=- hp=127 mp=242 pos=5618,4677 en=12
time=2026-09-24T06:26:03.363+03:00 level=WARN msg=PATHOLOGY kind=thrash detail="8 handovers/30s among 3 holders" cooling=advance for=8s
time=2026-09-24T06:26:03.364+03:00 level=INFO msg=outcome verb=escalate holder=advance tgt="" result=done ev="rung 3 (fail-leg) for intent.56: watchdog thrash"
S 06:26:03 #4070 ses=InGame mode=World ui=npcmenu+shop+inventory cur=- hold=- held=- gate=- phase=- hp=127 mp=248 pos=5618,4677 en=12
time=2026-09-24T06:26:03.601+03:00 level=INFO msg="status: idle" pos=(5618,4677) area=42 hp=127 lvl=26
S 06:26:04 #4075 ses=InGame mode=World ui=npcmenu+shop+inventory cur=- hold=- held=- gate=- phase=- hp=126 mp=248 pos=5618,4677 en=11
S 06:26:05 #4080 ses=InGame mode=World ui=npcmenu+shop+inventory cur=- hold=- held=- gate=- phase=- hp=127 mp=248 pos=5618,4677 en=11
S 06:26:06 #4085 ses=InGame mode=World ui=npcmenu+shop+inventory cur=- hold=- held=- gate=- phase=- hp=127 mp=248 pos=5618,4677 en=11
S 06:26:08 #4090 ses=InGame mode=World ui=npcmenu+shop+inventory cur=- hold=- held=- gate=- phase=- hp=127 mp=248 pos=5618,4677 en=11
time=2026-09-24T06:26:08.500+03:00 level=WARN msg=PATHOLOGY kind=thrash detail="7 handovers/30s among 3 holders" cooling=advance for=8s
time=2026-09-24T06:26:08.501+03:00 level=INFO msg=outcome verb=escalate holder=advance tgt="" result=done ev="rung 3 (fail-leg) for intent.56: watchdog thrash"
time=2026-09-24T06:26:08.773+03:00 level=INFO msg="status: idle" pos=(5618,4677) area=42 hp=127 lvl=26
S 06:26:09 #4096 ses=InGame mode=World ui=npcmenu+shop+inventory cur=- hold=- held=- gate=- phase=- hp=127 mp=248 pos=5618,4677 en=11
S 06:26:10 #4101 ses=InGame mode=World ui=npcmenu+shop+inventory cur=- hold=- held=- gate=- phase=- hp=127 mp=248 pos=5618,4677 en=11
time=2026-09-24T06:26:10.580+03:00 level=WARN msg="idle breaker: services cooled 90s — the march reclaims the wheel"
T L=ui from=world+npcmenu+shop+inventory to=world+npcmenu+inventory why="shop gone" tick=4106 hold=-
S 06:26:11 #4106 ses=InGame mode=World ui=npcmenu+inventory cur=- hold=- held=- gate=- phase=- hp=127 mp=248 pos=5618,4677 en=11
T L=ui from=world+npcmenu+inventory to=world+npcmenu+shop+inventory why="vendor empty grid" tick=4110 hold=-
S 06:26:12 #4111 ses=InGame mode=World ui=npcmenu+shop+inventory cur=- hold=- held=- gate=- phase=- hp=127 mp=248 pos=5618,4677 en=11
S 06:26:13 #4116 ses=InGame mode=World ui=npcmenu+shop+inventory cur=- hold=- held=- gate=- phase=- hp=127 mp=248 pos=5618,4677 en=11
time=2026-09-24T06:26:13.894+03:00 level=INFO msg="status: idle" pos=(5618,4677) area=42 hp=127 lvl=26
T L=grant from=- to=advance why="fresh: no holder" tick=4120
time=2026-09-24T06:26:14.571+03:00 level=INFO msg=grant from="" to=advance class=travel urgency=0.40 why="fresh: no holder"
time=2026-09-24T06:26:14.605+03:00 level=INFO msg=outcome verb=nav holder=march tgt="" result=refused ev="me=(5618,4677) area=42 tgt=(15080,6580) way=(0,0)"
S 06:26:14 #4121 ses=InGame mode=World ui=npcmenu+shop+inventory cur=- hold=advance held=0.4s gate=- phase=- hp=127 mp=248 pos=5623,4677 en=11
S 06:26:16 #4124 ses=InGame mode=World ui=npcmenu+shop+inventory cur=- hold=advance held=1.9s gate=- phase=- hp=127 mp=248 pos=5647,4679 en=26
S 06:26:17 #4126 ses=InGame mode=World ui=npcmenu+shop+inventory cur=- hold=advance held=2.9s gate=- phase=- hp=127 mp=248 pos=5664,4679 en=26
T L=grant from=advance to=fight why="preempt: fight > travel" tick=4126
time=2026-09-24T06:26:17.505+03:00 level=INFO msg=grant from=advance to=fight class=fight urgency=0.88 why="preempt: fight > travel"
time=2026-09-24T06:26:19.337+03:00 level=INFO msg=outcome verb=hoverstrike holder=fight tgt="unit=4442" result=whiff ev="no hover confirmation on target (aim=729,374 dTile=-3,-3 seen=[- - - - - - - - - -])"
S 06:26:19 #4129 ses=InGame mode=World ui=npcmenu+shop+inventory cur=- hold=fight held=2.1s gate=- phase=- hp=127 mp=220 pos=5664,4672 en=25
T L=grant from=fight to=advance why="released: fight stopped bidding" tick=4129
time=2026-09-24T06:26:19.605+03:00 level=INFO msg=grant from=fight to=advance class=travel urgency=0.40 why="released: fight stopped bidding"
time=2026-09-24T06:26:19.653+03:00 level=INFO msg=outcome verb=nav holder=march tgt="" result=refused ev="me=(5664,4672) area=42 tgt=(15080,6580) way=(0,0)"
S 06:26:20 #4132 ses=InGame mode=World ui=npcmenu+shop+inventory cur=- hold=advance held=4.1s gate=- phase=- hp=127 mp=220 pos=5662,4676 en=25
S 06:26:22 #4135 ses=InGame mode=World ui=npcmenu+shop+inventory cur=- hold=advance held=5.4s gate=- phase=- hp=127 mp=228 pos=5681,4681 en=3
time=2026-09-24T06:26:22.729+03:00 level=INFO msg=outcome verb=nav holder=march tgt="" result=refused ev="me=(5690,4680) area=42 tgt=(15080,6580) way=(0,0)"
S 06:26:23 #4137 ses=InGame mode=World ui=npcmenu+shop+inventory cur=- hold=advance held=6.5s gate=- phase=- hp=127 mp=231 pos=5698,4681 en=6
time=2026-09-24T06:26:24.018+03:00 level=INFO msg=status pos=(5705,4681) area=42 hp=127 mp=234 maxmana=35 lvl=26 gold=89545 weapon=melee arrows=-1 holder=advance
S 06:26:25 #4140 ses=InGame mode=World ui=npcmenu+shop+inventory cur=- hold=advance held=9.2s gate=- phase=- hp=127 mp=242 pos=5687,4681 en=6
T L=grant from=advance to=imbibe why="preempt: loot > travel" tick=4140
time=2026-09-24T06:26:25.907+03:00 level=INFO msg=grant from=advance to=imbibe class=loot urgency=0.45 why="preempt: loot > travel"
time=2026-09-24T06:26:25.923+03:00 level=INFO msg=verdict activity=imbibe verdict=done
T L=grant from=imbibe to=- why="end: done/completed" tick=4140
T L=grant from=imbibe to=advance why="fresh: imbibe done/completed" tick=4141
time=2026-09-24T06:26:25.942+03:00 level=INFO msg=grant from=imbibe to=advance class=travel urgency=0.40 why="fresh: imbibe done/completed"
S 06:26:27 #4142 ses=InGame mode=World ui=npcmenu+shop+inventory cur=- hold=advance held=11.1s gate=- phase=- hp=127 mp=248 pos=5655,4679 en=25
S 06:26:29 #4143 ses=InGame mode=World ui=npcmenu+shop+inventory cur=- hold=advance held=12.9s gate=- phase=- hp=127 mp=248 pos=5635,4657 en=10
S 06:26:31 #4144 ses=InGame mode=World ui=npcmenu+shop+inventory cur=- hold=advance held=14.8s gate=- phase=- hp=127 mp=248 pos=5636,4628 en=66
T L=grant from=advance to=fight why="preempt: fight > travel" tick=4144
time=2026-09-24T06:26:31.505+03:00 level=INFO msg=grant from=advance to=fight class=fight urgency=0.82 why="preempt: fight > travel"
time=2026-09-24T06:26:32.678+03:00 level=INFO msg=outcome verb=hoverstrike holder=fight tgt="unit=4397" result=whiff ev="no hover confirmation on target (aim=293,591 dTile=-3,10 seen=[- - - - - - - - - -])"
S 06:26:32 #4145 ses=InGame mode=World ui=npcmenu+shop+inventory cur=- hold=fight held=1.4s gate=- phase=- hp=127 mp=220 pos=5636,4614 en=66
T L=grant from=fight to=advance why="released: fight stopped bidding" tick=4145
time=2026-09-24T06:26:32.930+03:00 level=INFO msg=grant from=fight to=advance class=travel urgency=0.40 why="released: fight stopped bidding"
time=2026-09-24T06:26:32.951+03:00 level=INFO msg=outcome verb=nav holder=march tgt="" result=refused ev="me=(5636,4614) area=42 tgt=(15080,6580) way=(0,0)"
T L=nav act=advance from=following to=noplan why="diverged 74.2 tiles off path at (5636,4614)" tick=4145
T L=nav act=advance from=noplan to=following why="route 5 legs 220 tiles (5636,4614)->(5797,4757)" tick=4145
T L=nav act=advance from=following to=noplan why="diverged 13.4 tiles off path at (5634,4632)" tick=4148
T L=nav act=advance from=noplan to=following why="route 7 legs 209 tiles (5634,4632)->(5797,4757)" tick=4148
S 06:26:33 #4149 ses=InGame mode=World ui=npcmenu+shop+inventory cur=- hold=advance held=15.8s gate=- phase=- hp=127 mp=222 pos=5633,4636 en=66
T L=grant from=advance to=fight why="preempt: fight > travel" tick=4149
time=2026-09-24T06:26:33.965+03:00 level=INFO msg=grant from=advance to=fight class=fight urgency=0.90 why="preempt: fight > travel"
time=2026-09-24T06:26:34.297+03:00 level=INFO msg=status pos=(5633,4636) area=42 hp=127 mp=222 maxmana=35 lvl=26 gold=89545 weapon=melee arrows=-1 holder=fight
time=2026-09-24T06:26:35.541+03:00 level=INFO msg=outcome verb=hoverstrike holder=fight tgt="unit=4397" result=whiff ev="no hover confirmation on target (aim=729,374 dTile=3,5 seen=[- - - - - - - - - -])"
S 06:26:35 #4151 ses=InGame mode=World ui=npcmenu+shop+inventory cur=- hold=fight held=1.8s gate=- phase=- hp=127 mp=191 pos=5637,4640 en=9
T L=grant from=fight to=advance why="released: fight stopped bidding" tick=4151
time=2026-09-24T06:26:35.813+03:00 level=INFO msg=grant from=fight to=advance class=travel urgency=0.40 why="released: fight stopped bidding"
time=2026-09-24T06:26:36.157+03:00 level=INFO msg=outcome verb=nav holder=march tgt="" result=refused ev="me=(5635,4639) area=42 tgt=(15080,6580) way=(0,0)"
time=2026-09-24T06:26:36.667+03:00 level=WARN msg=PATHOLOGY kind=thrash detail="8 handovers/30s among 3 holders" cooling=advance for=8s
time=2026-09-24T06:26:36.667+03:00 level=INFO msg=outcome verb=escalate holder=advance tgt="" result=done ev="rung 3 (fail-leg) for intent.56: watchdog thrash"
T L=grant from=advance to=- why="end: abandoned/judged: watchdog thrash; cool advance 8s" tick=4154
S 06:26:36 #4156 ses=InGame mode=World ui=npcmenu+shop+inventory cur=- hold=- held=- gate=- phase=- hp=127 mp=194 pos=5639,4638 en=64
time=2026-09-24T06:26:37.118+03:00 level=INFO msg="screen: capture cost (Screenshot+Observe)" p50=30.3ms p99=42.8ms max=42.8ms n=81 perSec=1.3
T L=grant from=- to=fight why="fresh: no holder" tick=4158
time=2026-09-24T06:26:37.365+03:00 level=INFO msg=grant from="" to=fight class=fight urgency=0.80 why="fresh: no holder"
time=2026-09-24T06:26:38.579+03:00 level=INFO msg=outcome verb=hoverstrike holder=fight tgt="unit=4408" result=whiff ev="no hover confirmation on target (aim=1164,433 dTile=10,-9 seen=[- - - - - - - - - -])"
S 06:26:38 #4159 ses=InGame mode=World ui=npcmenu+shop+inventory cur=- hold=fight held=1.4s gate=- phase=- hp=127 mp=174 pos=5647,4638 en=154
T L=grant from=fight to=- why="released: fight stopped bidding" tick=4159
time=2026-09-24T06:26:39.505+03:00 level=INFO msg="status: idle" pos=(5653,4626) area=42 hp=127 lvl=26
S 06:26:39 #4164 ses=InGame mode=World ui=npcmenu+shop+inventory cur=- hold=- held=- gate=- phase=- hp=127 mp=177 pos=5653,4626 en=154
T L=grant from=- to=fight why="fresh: no holder" tick=4167
time=2026-09-24T06:26:40.616+03:00 level=INFO msg=grant from="" to=fight class=fight urgency=0.80 why="fresh: no holder"
time=2026-09-24T06:26:41.809+03:00 level=INFO msg=outcome verb=hoverstrike holder=fight tgt="unit=4408" result=whiff ev="no hover confirmation on target (aim=1005,730 dTile=19,10 seen=[- - - - - - - - - -])"
S 06:26:42 #4168 ses=InGame mode=World ui=npcmenu+shop+inventory cur=- hold=fight held=1.4s gate=- phase=- hp=127 mp=160 pos=5653,4626 en=154
time=2026-09-24T06:26:42.063+03:00 level=WARN msg=PATHOLOGY kind=thrash detail="9 handovers/30s among 3 holders" cooling=fight for=8s
T L=grant from=fight to=- why="end: abandoned/judged: watchdog thrash; cool fight 8s" tick=4168
T L=grant from=- to=advance why="fresh: no holder" tick=4172
time=2026-09-24T06:26:42.801+03:00 level=INFO msg=grant from="" to=advance class=travel urgency=0.40 why="fresh: no holder"
time=2026-09-24T06:26:42.829+03:00 level=INFO msg=outcome verb=nav holder=march tgt="" result=refused ev="me=(5668,4632) area=42 tgt=(15080,6580) way=(0,0)"
T L=nav act=advance from=following to=noplan why="diverged 20.0 tiles off path at (5669,4633)" tick=4172
T L=nav act=advance from=noplan to=following why="route 7 legs 185 tiles (5669,4633)->(5797,4757)" tick=4172
S 06:26:43 #4173 ses=InGame mode=World ui=npcmenu+shop+inventory cur=- hold=advance held=0.3s gate=- phase=- hp=127 mp=162 pos=5670,4636 en=154
T L=grant from=advance to=fight why="preempt: fight > travel" tick=4174
time=2026-09-24T06:26:43.670+03:00 level=INFO msg=grant from=advance to=fight class=fight urgency=0.90 why="preempt: fight > travel"
time=2026-09-24T06:26:43.670+03:00 level=INFO msg=outcome verb=fight holder=fight tgt="" result=refused ev="P-2.10 quarantine: target 4408 silent 1.2s at d=5 — retargeting"
T L=grant from=fight to=advance why="released: fight stopped bidding" tick=4175
time=2026-09-24T06:26:43.676+03:00 level=INFO msg=grant from=fight to=advance class=travel urgency=0.40 why="released: fight stopped bidding"
S 06:26:44 #4176 ses=InGame mode=World ui=npcmenu+shop+inventory cur=- hold=advance held=1.5s gate=- phase=- hp=127 mp=168 pos=5678,4653 en=34
S 06:26:45 #4179 ses=InGame mode=World ui=npcmenu+shop+inventory cur=- hold=advance held=2.5s gate=- phase=- hp=127 mp=171 pos=5686,4668 en=45
time=2026-09-24T06:26:45.946+03:00 level=INFO msg=outcome verb=nav holder=march tgt="" result=refused ev="me=(5691,4675) area=42 tgt=(15080,6580) way=(0,0)"
S 06:26:46 #4182 ses=InGame mode=World ui=npcmenu+shop+inventory cur=- hold=advance held=3.9s gate=- phase=- hp=127 mp=177 pos=5704,4681 en=9
time=2026-09-24T06:26:47.102+03:00 level=WARN msg=PATHOLOGY kind=thrash detail="12 handovers/30s among 3 holders" cooling=advance for=8s
time=2026-09-24T06:26:47.103+03:00 level=INFO msg=outcome verb=escalate holder=advance tgt="" result=done ev="rung 3 (fail-leg) for intent.56: watchdog thrash"
T L=grant from=advance to=- why="end: abandoned/judged: watchdog thrash; cool advance 8s" tick=4183
time=2026-09-24T06:26:47.173+03:00 level=INFO msg="status: idle" pos=(5712,4682) area=42 hp=127 lvl=26
S 06:26:47 #4187 ses=InGame mode=World ui=npcmenu+shop+inventory cur=- hold=- held=- gate=- phase=- hp=127 mp=180 pos=5722,4683 en=11
T L=grant from=- to=fight why="fresh: no holder" tick=4191
time=2026-09-24T06:26:48.699+03:00 level=INFO msg=grant from="" to=fight class=fight urgency=0.82 why="fresh: no holder"
S 06:26:49 #4192 ses=InGame mode=World ui=npcmenu+shop+inventory cur=- hold=fight held=0.8s gate=- phase=- hp=127 mp=157 pos=5722,4683 en=11
T L=grant from=fight to=- why="released: fight stopped bidding" tick=4208
S 06:26:50 #4210 ses=InGame mode=World ui=npcmenu+shop+inventory cur=- hold=- held=- gate=- phase=- hp=127 mp=188 pos=5717,4683 en=7
S 06:26:51 #4215 ses=InGame mode=World ui=npcmenu+shop+inventory cur=- hold=- held=- gate=- phase=- hp=127 mp=191 pos=5717,4683 en=7
time=2026-09-24T06:26:52.293+03:00 level=WARN msg=PATHOLOGY kind=thrash detail="11 handovers/30s among 3 holders" cooling=fight for=8s
time=2026-09-24T06:26:52.380+03:00 level=INFO msg="status: idle" pos=(5717,4683) area=42 hp=127 lvl=26
S 06:26:52 #4220 ses=InGame mode=World ui=npcmenu+shop+inventory cur=- hold=- held=- gate=- phase=- hp=127 mp=194 pos=5717,4683 en=7
T L=grant from=- to=advance why="fresh: no holder" tick=4222
time=2026-09-24T06:26:53.298+03:00 level=INFO msg=grant from="" to=advance class=travel urgency=0.40 why="fresh: no holder"
S 06:26:55 #4223 ses=InGame mode=World ui=npcmenu+shop+inventory cur=- hold=advance held=1.7s gate=- phase=- hp=127 mp=205 pos=5737,4665 en=28
T L=grant from=advance to=fight why="preempt: fight > travel" tick=4223
time=2026-09-24T06:26:55.060+03:00 level=INFO msg=grant from=advance to=fight class=fight urgency=0.86 why="preempt: fight > travel"
T L=grant from=fight to=advance why="released: fight stopped bidding" tick=4224
time=2026-09-24T06:26:55.362+03:00 level=INFO msg=grant from=fight to=advance class=travel urgency=0.40 why="released: fight stopped bidding"
S 06:26:57 #4225 ses=InGame mode=World ui=npcmenu+shop+inventory cur=- hold=advance held=3.5s gate=- phase=- hp=127 mp=248 pos=5754,4653 en=26
S 06:26:58 #4226 ses=InGame mode=World ui=npcmenu+shop+inventory cur=- hold=advance held=5.3s gate=- phase=- hp=123 mp=248 pos=5763,4636 en=111
time=2026-09-24T06:26:58.909+03:00 level=WARN msg=PATHOLOGY kind=thrash detail="12 handovers/30s among 2 holders" cooling=advance for=8s
time=2026-09-24T06:26:58.909+03:00 level=INFO msg=outcome verb=escalate holder=advance tgt="" result=done ev="rung 3 (fail-leg) for intent.56: watchdog thrash"
T L=grant from=advance to=- why="end: abandoned/judged: watchdog thrash; cool advance 8s" tick=4226
time=2026-09-24T06:26:58.921+03:00 level=INFO msg="status: idle" pos=(5763,4636) area=42 hp=123 lvl=26
T L=grant from=- to=fight why="fresh: no holder" tick=4228
time=2026-09-24T06:26:59.159+03:00 level=INFO msg=grant from="" to=fight class=fight urgency=0.80 why="fresh: no holder"
time=2026-09-24T06:27:00.738+03:00 level=INFO msg=outcome verb=hoverstrike holder=fight tgt="unit=4967" result=whiff ev="no hover confirmation on target (aim=787,542 dTile=-7,-8 seen=[- - - - - - - - - -])"
S 06:27:01 #4230 ses=InGame mode=World ui=npcmenu+shop+inventory cur=- hold=fight held=1.8s gate=- phase=- hp=124 mp=191 pos=5749,4622 en=200
T L=grant from=fight to=- why="released: fight stopped bidding" tick=4230
T L=grant from=- to=fight why="fresh: no holder" tick=4232
time=2026-09-24T06:27:01.490+03:00 level=INFO msg=grant from="" to=fight class=fight urgency=0.90 why="fresh: no holder"
time=2026-09-24T06:27:02.689+03:00 level=INFO msg=outcome verb=hoverstrike holder=fight tgt="unit=4967" result=whiff ev="no hover confirmation on target (aim=867,443 dTile=3,5 seen=[- - - - - - - - - -])"
S 06:27:02 #4233 ses=InGame mode=World ui=npcmenu+shop+inventory cur=- hold=fight held=1.5s gate=- phase=- hp=126 mp=174 pos=5754,4625 en=199
time=2026-09-24T06:27:04.149+03:00 level=INFO msg=outcome verb=hoverstrike holder=fight tgt="unit=4967" result=whiff ev="no hover confirmation on target (aim=1084,393 dTile=8,-1 seen=[5011/t1 5011/t1 5011/t1 - - - - - - -])"
S 06:27:04 #4234 ses=InGame mode=World ui=npcmenu+shop+inventory cur=- hold=fight held=2.9s gate=- phase=- hp=127 mp=220 pos=5754,4627 en=195
time=2026-09-24T06:27:04.441+03:00 level=WARN msg=PATHOLOGY kind=thrash detail="10 handovers/30s among 2 holders" cooling=fight for=8s
T L=grant from=fight to=- why="end: abandoned/judged: watchdog thrash; cool fight 8s" tick=4234
time=2026-09-24T06:27:04.445+03:00 level=INFO msg="status: idle" pos=(5754,4627) area=42 hp=127 lvl=26
T L=grant from=- to=fight why="fresh: no holder" tick=4237
time=2026-09-24T06:27:04.909+03:00 level=INFO msg=grant from="" to=fight class=fight urgency=0.98 why="fresh: no holder"
T L=ui from=world+npcmenu+shop+inventory to=world+npcmenu+inventory why="shop gone" tick=4244 hold=fight
S 06:27:05 #4247 ses=InGame mode=World ui=npcmenu+inventory cur=- hold=fight held=0.8s gate=- phase=- hp=127 mp=205 pos=5759,4621 en=190
time=2026-09-24T06:27:06.884+03:00 level=INFO msg=outcome verb=hoverstrike holder=fight tgt="unit=5048" result=whiff ev="no hover confirmation on target (aim=768,393 dTile=-7,-5 seen=[- - - - 5039/t1 5039/t1 5039/t1 - - -])"
S 06:27:07 #4248 ses=InGame mode=World ui=npcmenu+inventory cur=- hold=fight held=2.2s gate=- phase=- hp=127 mp=220 pos=5751,4615 en=186
T L=grant from=fight to=advance why="released: fight stopped bidding" tick=4248
time=2026-09-24T06:27:07.127+03:00 level=INFO msg=grant from=fight to=advance class=travel urgency=0.40 why="released: fight stopped bidding"
S 06:27:08 #4249 ses=InGame mode=World ui=npcmenu+inventory cur=- hold=advance held=1.8s gate=- phase=- hp=127 mp=248 pos=5749,4616 en=186
S 06:27:10 #4250 ses=InGame mode=World ui=npcmenu+inventory cur=- hold=advance held=3.7s gate=- phase=- hp=127 mp=248 pos=5763,4604 en=93
time=2026-09-24T06:27:10.777+03:00 level=WARN msg=PATHOLOGY kind=thrash detail="9 handovers/30s among 2 holders" cooling=advance for=8s
time=2026-09-24T06:27:10.778+03:00 level=INFO msg=outcome verb=escalate holder=advance tgt="" result=done ev="rung 3 (fail-leg) for intent.56: watchdog thrash"
T L=grant from=advance to=- why="end: abandoned/judged: watchdog thrash; cool advance 8s" tick=4250
T L=grant from=advance to=fight why="fresh: advance abandoned/judged: watchdog thrash; cool advance 8s" tick=4251
time=2026-09-24T06:27:10.857+03:00 level=INFO msg=grant from=advance to=fight class=fight urgency=0.86 why="fresh: advance abandoned/judged: watchdog thrash; cool advance 8s"
S 06:27:11 #4253 ses=InGame mode=World ui=npcmenu+inventory cur=- hold=fight held=1.0s gate=- phase=- hp=127 mp=220 pos=5761,4605 en=93
S 06:27:13 #4266 ses=InGame mode=World ui=npcmenu+inventory cur=- hold=fight held=2.2s gate=- phase=- hp=127 mp=220 pos=5761,4607 en=86
T L=ui from=world+npcmenu+inventory to=world+npcmenu+shop+inventory why="vendor empty grid" tick=4279 hold=fight
T L=ui from=world+npcmenu+shop+inventory to=world+npcmenu+inventory why="shop gone" tick=4287 hold=fight
S 06:27:14 #4287 ses=InGame mode=World ui=npcmenu+inventory cur=- hold=fight held=3.2s gate=- phase=- hp=127 mp=220 pos=5763,4607 en=83
time=2026-09-24T06:27:14.477+03:00 level=INFO msg=status pos=(5759,4609) area=42 hp=127 mp=220 maxmana=35 lvl=26 gold=89825 weapon=melee arrows=-1 holder=fight
T L=ui from=world+npcmenu+inventory to=world+npcmenu+shop+inventory why="vendor empty grid" tick=4302 hold=fight
S 06:27:15 #4308 ses=InGame mode=World ui=npcmenu+shop+inventory cur=- hold=fight held=4.2s gate=- phase=- hp=127 mp=225 pos=5758,4609 en=170
time=2026-09-24T06:27:15.780+03:00 level=WARN msg=PATHOLOGY kind=thrash detail="7 handovers/30s among 2 holders" cooling=fight for=8s
T L=grant from=fight to=- why="end: abandoned/judged: watchdog thrash; cool fight 8s" tick=4323
S 06:27:16 #4326 ses=InGame mode=World ui=npcmenu+shop+inventory cur=- hold=- held=- gate=- phase=- hp=127 mp=245 pos=5757,4604 en=165
T L=grant from=- to=fight why="fresh: no holder" tick=4329
time=2026-09-24T06:27:16.958+03:00 level=INFO msg=grant from="" to=fight class=fight urgency=0.98 why="fresh: no holder"
T L=ui from=world+npcmenu+shop+inventory to=world+npcmenu+inventory why="shop gone" tick=4333 hold=fight
S 06:27:17 #4336 ses=InGame mode=World ui=npcmenu+inventory cur=- hold=fight held=0.4s gate=- phase=- hp=127 mp=220 pos=5758,4603 en=163
T L=ui from=world+npcmenu+inventory to=world+npcmenu+shop+inventory why="vendor empty grid" tick=4339 hold=fight
T L=ui from=world+npcmenu+shop+inventory to=world+npcmenu+inventory why="shop gone" tick=4344 hold=fight
S 06:27:18 #4355 ses=InGame mode=World ui=npcmenu+inventory cur=- hold=fight held=1.4s gate=- phase=- hp=127 mp=202 pos=5758,4599 en=68
T L=grant from=fight to=advance why="released: fight stopped bidding" tick=4364
time=2026-09-24T06:27:18.778+03:00 level=INFO msg=grant from=fight to=advance class=travel urgency=0.40 why="released: fight stopped bidding"
S 06:27:20 #4365 ses=InGame mode=World ui=npcmenu+inventory cur=- hold=advance held=1.8s gate=- phase=- hp=126 mp=248 pos=5764,4581 en=62
S 06:27:22 #4366 ses=InGame mode=World ui=npcmenu+inventory cur=- hold=advance held=3.6s gate=- phase=- hp=120 mp=248 pos=5755,4591 en=154
time=2026-09-24T06:27:22.387+03:00 level=WARN msg=PATHOLOGY kind=thrash detail="7 handovers/30s among 2 holders" cooling=advance for=8s
time=2026-09-24T06:27:22.388+03:00 level=INFO msg=outcome verb=escalate holder=advance tgt="" result=done ev="rung 3 (fail-leg) for intent.56: watchdog thrash"
T L=grant from=advance to=- why="end: abandoned/judged: watchdog thrash; cool advance 8s" tick=4366
T L=ui from=world+npcmenu+inventory to=world+npcmenu+shop+inventory why="vendor empty grid" tick=4367 hold=-
T L=grant from=advance to=fight why="fresh: advance abandoned/judged: watchdog thrash; cool advance 8s" tick=4367
time=2026-09-24T06:27:22.424+03:00 level=INFO msg=grant from=advance to=fight class=fight urgency=0.92 why="fresh: advance abandoned/judged: watchdog thrash; cool advance 8s"
S 06:27:23 #4378 ses=InGame mode=World ui=npcmenu+shop+inventory cur=- hold=fight held=1.0s gate=- phase=- hp=118 mp=220 pos=5756,4588 en=154
T L=ui from=world+npcmenu+shop+inventory to=world+npcmenu+inventory why="shop gone" tick=4389 hold=fight
S 06:27:24 #4395 ses=InGame mode=World ui=npcmenu+inventory cur=- hold=fight held=2.0s gate=- phase=- hp=127 mp=220 pos=5758,4584 en=142
time=2026-09-24T06:27:24.489+03:00 level=INFO msg=status pos=(5758,4583) area=42 hp=127 mp=220 maxmana=35 lvl=26 gold=89825 weapon=melee arrows=-1 holder=fight
T L=ui from=world+npcmenu+inventory to=world+npcmenu+shop+inventory why="vendor empty grid" tick=4400 hold=fight
S 06:27:25 #4415 ses=InGame mode=World ui=npcmenu+shop+inventory cur=- hold=fight held=3.3s gate=- phase=- hp=127 mp=191 pos=5759,4581 en=130
T L=ui from=world+npcmenu+shop+inventory to=world+npcmenu+inventory why="shop gone" tick=4422 hold=fight
S 06:27:27 #4422 ses=InGame mode=World ui=npcmenu+inventory cur=- hold=fight held=4.8s gate=- phase=- hp=127 mp=214 pos=5756,4575 en=125
T L=ui from=world+npcmenu+inventory to=world+npcmenu+shop+inventory why="vendor empty grid" tick=4427 hold=fight
time=2026-09-24T06:27:29.432+03:00 level=INFO msg=outcome verb=hoverstrike holder=fight tgt="unit=5070" result=whiff ev="no hover confirmation on target (aim=689,315 dTile=-5,-1 seen=[- - - - - - - - - -])"
S 06:27:29 #4439 ses=InGame mode=World ui=npcmenu+shop+inventory cur=- hold=fight held=7.3s gate=- phase=- hp=127 mp=220 pos=5751,4579 en=122
time=2026-09-24T06:27:31.164+03:00 level=INFO msg=outcome verb=hoverstrike holder=fight tgt="unit=5032" result=whiff ev="no hover confirmation on target (aim=807,512 dTile=3,4 seen=[- - - - - - 5115/t1 - - -])"
S 06:27:31 #4444 ses=InGame mode=World ui=npcmenu+shop+inventory cur=- hold=fight held=9.0s gate=- phase=- hp=127 mp=214 pos=5743,4575 en=119
S 06:27:32 #4461 ses=InGame mode=World ui=npcmenu+shop+inventory cur=- hold=fight held=10.0s gate=- phase=- hp=127 mp=248 pos=5748,4578 en=115
S 06:27:33 #4482 ses=InGame mode=World ui=npcmenu+shop+inventory cur=- hold=fight held=11.1s gate=- phase=- hp=127 mp=220 pos=5753,4576 en=114
S 06:27:34 #4496 ses=InGame mode=World ui=npcmenu+shop+inventory cur=- hold=fight held=12.1s gate=- phase=- hp=127 mp=220 pos=5753,4582 en=112
time=2026-09-24T06:27:34.553+03:00 level=INFO msg=status pos=(5753,4582) area=42 hp=127 mp=220 maxmana=35 lvl=26 gold=89825 weapon=melee arrows=-1 holder=fight
time=2026-09-24T06:27:36.275+03:00 level=INFO msg=outcome verb=hoverstrike holder=fight tgt="unit=5071" result=whiff ev="no hover confirmation on target (aim=847,453 dTile=-4,-5 seen=[5073/t1 - - - 5073/t1 - - - - -])"
S 06:27:36 #4503 ses=InGame mode=World ui=npcmenu+shop+inventory cur=- hold=fight held=14.1s gate=- phase=- hp=127 mp=220 pos=5744,4574 en=107
time=2026-09-24T06:27:37.273+03:00 level=INFO msg="screen: capture cost (Screenshot+Observe)" p50=32.8ms p99=43.5ms max=46.9ms n=138 perSec=2.3
S 06:27:37 #4506 ses=InGame mode=World ui=npcmenu+shop+inventory cur=- hold=fight held=15.2s gate=- phase=- hp=127 mp=191 pos=5748,4573 en=104
time=2026-09-24T06:27:38.897+03:00 level=INFO msg=outcome verb=hoverstrike holder=fight tgt="unit=5185" result=whiff ev="no hover confirmation on target (aim=807,413 dTile=5,0 seen=[- - - - - - - - - -])"
S 06:27:39 #4507 ses=InGame mode=World ui=npcmenu+shop+inventory cur=- hold=fight held=16.7s gate=- phase=- hp=127 mp=220 pos=5750,4571 en=103
time=2026-09-24T06:27:41.359+03:00 level=INFO msg=outcome verb=hoverstrike holder=fight tgt="unit=5019" result=whiff ev="no hover confirmation on target (aim=867,423 dTile=5,0 seen=[5181/t1 5181/t1 - - 5202/t1 5202/t1 5202/t1 5202/t1 - -])"
S 06:27:41 #4527 ses=InGame mode=World ui=npcmenu+shop+inventory cur=- hold=fight held=19.2s gate=- phase=- hp=127 mp=220 pos=5750,4569 en=97
T L=grant from=fight to=imbibe why="released: fight stopped bidding" tick=4527
time=2026-09-24T06:27:41.589+03:00 level=INFO msg=grant from=fight to=imbibe class=loot urgency=0.45 why="released: fight stopped bidding"
time=2026-09-24T06:27:41.594+03:00 level=INFO msg=verdict activity=imbibe verdict=done
T L=grant from=imbibe to=- why="end: done/completed" tick=4527
T L=grant from=imbibe to=advance why="fresh: imbibe done/completed" tick=4528
time=2026-09-24T06:27:41.600+03:00 level=INFO msg=grant from=imbibe to=advance class=travel urgency=0.40 why="fresh: imbibe done/completed"
S 06:27:43 #4529 ses=InGame mode=World ui=npcmenu+shop+inventory cur=- hold=advance held=1.9s gate=- phase=- hp=127 mp=248 pos=5763,4556 en=127
time=2026-09-24T06:27:45.283+03:00 level=INFO msg=status pos=(5763,4556) area=42 hp=127 mp=248 maxmana=35 lvl=26 gold=89825 weapon=melee arrows=-1 holder=advance
S 06:27:45 #4530 ses=InGame mode=World ui=npcmenu+shop+inventory cur=- hold=advance held=3.7s gate=- phase=- hp=127 mp=248 pos=5738,4548 en=262
T L=grant from=advance to=fight why="preempt: fight > travel" tick=4530
time=2026-09-24T06:27:45.288+03:00 level=INFO msg=grant from=advance to=fight class=fight urgency=0.90 why="preempt: fight > travel"
S 06:27:46 #4532 ses=InGame mode=World ui=npcmenu+shop+inventory cur=- hold=fight held=1.1s gate=- phase=- hp=127 mp=220 pos=5735,4547 en=262
T L=ui from=world+npcmenu+shop+inventory to=world+npcmenu+inventory why="shop gone" tick=4536 hold=fight
S 06:27:47 #4551 ses=InGame mode=World ui=npcmenu+inventory cur=- hold=fight held=2.1s gate=- phase=- hp=127 mp=202 pos=5737,4546 en=260
T L=ui from=world+npcmenu+inventory to=world+npcmenu+shop+inventory why="vendor empty grid" tick=4561 hold=fight
S 06:27:48 #4572 ses=InGame mode=World ui=npcmenu+shop+inventory cur=- hold=fight held=3.2s gate=- phase=- hp=127 mp=248 pos=5733,4550 en=253
T L=ui from=world+npcmenu+shop+inventory to=world+npcmenu+inventory why="shop gone" tick=4575 hold=fight
S 06:27:49 #4593 ses=InGame mode=World ui=npcmenu+inventory cur=- hold=fight held=4.2s gate=- phase=- hp=127 mp=220 pos=5730,4548 en=253
time=2026-09-24T06:27:51.540+03:00 level=INFO msg=outcome verb=hoverstrike holder=fight tgt="unit=5172" result=whiff ev="no hover confirmation on target (aim=491,374 dTile=-4,4 seen=[5180/t1 - - - - - 5715/t1 5715/t1 5715/t1 5715/t1])"
S 06:27:51 #4601 ses=InGame mode=World ui=npcmenu+inventory cur=- hold=fight held=6.5s gate=- phase=- hp=127 mp=220 pos=5731,4547 en=240
T L=ui from=world+npcmenu+inventory to=world+npcmenu+shop+inventory why="vendor empty grid" tick=4610 hold=fight
S 06:27:52 #4612 ses=InGame mode=World ui=npcmenu+shop+inventory cur=- hold=fight held=7.6s gate=- phase=- hp=127 mp=191 pos=5724,4549 en=236
S 06:27:53 #4631 ses=InGame mode=World ui=npcmenu+shop+inventory cur=- hold=fight held=8.7s gate=- phase=- hp=127 mp=220 pos=5729,4550 en=231
T L=ui from=world+npcmenu+shop+inventory to=world+npcmenu+inventory why="shop gone" tick=4643 hold=fight
S 06:27:55 #4646 ses=InGame mode=World ui=npcmenu+inventory cur=- hold=fight held=9.7s gate=- phase=- hp=127 mp=248 pos=5722,4552 en=230
time=2026-09-24T06:27:55.304+03:00 level=INFO msg=status pos=(5722,4552) area=42 hp=127 mp=248 maxmana=35 lvl=26 gold=89825 weapon=melee arrows=-1 holder=fight
T L=ui from=world+npcmenu+inventory to=world+npcmenu+shop+inventory why="vendor empty grid" tick=4666 hold=fight
S 06:27:56 #4666 ses=InGame mode=World ui=npcmenu+shop+inventory cur=- hold=fight held=10.8s gate=- phase=- hp=127 mp=220 pos=5718,4552 en=392
T L=ui from=world+npcmenu+shop+inventory to=world+npcmenu+inventory why="shop gone" tick=4673 hold=fight
S 06:27:57 #4682 ses=InGame mode=World ui=npcmenu+inventory cur=- hold=fight held=11.9s gate=- phase=- hp=127 mp=220 pos=5721,4555 en=225
time=2026-09-24T06:27:58.775+03:00 level=INFO msg=outcome verb=hoverstrike holder=fight tgt="unit=5145" result=whiff ev="no hover confirmation on target (aim=709,285 dTile=-6,-3 seen=[- - - - - - - - - -])"
S 06:27:59 #4686 ses=InGame mode=World ui=npcmenu+inventory cur=- hold=fight held=13.8s gate=- phase=- hp=125 mp=220 pos=5721,4555 en=219
time=2026-09-24T06:28:01.045+03:00 level=INFO msg=outcome verb=hoverstrike holder=fight tgt="unit=5146" result=whiff ev="no hover confirmation on target (aim=749,443 dTile=1,5 seen=[- - - - - - - - - -])"
S 06:28:01 #4689 ses=InGame mode=World ui=npcmenu+inventory cur=- hold=fight held=16.0s gate=- phase=- hp=127 mp=220 pos=5716,4551 en=378
time=2026-09-24T06:28:02.778+03:00 level=INFO msg=outcome verb=hoverstrike holder=fight tgt="unit=5148" result=whiff ev="no hover confirmation on target (aim=787,305 dTile=-5,-2 seen=[- - - 5717/t1 5717/t1 5717/t1 5717/t1 - - -])"
T L=ui from=world+npcmenu+inventory to=world+npcmenu+shop+inventory why="vendor empty grid" tick=4690 hold=fight
S 06:28:03 #4690 ses=InGame mode=World ui=npcmenu+shop+inventory cur=- hold=fight held=17.8s gate=- phase=- hp=127 mp=208 pos=5714,4553 en=373
S 06:28:04 #4692 ses=InGame mode=World ui=npcmenu+shop+inventory cur=- hold=fight held=19.1s gate=- phase=- hp=127 mp=185 pos=5708,4553 en=373
time=2026-09-24T06:28:06.212+03:00 level=INFO msg=outcome verb=hoverstrike holder=fight tgt="unit=5158" result=whiff ev="no hover confirmation on target (aim=966,355 dTile=2,-6 seen=[- - - - - - - - - 5155/t1])"
time=2026-09-24T06:28:06.425+03:00 level=INFO msg=status pos=(5708,4555) area=42 hp=127 mp=185 maxmana=35 lvl=26 gold=89825 weapon=melee arrows=-1 holder=fight
T L=ui from=world+npcmenu+shop+inventory to=world+npcmenu+inventory why="shop gone" tick=4701 hold=fight
S 06:28:06 #4701 ses=InGame mode=World ui=npcmenu+inventory cur=- hold=fight held=21.2s gate=- phase=- hp=127 mp=220 pos=5708,4555 en=370
time=2026-09-24T06:28:07.970+03:00 level=INFO msg=outcome verb=hoverstrike holder=fight tgt="unit=5155" result=whiff ev="no hover confirmation on target (aim=807,393 dTile=3,-6 seen=[- - - - - - - - - -])"
S 06:28:08 #4702 ses=InGame mode=World ui=npcmenu+inventory cur=- hold=fight held=23.0s gate=- phase=- hp=127 mp=220 pos=5707,4549 en=368
T L=grant from=fight to=advance why="released: fight stopped bidding" tick=4702
time=2026-09-24T06:28:08.249+03:00 level=INFO msg=grant from=fight to=advance class=travel urgency=0.40 why="released: fight stopped bidding"
S 06:28:10 #4703 ses=InGame mode=World ui=npcmenu+inventory cur=- hold=advance held=5.6s gate=- phase=- hp=127 mp=225 pos=5729,4549 en=207
S 06:28:12 #4704 ses=InGame mode=World ui=npcmenu+inventory cur=- hold=advance held=7.5s gate=- phase=- hp=127 mp=231 pos=5756,4550 en=207
T L=grant from=advance to=fight why="preempt: fight > travel" tick=4704
time=2026-09-24T06:28:12.053+03:00 level=INFO msg=grant from=advance to=fight class=fight urgency=0.98 why="preempt: fight > travel"
T L=ui from=world+npcmenu+inventory to=world+npcmenu+shop+inventory why="vendor empty grid" tick=4705 hold=fight
S 06:28:13 #4708 ses=InGame mode=World ui=npcmenu+shop+inventory cur=- hold=fight held=1.3s gate=- phase=- hp=126 mp=217 pos=5756,4553 en=207
T L=grant from=fight to=advance why="released: fight stopped bidding" tick=4715
time=2026-09-24T06:28:13.736+03:00 level=INFO msg=grant from=fight to=advance class=travel urgency=0.40 why="released: fight stopped bidding"
S 06:28:15 #4716 ses=InGame mode=World ui=npcmenu+shop+inventory cur=- hold=advance held=9.4s gate=- phase=- hp=127 mp=248 pos=5758,4549 en=205
time=2026-09-24T06:28:17.408+03:00 level=INFO msg=status pos=(5758,4549) area=42 hp=127 mp=248 maxmana=35 lvl=26 gold=89985 weapon=melee arrows=-1 holder=advance
S 06:28:17 #4717 ses=InGame mode=World ui=npcmenu+shop+inventory cur=- hold=advance held=11.2s gate=- phase=- hp=127 mp=248 pos=5763,4558 en=88
S 06:28:19 #4718 ses=InGame mode=World ui=npcmenu+shop+inventory cur=- hold=advance held=13.1s gate=- phase=- hp=127 mp=248 pos=5759,4549 en=205
S 06:28:21 #4719 ses=InGame mode=World ui=npcmenu+shop+inventory cur=- hold=advance held=14.9s gate=- phase=- hp=127 mp=248 pos=5761,4576 en=14
S 06:28:23 #4720 ses=InGame mode=World ui=npcmenu+shop+inventory cur=- hold=advance held=16.8s gate=- phase=- hp=127 mp=248 pos=5760,4553 en=88
S 06:28:24 #4721 ses=InGame mode=World ui=npcmenu+shop+inventory cur=- hold=advance held=18.7s gate=- phase=- hp=127 mp=248 pos=5758,4549 en=205
S 06:28:26 #4722 ses=InGame mode=World ui=npcmenu+shop+inventory cur=- hold=advance held=20.5s gate=- phase=- hp=127 mp=248 pos=5763,4558 en=88
T L=grant from=advance to=imbibe why="preempt: loot > travel" tick=4722
time=2026-09-24T06:28:26.757+03:00 level=INFO msg=grant from=advance to=imbibe class=loot urgency=0.45 why="preempt: loot > travel"
time=2026-09-24T06:28:26.761+03:00 level=INFO msg=verdict activity=imbibe verdict=done
T L=grant from=imbibe to=- why="end: done/completed" tick=4722
T L=grant from=imbibe to=advance why="fresh: imbibe done/completed" tick=4723
time=2026-09-24T06:28:26.825+03:00 level=INFO msg=grant from=imbibe to=advance class=travel urgency=0.40 why="fresh: imbibe done/completed"
time=2026-09-24T06:28:28.583+03:00 level=INFO msg=status pos=(5763,4558) area=42 hp=127 mp=248 maxmana=35 lvl=26 gold=90380 weapon=melee arrows=-1 holder=advance
S 06:28:28 #4724 ses=InGame mode=World ui=npcmenu+shop+inventory cur=- hold=advance held=22.3s gate=- phase=- hp=127 mp=248 pos=5759,4549 en=205
S 06:28:30 #4725 ses=InGame mode=World ui=npcmenu+shop+inventory cur=- hold=advance held=24.2s gate=- phase=- hp=127 mp=248 pos=5761,4577 en=14
S 06:28:32 #4726 ses=InGame mode=World ui=npcmenu+shop+inventory cur=- hold=advance held=26.0s gate=- phase=- hp=127 mp=248 pos=5760,4553 en=88
S 06:28:34 #4727 ses=InGame mode=World ui=npcmenu+shop+inventory cur=- hold=advance held=27.9s gate=- phase=- hp=127 mp=248 pos=5760,4548 en=88
time=2026-09-24T06:28:34.336+03:00 level=INFO msg=outcome verb=stride holder=advance tgt=(5785,4523) result=blocked ev="boxed in at (5760,4548): no open heading within ±112° — no push emitted"
S 06:28:36 #4729 ses=InGame mode=World ui=npcmenu+shop+inventory cur=- hold=advance held=29.9s gate=- phase=- hp=127 mp=248 pos=5759,4576 en=62
time=2026-09-24T06:28:38.066+03:00 level=INFO msg="screen: capture cost (Screenshot+Observe)" p50=33.8ms p99=48ms max=48ms n=87 perSec=1.4
S 06:28:38 #4730 ses=InGame mode=World ui=npcmenu+shop+inventory cur=- hold=advance held=31.8s gate=- phase=- hp=127 mp=248 pos=5763,4578 en=14
time=2026-09-24T06:28:39.872+03:00 level=INFO msg=status pos=(5763,4578) area=42 hp=127 mp=248 maxmana=35 lvl=26 gold=90380 weapon=melee arrows=-1 holder=advance
S 06:28:39 #4731 ses=InGame mode=World ui=npcmenu+shop+inventory cur=- hold=advance held=33.6s gate=- phase=- hp=127 mp=248 pos=5761,4605 en=1
S 06:28:41 #4732 ses=InGame mode=World ui=npcmenu+shop+inventory cur=- hold=advance held=35.4s gate=- phase=- hp=127 mp=248 pos=5763,4604 en=1
S 06:28:43 #4733 ses=InGame mode=World ui=npcmenu+shop+inventory cur=- hold=advance held=37.2s gate=- phase=- hp=127 mp=248 pos=5760,4630 en=1
S 06:28:45 #4734 ses=InGame mode=World ui=npcmenu+shop+inventory cur=- hold=advance held=39.1s gate=- phase=- hp=127 mp=248 pos=5762,4659 en=2
S 06:28:47 #4735 ses=InGame mode=World ui=npcmenu+shop+inventory cur=- hold=advance held=40.9s gate=- phase=- hp=127 mp=248 pos=5780,4678 en=2
S 06:28:48 #4736 ses=InGame mode=World ui=npcmenu+shop+inventory cur=- hold=advance held=42.7s gate=- phase=- hp=127 mp=248 pos=5811,4677 en=108
time=2026-09-24T06:28:48.989+03:00 level=INFO msg="executive: grid re-aligned" area=43
T L=nav act=advance from=noplan to=following why="route 1 legs 13 tiles (5814,4676)->(5827,4676)" tick=4739
time=2026-09-24T06:28:49.772+03:00 level=INFO msg=verdict activity=advance verdict=done
T L=grant from=advance to=- why="end: done/completed" tick=4741
T L=grant from=advance to=advance why="fresh: advance done/completed" tick=4742
time=2026-09-24T06:28:49.847+03:00 level=INFO msg=grant from=advance to=advance class=travel urgency=0.40 why="fresh: advance done/completed"
time=2026-09-24T06:28:49.848+03:00 level=INFO msg=outcome verb=intent holder=advance tgt="" result=done ev="release 56 (reached)"
time=2026-09-24T06:28:49.849+03:00 level=INFO msg=outcome verb=intent holder=advance tgt="" result=done ev="commit adopt leg 10 (62) from 43"
time=2026-09-24T06:28:49.853+03:00 level=INFO msg=outcome verb=nav holder=march tgt="" result=refused ev="me=(5825,4676) area=43 tgt=(5698,5302) way=(0,0)"
T L=nav act=advance from=noplan to=following why="route 16 legs 418 tiles (5826,4676)->(5802,4997)" tick=4742
time=2026-09-24T06:28:50.259+03:00 level=INFO msg=status pos=(5825,4676) area=43 hp=127 mp=248 maxmana=35 lvl=26 gold=90711 weapon=melee arrows=-1 holder=advance
S 06:28:50 #4743 ses=InGame mode=World ui=npcmenu+shop+inventory cur=- hold=advance held=0.4s gate=- phase=- hp=127 mp=248 pos=5832,4679 en=108
time=2026-09-24T06:28:50.695+03:00 level=INFO msg="cartographer: ROAD learned" from=42 to=43 crumbs=13
time=2026-09-24T06:28:50.696+03:00 level=INFO msg="cartographer: door learned" from=42 to=43 at=(5780,4678)
S 06:28:51 #4746 ses=InGame mode=World ui=npcmenu+shop+inventory cur=- hold=advance held=1.9s gate=- phase=- hp=127 mp=248 pos=5853,4690 en=219
T L=grant from=advance to=fight why="preempt: fight > travel" tick=4747
time=2026-09-24T06:28:52.224+03:00 level=INFO msg=grant from=advance to=fight class=fight urgency=0.98 why="preempt: fight > travel"
T L=ui from=world+npcmenu+shop+inventory to=world+npcmenu+inventory why="shop gone" tick=4751 hold=fight
S 06:28:52 #4756 ses=InGame mode=World ui=npcmenu+inventory cur=- hold=fight held=0.5s gate=- phase=- hp=127 mp=245 pos=5862,4694 en=219
S 06:28:53 #4776 ses=InGame mode=World ui=npcmenu+inventory cur=- hold=fight held=1.5s gate=- phase=- hp=127 mp=245 pos=5862,4694 en=215
time=2026-09-24T06:28:55.527+03:00 level=INFO msg=outcome verb=hoverstrike holder=fight tgt="unit=6030" result=whiff ev="no hover confirmation on target (aim=669,403 dTile=-1,4 seen=[3347/t4 3347/t4 3347/t4 3347/t4 3347/t4 3347/t4 3347/t4 634/t2 634/t2 5989/t1])"
S 06:28:55 #4785 ses=InGame mode=World ui=npcmenu+inventory cur=- hold=fight held=3.5s gate=- phase=- hp=127 mp=220 pos=5862,4695 en=212
T L=grant from=fight to=stand why="preempt: survive > fight" tick=4785
time=2026-09-24T06:28:55.782+03:00 level=INFO msg=grant from=fight to=stand class=survive urgency=1.50 why="preempt: survive > fight"
T L=grant from=stand to=fight why="released: stand stopped bidding" tick=4786
time=2026-09-24T06:28:56.034+03:00 level=INFO msg=grant from=stand to=fight class=fight urgency=0.98 why="released: stand stopped bidding"
S 06:28:56 #4799 ses=InGame mode=World ui=npcmenu+inventory cur=- hold=fight held=4.3s gate=- phase=- hp=125 mp=220 pos=5867,4702 en=204
S 06:28:57 #4820 ses=InGame mode=World ui=npcmenu+inventory cur=- hold=fight held=5.3s gate=- phase=- hp=126 mp=248 pos=5865,4701 en=192
S 06:28:58 #4841 ses=InGame mode=World ui=npcmenu+inventory cur=- hold=fight held=6.4s gate=- phase=- hp=127 mp=245 pos=5865,4701 en=185
T L=grant from=fight to=stand why="preempt: survive > fight" tick=4854
time=2026-09-24T06:28:59.643+03:00 level=INFO msg=grant from=fight to=stand class=survive urgency=1.50 why="preempt: survive > fight"
S 06:28:59 #4856 ses=InGame mode=World ui=npcmenu+inventory cur=- hold=stand held=0.3s gate=- phase=- hp=126 mp=245 pos=5865,4701 en=182
time=2026-09-24T06:29:00.470+03:00 level=INFO msg=status pos=(5865,4701) area=43 hp=122 mp=248 maxmana=35 lvl=26 gold=90711 weapon=melee arrows=-1 holder=stand
S 06:29:01 #4875 ses=InGame mode=World ui=npcmenu+inventory cur=- hold=stand held=1.5s gate=- phase=- hp=120 mp=245 pos=5865,4700 en=180
S 06:29:02 #4893 ses=InGame mode=World ui=npcmenu+inventory cur=- hold=stand held=2.5s gate=- phase=- hp=121 mp=248 pos=5865,4700 en=174
S 06:29:03 #4907 ses=InGame mode=World ui=npcmenu+inventory cur=- hold=stand held=3.5s gate=- phase=- hp=119 mp=245 pos=5865,4700 en=169
S 06:29:04 #4922 ses=InGame mode=World ui=npcmenu+inventory cur=- hold=stand held=4.6s gate=- phase=- hp=105 mp=245 pos=5865,4700 en=166
S 06:29:05 #4941 ses=InGame mode=World ui=npcmenu+inventory cur=- hold=stand held=5.7s gate=- phase=- hp=98 mp=248 pos=5865,4700 en=159
S 06:29:06 #4954 ses=InGame mode=World ui=npcmenu+inventory cur=- hold=stand held=6.7s gate=- phase=- hp=101 mp=245 pos=5865,4700 en=154
S 06:29:07 #4967 ses=InGame mode=World ui=npcmenu+inventory cur=- hold=stand held=7.8s gate=- phase=- hp=96 mp=217 pos=5865,4700 en=147
T L=grant from=stand to=fight why="released: stand stopped bidding" tick=4972
time=2026-09-24T06:29:07.585+03:00 level=INFO msg=grant from=stand to=fight class=fight urgency=0.98 why="released: stand stopped bidding"
time=2026-09-24T06:29:09.705+03:00 level=INFO msg=outcome verb=hoverstrike holder=fight tgt="unit=6062" result=whiff ev="no hover confirmation on target (aim=787,482 dTile=5,5 seen=[- 6187/t1 - - - - 3385/t4 6187/t1 6187/t1 6187/t1])"
S 06:29:09 #4983 ses=InGame mode=World ui=npcmenu+inventory cur=- hold=fight held=9.5s gate=- phase=- hp=102 mp=220 pos=5856,4692 en=140
T L=ui from=world+npcmenu+inventory to=world+npcmenu+shop+inventory why="vendor empty grid" tick=4985 hold=fight
time=2026-09-24T06:29:10.499+03:00 level=INFO msg=status pos=(5860,4693) area=43 hp=102 mp=220 maxmana=35 lvl=26 gold=90711 weapon=melee arrows=-1 holder=fight
T L=ui from=world+npcmenu+shop+inventory to=world+npcmenu+inventory why="shop gone" tick=4990 hold=fight
S 06:29:10 #4996 ses=InGame mode=World ui=npcmenu+inventory cur=- hold=fight held=10.6s gate=- phase=- hp=104 mp=242 pos=5860,4693 en=136
S 06:29:12 #5014 ses=InGame mode=World ui=npcmenu+inventory cur=- hold=fight held=11.6s gate=- phase=- hp=115 mp=220 pos=5865,4690 en=134
S 06:29:13 #5031 ses=InGame mode=World ui=npcmenu+inventory cur=- hold=fight held=12.6s gate=- phase=- hp=127 mp=220 pos=5865,4691 en=126
S 06:29:14 #5038 ses=InGame mode=World ui=npcmenu+inventory cur=- hold=fight held=13.6s gate=- phase=- hp=125 mp=220 pos=5866,4697 en=116
S 06:29:15 #5047 ses=InGame mode=World ui=npcmenu+inventory cur=- hold=fight held=14.7s gate=- phase=- hp=123 mp=220 pos=5864,4704 en=106
S 06:29:16 #5060 ses=InGame mode=World ui=npcmenu+inventory cur=- hold=fight held=15.7s gate=- phase=- hp=126 mp=220 pos=5869,4702 en=105
time=2026-09-24T06:29:18.021+03:00 level=INFO msg=outcome verb=hoverstrike holder=fight tgt="unit=6199" result=whiff ev="no hover confirmation on target (aim=787,305 dTile=-3,-4 seen=[3393/t4 3393/t4 3393/t4 3393/t4 3393/t4 3393/t4 3393/t4 3369/t4 3369/t4 3369/t4])"
S 06:29:18 #5067 ses=InGame mode=World ui=npcmenu+inventory cur=- hold=fight held=17.9s gate=- phase=- hp=127 mp=220 pos=5870,4702 en=96
time=2026-09-24T06:29:19.856+03:00 level=INFO msg=outcome verb=hoverstrike holder=fight tgt="unit=6024" result=whiff ev="no hover confirmation on target (aim=669,463 dTile=-4,-1 seen=[6056/t1 6056/t1 3346/t4 6056/t1 6056/t1 6056/t1 3367/t4 3367/t4 3367/t4 3367/t4])"
S 06:29:20 #5068 ses=InGame mode=World ui=npcmenu+inventory cur=- hold=fight held=19.7s gate=- phase=- hp=127 mp=214 pos=5864,4694 en=93
time=2026-09-24T06:29:20.607+03:00 level=INFO msg=status pos=(5863,4696) area=43 hp=127 mp=217 maxmana=35 lvl=26 gold=90711 weapon=melee arrows=-1 holder=fight
time=2026-09-24T06:29:22.709+03:00 level=INFO msg=outcome verb=hoverstrike holder=fight tgt="unit=6154" result=whiff ev="no hover confirmation on target (aim=787,463 dTile=5,4 seen=[3383/t4 3383/t4 3345/t4 3345/t4 3345/t4 3345/t4 3345/t4 6129/t1 6129/t1 6129/t1])"
S 06:29:22 #5082 ses=InGame mode=World ui=npcmenu+inventory cur=- hold=fight held=22.6s gate=- phase=- hp=127 mp=220 pos=5863,4698 en=86
time=2026-09-24T06:29:25.337+03:00 level=INFO msg=outcome verb=hoverstrike holder=fight tgt="unit=6084" result=whiff ev="no hover confirmation on target (aim=669,345 dTile=-4,1 seen=[3344/t4 3344/t4 3344/t4 3344/t4 3344/t4 3344/t4 3344/t4 3344/t4 3344/t4 3344/t4])"
S 06:29:25 #5092 ses=InGame mode=World ui=npcmenu+inventory cur=- hold=fight held=25.3s gate=- phase=- hp=127 mp=220 pos=5870,4702 en=78
S 06:29:26 #5106 ses=InGame mode=World ui=npcmenu+inventory cur=- hold=fight held=26.3s gate=- phase=- hp=127 mp=220 pos=5862,4699 en=77
S 06:29:27 #5119 ses=InGame mode=World ui=npcmenu+inventory cur=- hold=fight held=27.3s gate=- phase=- hp=127 mp=248 pos=5870,4697 en=74
S 06:29:29 #5132 ses=InGame mode=World ui=npcmenu+inventory cur=- hold=fight held=28.6s gate=- phase=- hp=126 mp=191 pos=5864,4694 en=71
S 06:29:30 #5143 ses=InGame mode=World ui=npcmenu+inventory cur=- hold=fight held=29.8s gate=- phase=- hp=127 mp=182 pos=5867,4696 en=68
time=2026-09-24T06:29:30.613+03:00 level=INFO msg=status pos=(5869,4698) area=43 hp=127 mp=182 maxmana=35 lvl=26 gold=90711 weapon=melee arrows=-1 holder=fight
S 06:29:31 #5154 ses=InGame mode=World ui=npcmenu+inventory cur=- hold=fight held=31.1s gate=- phase=- hp=127 mp=171 pos=5870,4699 en=68
S 06:29:32 #5168 ses=InGame mode=World ui=npcmenu+inventory cur=- hold=fight held=32.1s gate=- phase=- hp=127 mp=145 pos=5873,4702 en=67
S 06:29:33 #5177 ses=InGame mode=World ui=npcmenu+inventory cur=- hold=fight held=33.2s gate=- phase=- hp=127 mp=151 pos=5873,4696 en=65
time=2026-09-24T06:29:35.248+03:00 level=INFO msg=outcome verb=hoverstrike holder=fight tgt="unit=6059" result=whiff ev="no hover confirmation on target (aim=749,423 dTile=-6,3 seen=[3368/t4 3367/t4 3367/t4 3368/t4 3393/t4 3383/t4 3383/t4 3393/t4 3368/t4 3393/t4])"
S 06:29:35 #5178 ses=InGame mode=World ui=npcmenu+inventory cur=- hold=fight held=35.1s gate=- phase=- hp=127 mp=148 pos=5865,4696 en=64
time=2026-09-24T06:29:37.649+03:00 level=INFO msg=outcome verb=hoverstrike holder=fight tgt="unit=6210" result=whiff ev="no hover confirmation on target (aim=807,453 dTile=4,3 seen=[3393/t4 3393/t4 3393/t4 3393/t4 3393/t4 3393/t4 3393/t4 3393/t4 3393/t4 3393/t4])"
S 06:29:37 #5180 ses=InGame mode=World ui=npcmenu+inventory cur=- hold=fight held=37.6s gate=- phase=- hp=127 mp=137 pos=5863,4696 en=61
T L=grant from=fight to=imbibe why="released: fight stopped bidding" tick=5180
time=2026-09-24T06:29:38.020+03:00 level=INFO msg=grant from=fight to=imbibe class=loot urgency=0.45 why="released: fight stopped bidding"
time=2026-09-24T06:29:39.498+03:00 level=INFO msg="screen: capture cost (Screenshot+Observe)" p50=35.4ms p99=45.7ms max=46.4ms n=176 perSec=2.9
S 06:29:39 #5181 ses=InGame mode=World ui=npcmenu+inventory cur=- hold=imbibe held=1.5s gate=- phase=- hp=127 mp=142 pos=5865,4696 en=62
T L=grant from=imbibe to=fight why="released: imbibe stopped bidding" tick=5181
time=2026-09-24T06:29:39.563+03:00 level=INFO msg=grant from=imbibe to=fight class=fight urgency=0.84 why="released: imbibe stopped bidding"
time=2026-09-24T06:29:41.161+03:00 level=INFO msg=outcome verb=hoverstrike holder=fight tgt="unit=6216" result=whiff ev="no hover confirmation on target (aim=610,393 dTile=-5,8 seen=[6218/t1 3347/t4 3386/t4 3347/t4 3365/t4 3365/t4 3365/t4 6090/t1 3386/t4 3347/t4])"
time=2026-09-24T06:29:41.382+03:00 level=INFO msg=status pos=(5865,4696) area=43 hp=127 mp=142 maxmana=35 lvl=26 gold=90711 weapon=melee arrows=-1 holder=fight
S 06:29:41 #5182 ses=InGame mode=World ui=npcmenu+inventory cur=- hold=fight held=1.9s gate=- phase=- hp=127 mp=122 pos=5865,4696 en=61
T L=grant from=fight to=stand why="preempt: survive > fight" tick=5183
time=2026-09-24T06:29:41.483+03:00 level=INFO msg=grant from=fight to=stand class=survive urgency=1.50 why="preempt: survive > fight"
T L=grant from=stand to=fight why="released: stand stopped bidding" tick=5184
time=2026-09-24T06:29:41.753+03:00 level=INFO msg=grant from=stand to=fight class=fight urgency=0.98 why="released: stand stopped bidding"
S 06:29:42 #5187 ses=InGame mode=World ui=npcmenu+inventory cur=- hold=fight held=2.7s gate=- phase=- hp=126 mp=97 pos=5860,4700 en=60
time=2026-09-24T06:29:44.851+03:00 level=INFO msg=outcome verb=hoverstrike holder=fight tgt="unit=6215" result=whiff ev="no hover confirmation on target (aim=827,403 dTile=-4,5 seen=[- - 6047/t1 - 3390/t4 3390/t4 3390/t4 - - -])"
S 06:29:45 #5191 ses=InGame mode=World ui=npcmenu+inventory cur=- hold=fight held=5.3s gate=- phase=- hp=127 mp=220 pos=5855,4703 en=57
S 06:29:46 #5195 ses=InGame mode=World ui=npcmenu+inventory cur=- hold=fight held=6.5s gate=- phase=- hp=127 mp=194 pos=5857,4702 en=55
S 06:29:47 #5207 ses=InGame mode=World ui=npcmenu+inventory cur=- hold=fight held=7.5s gate=- phase=- hp=127 mp=220 pos=5850,4704 en=53
S 06:29:48 #5215 ses=InGame mode=World ui=npcmenu+inventory cur=- hold=fight held=8.9s gate=- phase=- hp=127 mp=220 pos=5853,4707 en=51
time=2026-09-24T06:29:50.100+03:00 level=INFO msg=outcome verb=hoverstrike holder=fight tgt="unit=6219" result=whiff ev="no hover confirmation on target (aim=827,463 dTile=6,3 seen=[- - - 3440/t4 - - 3440/t4 - - -])"
S 06:29:50 #5216 ses=InGame mode=World ui=npcmenu+inventory cur=- hold=fight held=10.5s gate=- phase=- hp=127 mp=202 pos=5853,4707 en=50
time=2026-09-24T06:29:52.219+03:00 level=INFO msg=outcome verb=hoverstrike holder=fight tgt="unit=6049" result=whiff ev="no hover confirmation on target (aim=650,355 dTile=-4,2 seen=[- - - - - - - - - -])"
time=2026-09-24T06:29:52.486+03:00 level=INFO msg=status pos=(5856,4707) area=43 hp=127 mp=205 maxmana=35 lvl=26 gold=90711 weapon=melee arrows=-1 holder=fight
S 06:29:52 #5224 ses=InGame mode=World ui=npcmenu+inventory cur=- hold=fight held=12.7s gate=- phase=- hp=127 mp=191 pos=5856,4707 en=48
T L=grant from=fight to=imbibe why="released: fight stopped bidding" tick=5224
time=2026-09-24T06:29:52.576+03:00 level=INFO msg=grant from=fight to=imbibe class=loot urgency=0.45 why="released: fight stopped bidding"
S 06:29:54 #5225 ses=InGame mode=World ui=npcmenu+inventory cur=- hold=imbibe held=1.5s gate=- phase=- hp=127 mp=197 pos=5847,4692 en=49
S 06:29:55 #5226 ses=InGame mode=World ui=npcmenu+inventory cur=- hold=imbibe held=3.0s gate=- phase=- hp=127 mp=202 pos=5867,4696 en=48
S 06:29:57 #5227 ses=InGame mode=World ui=npcmenu+inventory cur=- hold=imbibe held=4.5s gate=- phase=- hp=127 mp=208 pos=5851,4690 en=48
time=2026-09-24T06:29:57.432+03:00 level=INFO msg=verdict activity=imbibe verdict=done
T L=grant from=imbibe to=- why="end: done/completed" tick=5231
T L=grant from=imbibe to=advance why="fresh: imbibe done/completed" tick=5232
time=2026-09-24T06:29:57.447+03:00 level=INFO msg=grant from=imbibe to=advance class=travel urgency=0.40 why="fresh: imbibe done/completed"
time=2026-09-24T06:29:57.482+03:00 level=INFO msg=outcome verb=nav holder=march tgt="" result=refused ev="me=(5851,4692) area=43 tgt=(5698,5302) way=(0,0)"
time=2026-09-24T06:29:57.494+03:00 level=INFO msg=outcome verb=escalate holder=advance tgt="" result=done ev="rung 0 (replan) for intent.62: 60s stall at (5698,5302)"
T L=nav act=advance from=noplan to=following why="route 15 legs 388 tiles (5851,4692)->(5802,4997)" tick=5233
S 06:29:58 #5234 ses=InGame mode=World ui=npcmenu+inventory cur=- hold=advance held=3.1s gate=- phase=- hp=127 mp=211 pos=5857,4692 en=48
S 06:29:59 #5236 ses=InGame mode=World ui=npcmenu+inventory cur=- hold=advance held=4.3s gate=- phase=- hp=127 mp=220 pos=5876,4702 en=47
T L=grant from=advance to=fight why="preempt: fight > travel" tick=5237
time=2026-09-24T06:29:59.970+03:00 level=INFO msg=grant from=advance to=fight class=fight urgency=0.90 why="preempt: fight > travel"
S 06:30:00 #5240 ses=InGame mode=World ui=npcmenu+inventory cur=- hold=fight held=0.5s gate=- phase=- hp=127 mp=194 pos=5888,4707 en=274
S 06:30:01 #5250 ses=InGame mode=World ui=npcmenu+inventory cur=- hold=fight held=1.5s gate=- phase=- hp=127 mp=182 pos=5888,4703 en=272
time=2026-09-24T06:30:03.536+03:00 level=INFO msg=outcome verb=hoverstrike holder=fight tgt="unit=6222" result=whiff ev="no hover confirmation on target (aim=669,325 dTile=-7,2 seen=[3437/t4 3437/t4 3437/t4 3437/t4 3437/t4 3437/t4 3437/t4 3437/t4 3437/t4 3437/t4])"
time=2026-09-24T06:30:03.850+03:00 level=INFO msg=status pos=(5888,4703) area=43 hp=127 mp=182 maxmana=35 lvl=26 gold=91732 weapon=melee arrows=-1 holder=fight
S 06:30:03 #5251 ses=InGame mode=World ui=npcmenu+inventory cur=- hold=fight held=3.9s gate=- phase=- hp=127 mp=188 pos=5886,4705 en=268
T L=grant from=fight to=stand why="preempt: survive > fight" tick=5251
time=2026-09-24T06:30:03.944+03:00 level=INFO msg=grant from=fight to=stand class=survive urgency=1.50 why="preempt: survive > fight"
T L=grant from=stand to=fight why="released: stand stopped bidding" tick=5252
time=2026-09-24T06:30:04.302+03:00 level=INFO msg=grant from=stand to=fight class=fight urgency=0.82 why="released: stand stopped bidding"
T L=grant from=fight to=advance why="released: fight stopped bidding" tick=5253
time=2026-09-24T06:30:04.672+03:00 level=INFO msg=grant from=fight to=advance class=travel urgency=0.40 why="released: fight stopped bidding"
time=2026-09-24T06:30:04.716+03:00 level=INFO msg=outcome verb=nav holder=march tgt="" result=refused ev="me=(5878,4701) area=43 tgt=(5698,5302) way=(0,0)"
S 06:30:05 #5254 ses=InGame mode=World ui=npcmenu+inventory cur=- hold=advance held=5.6s gate=- phase=- hp=127 mp=165 pos=5887,4703 en=268
T L=grant from=advance to=fight why="preempt: fight > travel" tick=5254
time=2026-09-24T06:30:05.376+03:00 level=INFO msg=grant from=advance to=fight class=fight urgency=0.98 why="preempt: fight > travel"
S 06:30:06 #5258 ses=InGame mode=World ui=npcmenu+inventory cur=- hold=fight held=1.1s gate=- phase=- hp=127 mp=197 pos=5893,4703 en=261
S 06:30:07 #5262 ses=InGame mode=World ui=npcmenu+inventory cur=- hold=fight held=2.5s gate=- phase=- hp=127 mp=165 pos=5895,4701 en=255
time=2026-09-24T06:30:10.200+03:00 level=INFO msg=outcome verb=hoverstrike holder=fight tgt="unit=6205" result=whiff ev="no hover confirmation on target (aim=906,403 dTile=4,-2 seen=[- - - 6192/t1 6192/t1 - - - - -])"
S 06:30:10 #5265 ses=InGame mode=World ui=npcmenu+inventory cur=- hold=fight held=5.1s gate=- phase=- hp=127 mp=217 pos=5894,4708 en=251
S 06:30:11 #5277 ses=InGame mode=World ui=npcmenu+inventory cur=- hold=fight held=6.1s gate=- phase=- hp=127 mp=205 pos=5900,4707 en=246
S 06:30:12 #5288 ses=InGame mode=World ui=npcmenu+inventory cur=- hold=fight held=7.2s gate=- phase=- hp=127 mp=220 pos=5895,4707 en=241
time=2026-09-24T06:30:14.544+03:00 level=INFO msg=outcome verb=hoverstrike holder=fight tgt="unit=6453" result=whiff ev="no hover confirmation on target (aim=827,482 dTile=6,3 seen=[- - 3464/t4 3453/t4 3464/t4 3464/t4 3453/t4 3457/t4 3457/t4 -])"
time=2026-09-24T06:30:14.793+03:00 level=INFO msg=status pos=(5895,4707) area=43 hp=127 mp=220 maxmana=35 lvl=26 gold=91732 weapon=melee arrows=-1 holder=fight
S 06:30:14 #5289 ses=InGame mode=World ui=npcmenu+inventory cur=- hold=fight held=9.4s gate=- phase=- hp=127 mp=208 pos=5894,4706 en=240
S 06:30:15 #5305 ses=InGame mode=World ui=npcmenu+inventory cur=- hold=fight held=10.5s gate=- phase=- hp=127 mp=211 pos=5899,4709 en=239
S 06:30:16 #5321 ses=InGame mode=World ui=npcmenu+inventory cur=- hold=fight held=11.5s gate=- phase=- hp=125 mp=220 pos=5903,4713 en=238
S 06:30:18 #5326 ses=InGame mode=World ui=npcmenu+inventory cur=- hold=fight held=13.0s gate=- phase=- hp=127 mp=220 pos=5904,4705 en=234
time=2026-09-24T06:30:20.541+03:00 level=INFO msg=outcome verb=hoverstrike holder=fight tgt="unit=6363" result=whiff ev="no hover confirmation on target (aim=669,403 dTile=-1,4 seen=[3453/t4 3453/t4 3453/t4 - 3453/t4 3453/t4 - 3453/t4 3453/t4 6428/t1])"
S 06:30:20 #5327 ses=InGame mode=World ui=npcmenu+inventory cur=- hold=fight held=15.5s gate=- phase=- hp=127 mp=217 pos=5904,4705 en=229
S 06:30:21 #5332 ses=InGame mode=World ui=npcmenu+inventory cur=- hold=fight held=16.5s gate=- phase=- hp=127 mp=220 pos=5900,4707 en=227
time=2026-09-24T06:30:24.217+03:00 level=INFO msg=outcome verb=hoverstrike holder=fight tgt="unit=6248" result=whiff ev="no hover confirmation on target (aim=827,403 dTile=4,0 seen=[- 3461/t4 3461/t4 3461/t4 3461/t4 3461/t4 3461/t4 - - -])"
S 06:30:24 #5334 ses=InGame mode=World ui=npcmenu+inventory cur=- hold=fight held=19.1s gate=- phase=- hp=127 mp=220 pos=5901,4705 en=225
T L=grant from=fight to=stand why="preempt: survive > fight" tick=5334
time=2026-09-24T06:30:24.549+03:00 level=INFO msg=grant from=fight to=stand class=survive urgency=1.50 why="preempt: survive > fight"
T L=grant from=stand to=fight why="released: stand stopped bidding" tick=5335
time=2026-09-24T06:30:24.845+03:00 level=INFO msg=grant from=stand to=fight class=fight urgency=0.98 why="released: stand stopped bidding"
time=2026-09-24T06:30:24.972+03:00 level=INFO msg=status pos=(5903,4706) area=43 hp=127 mp=220 maxmana=35 lvl=26 gold=91732 weapon=melee arrows=-1 holder=fight
S 06:30:25 #5344 ses=InGame mode=World ui=npcmenu+inventory cur=- hold=fight held=19.9s gate=- phase=- hp=127 mp=191 pos=5904,4706 en=218
time=2026-09-24T06:30:26.153+03:00 level=WARN msg=PATHOLOGY kind=thrash detail="8 handovers/30s among 3 holders" cooling=fight for=8s
T L=grant from=fight to=- why="end: abandoned/judged: watchdog thrash; cool fight 8s" tick=5348
T L=grant from=fight to=advance why="fresh: fight abandoned/judged: watchdog thrash; cool fight 8s" tick=5349
time=2026-09-24T06:30:26.185+03:00 level=INFO msg=grant from=fight to=advance class=travel urgency=0.40 why="fresh: fight abandoned/judged: watchdog thrash; cool fight 8s"
time=2026-09-24T06:30:26.252+03:00 level=INFO msg=outcome verb=nav holder=wp-touch tgt="" result=refused ev="me=(5908,4702) area=43 tgt=(5939,4659) way=(0,0)"
S 06:30:26 #5350 ses=InGame mode=World ui=npcmenu+inventory cur=- hold=advance held=6.3s gate=- phase=- hp=127 mp=248 pos=5910,4698 en=213
S 06:30:28 #5352 ses=InGame mode=World ui=npcmenu+inventory cur=- hold=advance held=7.6s gate=- phase=- hp=127 mp=248 pos=5916,4684 en=212
S 06:30:29 #5354 ses=InGame mode=World ui=npcmenu+inventory cur=- hold=advance held=8.8s gate=- phase=- hp=127 mp=248 pos=5926,4670 en=83
time=2026-09-24T06:30:29.360+03:00 level=INFO msg=outcome verb=nav holder=wp-touch tgt="" result=refused ev="me=(5926,4670) area=43 tgt=(5939,4659) way=(5926,4672)"
S 06:30:30 #5356 ses=InGame mode=World ui=npcmenu+inventory cur=- hold=advance held=9.8s gate=- phase=- hp=127 mp=248 pos=5937,4660 en=82
time=2026-09-24T06:30:30.395+03:00 level=INFO msg="cartographer: PAD lit by proximity" area=43
T L=nav act=advance from=following to=noplan why="diverged 64.2 tiles off path at (5937,4660)" tick=5356
T L=nav act=advance from=noplan to=following why="route 9 legs 383 tiles (5937,4660)->(5802,4997)" tick=5356
S 06:30:31 #5358 ses=InGame mode=World ui=npcmenu+inventory cur=- hold=advance held=10.9s gate=- phase=- hp=127 mp=248 pos=5932,4674 en=81
time=2026-09-24T06:30:31.512+03:00 level=WARN msg=PATHOLOGY kind=thrash detail="7 handovers/30s among 3 holders" cooling=advance for=8s
time=2026-09-24T06:30:31.512+03:00 level=INFO msg=outcome verb=escalate holder=advance tgt="" result=done ev="rung 1 (alternate) for intent.62: watchdog thrash"
T L=grant from=advance to=- why="end: abandoned/judged: watchdog thrash; cool advance 8s" tick=5358
time=2026-09-24T06:30:31.516+03:00 level=INFO msg="status: idle" pos=(5932,4675) area=43 hp=127 lvl=26
T L=grant from=- to=fight why="fresh: no holder" tick=5362
time=2026-09-24T06:30:32.198+03:00 level=INFO msg=grant from="" to=fight class=fight urgency=0.98 why="fresh: no holder"
S 06:30:32 #5364 ses=InGame mode=World ui=npcmenu+inventory cur=- hold=fight held=0.6s gate=- phase=- hp=125 mp=245 pos=5928,4684 en=208
S 06:30:33 #5380 ses=InGame mode=World ui=npcmenu+inventory cur=- hold=fight held=1.6s gate=- phase=- hp=127 mp=248 pos=5922,4686 en=206
S 06:30:34 #5387 ses=InGame mode=World ui=npcmenu+inventory cur=- hold=fight held=2.7s gate=- phase=- hp=127 mp=191 pos=5920,4686 en=201
S 06:30:36 #5390 ses=InGame mode=World ui=npcmenu+inventory cur=- hold=fight held=3.9s gate=- phase=- hp=127 mp=220 pos=5924,4690 en=193
S 06:30:37 #5395 ses=InGame mode=World ui=npcmenu+inventory cur=- hold=fight held=5.0s gate=- phase=- hp=127 mp=202 pos=5924,4692 en=191
S 06:30:38 #5405 ses=InGame mode=World ui=npcmenu+inventory cur=- hold=fight held=6.4s gate=- phase=- hp=127 mp=202 pos=5931,4691 en=190
time=2026-09-24T06:30:39.732+03:00 level=INFO msg="screen: capture cost (Screenshot+Observe)" p50=37.8ms p99=54.6ms max=55.1ms n=105 perSec=1.7
S 06:30:39 #5417 ses=InGame mode=World ui=npcmenu+inventory cur=- hold=fight held=7.5s gate=- phase=- hp=127 mp=194 pos=5928,4697 en=188
time=2026-09-24T06:30:41.783+03:00 level=INFO msg=outcome verb=hoverstrike holder=fight tgt="unit=6450" result=whiff ev="no hover confirmation on target (aim=827,423 dTile=4,1 seen=[- - - - - 6442/t1 6442/t1 6442/t1 - -])"
time=2026-09-24T06:30:42.005+03:00 level=INFO msg=status pos=(5935,4694) area=43 hp=127 mp=197 maxmana=35 lvl=26 gold=91732 weapon=melee arrows=-1 holder=fight
S 06:30:42 #5426 ses=InGame mode=World ui=npcmenu+inventory cur=- hold=fight held=9.9s gate=- phase=- hp=126 mp=220 pos=5935,4694 en=182
S 06:30:43 #5445 ses=InGame mode=World ui=npcmenu+inventory cur=- hold=fight held=10.9s gate=- phase=- hp=127 mp=242 pos=5940,4697 en=175
time=2026-09-24T06:30:44.605+03:00 level=INFO msg=outcome verb=hoverstrike holder=fight tgt="unit=6412" result=whiff ev="no hover confirmation on target (aim=570,393 dTile=-4,6 seen=[6333/t1 - 6319/t1 6319/t1 3497/t4 3497/t4 3497/t4 - - -])"
S 06:30:44 #5446 ses=InGame mode=World ui=npcmenu+inventory cur=- hold=fight held=12.6s gate=- phase=- hp=125 mp=220 pos=5940,4697 en=171
S 06:30:45 #5464 ses=InGame mode=World ui=npcmenu+inventory cur=- hold=fight held=13.7s gate=- phase=- hp=127 mp=248 pos=5935,4700 en=164
S 06:30:46 #5474 ses=InGame mode=World ui=npcmenu+inventory cur=- hold=fight held=14.7s gate=- phase=- hp=127 mp=220 pos=5938,4704 en=164
S 06:30:47 #5493 ses=InGame mode=World ui=npcmenu+inventory cur=- hold=fight held=15.7s gate=- phase=- hp=127 mp=220 pos=5936,4706 en=149
T L=ui from=world+npcmenu+inventory to=world+npcmenu+shop+inventory why="vendor red X" tick=5501 hold=fight
S 06:30:50 #5510 ses=InGame mode=World ui=npcmenu+shop+inventory cur=- hold=fight held=17.9s gate=- phase=- hp=127 mp=194 pos=5928,4704 en=141
T L=ui from=world+npcmenu+shop+inventory to=world+npcmenu+inventory why="shop gone" tick=5511 hold=fight
time=2026-09-24T06:30:52.528+03:00 level=INFO msg=outcome verb=hoverstrike holder=fight tgt="unit=6444" result=whiff ev="no hover confirmation on target (aim=886,315 dTile=0,-6 seen=[- - - - - - - - - -])"
time=2026-09-24T06:30:52.776+03:00 level=INFO msg=status pos=(5935,4711) area=43 hp=126 mp=197 maxmana=35 lvl=26 gold=91732 weapon=melee arrows=-1 holder=fight
S 06:30:52 #5522 ses=InGame mode=World ui=npcmenu+inventory cur=- hold=fight held=20.6s gate=- phase=- hp=127 mp=220 pos=5935,4711 en=132
S 06:30:54 #5530 ses=InGame mode=World ui=npcmenu+inventory cur=- hold=fight held=21.9s gate=- phase=- hp=127 mp=217 pos=5932,4702 en=131
S 06:30:55 #5532 ses=InGame mode=World ui=npcmenu+inventory cur=- hold=fight held=23.2s gate=- phase=- hp=127 mp=191 pos=5924,4695 en=131
S 06:30:56 #5544 ses=InGame mode=World ui=npcmenu+inventory cur=- hold=fight held=24.4s gate=- phase=- hp=127 mp=220 pos=5927,4696 en=126
time=2026-09-24T06:30:58.987+03:00 level=INFO msg=outcome verb=hoverstrike holder=fight tgt="unit=6383" result=whiff ev="no hover confirmation on target (aim=749,463 dTile=4,5 seen=[6390/t1 - 6390/t1 3519/t4 - - 6390/t1 6390/t1 6390/t1 6390/t1])"
S 06:30:59 #5555 ses=InGame mode=World ui=npcmenu+inventory cur=- hold=fight held=27.1s gate=- phase=- hp=124 mp=214 pos=5930,4701 en=120
S 06:31:00 #5569 ses=InGame mode=World ui=npcmenu+inventory cur=- hold=fight held=28.2s gate=- phase=- hp=127 mp=220 pos=5932,4702 en=117
T L=grant from=fight to=stand why="preempt: survive > fight" tick=5570
time=2026-09-24T06:31:00.716+03:00 level=INFO msg=grant from=fight to=stand class=survive urgency=1.50 why="preempt: survive > fight"
T L=grant from=stand to=fight why="released: stand stopped bidding" tick=5571
time=2026-09-24T06:31:00.981+03:00 level=INFO msg=grant from=stand to=fight class=fight urgency=0.98 why="released: stand stopped bidding"
time=2026-09-24T06:31:02.683+03:00 level=INFO msg=outcome verb=hoverstrike holder=fight tgt="unit=6464" result=whiff ev="no hover confirmation on target (aim=610,355 dTile=-7,6 seen=[6134/t1 6134/t1 6134/t1 6134/t1 6134/t1 6134/t1 6134/t1 6134/t1 - -])"
time=2026-09-24T06:31:02.934+03:00 level=INFO msg=status pos=(5932,4704) area=43 hp=127 mp=225 maxmana=35 lvl=26 gold=91732 weapon=melee arrows=-1 holder=fight
S 06:31:02 #5578 ses=InGame mode=World ui=npcmenu+inventory cur=- hold=fight held=30.5s gate=- phase=- hp=127 mp=211 pos=5932,4704 en=113
T L=grant from=fight to=stand why="preempt: survive > fight" tick=5580
time=2026-09-24T06:31:03.129+03:00 level=INFO msg=grant from=fight to=stand class=survive urgency=1.50 why="preempt: survive > fight"
T L=grant from=stand to=fight why="released: stand stopped bidding" tick=5581
time=2026-09-24T06:31:03.375+03:00 level=INFO msg=grant from=stand to=fight class=fight urgency=0.92 why="released: stand stopped bidding"
time=2026-09-24T06:31:04.841+03:00 level=INFO msg=outcome verb=hoverstrike holder=fight tgt="unit=6464" result=whiff ev="no hover confirmation on target (aim=946,423 dTile=5,-1 seen=[- - - - - - - - - -])"
S 06:31:05 #5582 ses=InGame mode=World ui=npcmenu+inventory cur=- hold=fight held=32.4s gate=- phase=- hp=127 mp=220 pos=5922,4707 en=111
S 06:31:06 #5600 ses=InGame mode=World ui=npcmenu+inventory cur=- hold=fight held=33.8s gate=- phase=- hp=127 mp=208 pos=5929,4705 en=106
time=2026-09-24T06:31:08.708+03:00 level=INFO msg=outcome verb=hoverstrike holder=fight tgt="unit=6246" result=whiff ev="no hover confirmation on target (aim=886,433 dTile=6,0 seen=[- - - - - - 6343/t1 - - -])"
S 06:31:09 #5602 ses=InGame mode=World ui=npcmenu+inventory cur=- hold=fight held=36.3s gate=- phase=- hp=127 mp=214 pos=5920,4708 en=103
time=2026-09-24T06:31:11.568+03:00 level=INFO msg=outcome verb=hoverstrike holder=fight tgt="unit=6254" result=whiff ev="no hover confirmation on target (aim=650,433 dTile=0,6 seen=[3463/t4 3463/t4 3463/t4 3463/t4 3463/t4 3463/t4 3463/t4 3463/t4 3463/t4 3463/t4])"
S 06:31:11 #5612 ses=InGame mode=World ui=npcmenu+inventory cur=- hold=fight held=39.2s gate=- phase=- hp=127 mp=220 pos=5923,4705 en=97
time=2026-09-24T06:31:13.665+03:00 level=INFO msg=outcome verb=hoverstrike holder=fight tgt="unit=6467" result=whiff ev="no hover confirmation on target (aim=787,423 dTile=0,5 seen=[3463/t4 3463/t4 3463/t4 - 3463/t4 3463/t4 - 3463/t4 3463/t4 -])"
time=2026-09-24T06:31:13.916+03:00 level=INFO msg=status pos=(5923,4705) area=43 hp=127 mp=220 maxmana=35 lvl=26 gold=91732 weapon=melee arrows=-1 holder=fight
S 06:31:13 #5613 ses=InGame mode=World ui=npcmenu+inventory cur=- hold=fight held=41.2s gate=- phase=- hp=126 mp=220 pos=5920,4708 en=95
time=2026-09-24T06:31:16.222+03:00 level=INFO msg=outcome verb=hoverstrike holder=fight tgt="unit=6296" result=whiff ev="no hover confirmation on target (aim=689,413 dTile=0,4 seen=[- - - - 6300/t1 6300/t1 6300/t1 6300/t1 6300/t1 6300/t1])"
S 06:31:16 #5625 ses=InGame mode=World ui=npcmenu+inventory cur=- hold=fight held=43.7s gate=- phase=- hp=127 mp=217 pos=5919,4707 en=91
T L=grant from=fight to=imbibe why="released: fight stopped bidding" tick=5641
time=2026-09-24T06:31:17.287+03:00 level=INFO msg=grant from=fight to=imbibe class=loot urgency=0.45 why="released: fight stopped bidding"
S 06:31:18 #5642 ses=InGame mode=World ui=npcmenu+inventory cur=- hold=imbibe held=0.8s gate=- phase=- hp=127 mp=248 pos=5924,4723 en=182
T L=grant from=imbibe to=fight why="released: imbibe stopped bidding" tick=5642
time=2026-09-24T06:31:18.116+03:00 level=INFO msg=grant from=imbibe to=fight class=fight urgency=0.84 why="released: imbibe stopped bidding"
time=2026-09-24T06:31:19.994+03:00 level=INFO msg=outcome verb=hoverstrike holder=fight tgt="unit=6403" result=whiff ev="no hover confirmation on target (aim=787,403 dTile=5,-10 seen=[6136/t1 - 6136/t1 - 6136/t1 6136/t1 6136/t1 6136/t1 6136/t1 6136/t1])"
S 06:31:20 #5644 ses=InGame mode=World ui=npcmenu+inventory cur=- hold=fight held=2.2s gate=- phase=- hp=127 mp=220 pos=5930,4716 en=90
S 06:31:21 #5659 ses=InGame mode=World ui=npcmenu+inventory cur=- hold=fight held=3.3s gate=- phase=- hp=127 mp=220 pos=5934,4710 en=88
T L=grant from=fight to=imbibe why="released: fight stopped bidding" tick=5659
time=2026-09-24T06:31:21.455+03:00 level=INFO msg=grant from=fight to=imbibe class=loot urgency=0.45 why="released: fight stopped bidding"
S 06:31:22 #5660 ses=InGame mode=World ui=npcmenu+inventory cur=- hold=imbibe held=1.4s gate=- phase=- hp=127 mp=248 pos=5928,4725 en=178
T L=grant from=imbibe to=fight why="released: imbibe stopped bidding" tick=5660
time=2026-09-24T06:31:22.832+03:00 level=WARN msg=PATHOLOGY kind=thrash detail="8 handovers/30s among 3 holders" cooling=fight for=8s
T L=grant from=fight to=- why="end: abandoned/judged: watchdog thrash; cool fight 8s" tick=5660
T L=grant from=fight to=advance why="fresh: fight abandoned/judged: watchdog thrash; cool fight 8s" tick=5661
time=2026-09-24T06:31:22.892+03:00 level=INFO msg=grant from=fight to=advance class=travel urgency=0.40 why="fresh: fight abandoned/judged: watchdog thrash; cool fight 8s"
time=2026-09-24T06:31:22.928+03:00 level=INFO msg=outcome verb=nav holder=march tgt="" result=refused ev="me=(5927,4726) area=43 tgt=(5698,5302) way=(5938,4660)"
time=2026-09-24T06:31:24.127+03:00 level=INFO msg=status pos=(5927,4719) area=43 hp=127 mp=248 maxmana=35 lvl=26 gold=92104 weapon=melee arrows=-1 holder=advance
S 06:31:24 #5664 ses=InGame mode=World ui=npcmenu+inventory cur=- hold=advance held=1.3s gate=- phase=- hp=127 mp=248 pos=5928,4712 en=83
T L=grant from=advance to=imbibe why="preempt: loot > travel" tick=5664
time=2026-09-24T06:31:24.151+03:00 level=INFO msg=grant from=advance to=imbibe class=loot urgency=0.45 why="preempt: loot > travel"
T L=grant from=imbibe to=advance why="released: imbibe stopped bidding" tick=5665
time=2026-09-24T06:31:25.028+03:00 level=INFO msg=grant from=imbibe to=advance class=travel urgency=0.40 why="released: imbibe stopped bidding"
S 06:31:25 #5666 ses=InGame mode=World ui=npcmenu+inventory cur=- hold=advance held=1.7s gate=- phase=- hp=127 mp=248 pos=5922,4725 en=173
time=2026-09-24T06:31:26.221+03:00 level=INFO msg=outcome verb=nav holder=march tgt="" result=refused ev="me=(5915,4733) area=43 tgt=(5698,5302) way=(5938,4660)"
S 06:31:26 #5668 ses=InGame mode=World ui=npcmenu+inventory cur=- hold=advance held=2.8s gate=- phase=- hp=124 mp=248 pos=5919,4737 en=169
S 06:31:28 #5671 ses=InGame mode=World ui=npcmenu+inventory cur=- hold=advance held=4.3s gate=- phase=- hp=110 mp=248 pos=5920,4755 en=171
S 06:31:29 #5674 ses=InGame mode=World ui=npcmenu+inventory cur=- hold=advance held=5.4s gate=- phase=- hp=104 mp=248 pos=5918,4769 en=305
time=2026-09-24T06:31:29.243+03:00 level=INFO msg=outcome verb=nav holder=march tgt="" result=refused ev="me=(5918,4769) area=43 tgt=(5698,5302) way=(5938,4660)"
time=2026-09-24T06:31:29.504+03:00 level=INFO msg=outcome verb=stride holder=advance tgt=(5919,4776) result=blocked ev="from=(5918,4769) to=(5918,4769) gain=0"
time=2026-09-24T06:31:30.084+03:00 level=INFO msg=outcome verb=stride holder=advance tgt=(5919,4774) result=blocked ev="from=(5917,4768) to=(5917,4768) gain=0"
S 06:31:30 #5678 ses=InGame mode=World ui=npcmenu+inventory cur=- hold=advance held=6.7s gate=- phase=- hp=102 mp=248 pos=5917,4771 en=306
time=2026-09-24T06:31:30.688+03:00 level=INFO msg=outcome verb=stride holder=advance tgt=(5919,4776) result=blocked ev="from=(5917,4771) to=(5917,4771) gain=0"
T L=grant from=advance to=fight why="preempt: fight > travel" tick=5680
time=2026-09-24T06:31:31.016+03:00 level=INFO msg=grant from=advance to=fight class=fight urgency=0.98 why="preempt: fight > travel"
S 06:31:31 #5685 ses=InGame mode=World ui=npcmenu+inventory cur=- hold=fight held=0.4s gate=- phase=- hp=102 mp=248 pos=5918,4776 en=305
S 06:31:32 #5704 ses=InGame mode=World ui=npcmenu+inventory cur=- hold=fight held=1.4s gate=- phase=- hp=103 mp=245 pos=5916,4782 en=301
S 06:31:33 #5723 ses=InGame mode=World ui=npcmenu+inventory cur=- hold=fight held=2.5s gate=- phase=- hp=106 mp=245 pos=5917,4782 en=298
time=2026-09-24T06:31:34.130+03:00 level=INFO msg=status pos=(5917,4782) area=43 hp=106 mp=245 maxmana=35 lvl=26 gold=92567 weapon=melee arrows=-1 holder=fight
S 06:31:34 #5741 ses=InGame mode=World ui=npcmenu+inventory cur=- hold=fight held=3.6s gate=- phase=- hp=106 mp=242 pos=5917,4782 en=290
T L=grant from=fight to=stand why="preempt: survive > fight" tick=5757
time=2026-09-24T06:31:35.606+03:00 level=INFO msg=grant from=fight to=stand class=survive urgency=1.50 why="preempt: survive > fight"
S 06:31:35 #5758 ses=InGame mode=World ui=npcmenu+inventory cur=- hold=stand held=0.2s gate=- phase=- hp=108 mp=242 pos=5917,4782 en=288
S 06:31:36 #5776 ses=InGame mode=World ui=npcmenu+inventory cur=- hold=stand held=1.2s gate=- phase=- hp=104 mp=245 pos=5917,4782 en=283
S 06:31:37 #5791 ses=InGame mode=World ui=npcmenu+inventory cur=- hold=stand held=2.3s gate=- phase=- hp=101 mp=245 pos=5917,4782 en=278
S 06:31:39 #5807 ses=InGame mode=World ui=npcmenu+inventory cur=- hold=stand held=3.4s gate=- phase=- hp=102 mp=245 pos=5917,4782 en=273
time=2026-09-24T06:31:39.744+03:00 level=INFO msg="screen: capture cost (Screenshot+Observe)" p50=37.1ms p99=49.4ms max=50.1ms n=159 perSec=2.6
T L=grant from=stand to=fight why="released: stand stopped bidding" tick=5825
time=2026-09-24T06:31:39.943+03:00 level=INFO msg=grant from=stand to=fight class=fight urgency=0.98 why="released: stand stopped bidding"
S 06:31:40 #5826 ses=InGame mode=World ui=npcmenu+inventory cur=- hold=fight held=4.9s gate=- phase=- hp=99 mp=220 pos=5916,4787 en=266
time=2026-09-24T06:31:42.205+03:00 level=INFO msg=outcome verb=hoverstrike holder=fight tgt="unit=6681" result=whiff ev="no hover confirmation on target (aim=807,453 dTile=5,3 seen=[3740/t4 3740/t4 3740/t4 3740/t4 3740/t4 3740/t4 3740/t4 3740/t4 3740/t4 3740/t4])"
S 06:31:42 #5835 ses=InGame mode=World ui=npcmenu+inventory cur=- hold=fight held=7.1s gate=- phase=- hp=107 mp=220 pos=5916,4787 en=256
S 06:31:43 #5851 ses=InGame mode=World ui=npcmenu+inventory cur=- hold=fight held=8.3s gate=- phase=- hp=119 mp=220 pos=5918,4786 en=250
T L=grant from=fight to=stand why="preempt: survive > fight" tick=5851
time=2026-09-24T06:31:43.663+03:00 level=INFO msg=grant from=fight to=stand class=survive urgency=1.50 why="preempt: survive > fight"
T L=grant from=stand to=fight why="released: stand stopped bidding" tick=5852
time=2026-09-24T06:31:43.880+03:00 level=INFO msg=grant from=stand to=fight class=fight urgency=0.98 why="released: stand stopped bidding"
time=2026-09-24T06:31:44.163+03:00 level=INFO msg=status pos=(5918,4791) area=43 hp=119 mp=220 maxmana=35 lvl=26 gold=92567 weapon=melee arrows=-1 holder=fight
S 06:31:44 #5862 ses=InGame mode=World ui=npcmenu+inventory cur=- hold=fight held=9.2s gate=- phase=- hp=121 mp=191 pos=5918,4794 en=243
S 06:31:45 #5865 ses=InGame mode=World ui=npcmenu+inventory cur=- hold=fight held=10.2s gate=- phase=- hp=127 mp=220 pos=5919,4795 en=238
S 06:31:46 #5873 ses=InGame mode=World ui=npcmenu+inventory cur=- hold=fight held=11.3s gate=- phase=- hp=125 mp=245 pos=5919,4786 en=235
S 06:31:47 #5882 ses=InGame mode=World ui=npcmenu+inventory cur=- hold=fight held=12.3s gate=- phase=- hp=127 mp=220 pos=5921,4782 en=237
time=2026-09-24T06:31:49.593+03:00 level=INFO msg=outcome verb=hoverstrike holder=fight tgt="unit=6663" result=whiff ev="no hover confirmation on target (aim=650,413 dTile=-1,5 seen=[6688/t1 6688/t1 - 6688/t1 6665/t1 6665/t1 6665/t1 3733/t4 6688/t1 6688/t1])"
S 06:31:49 #5888 ses=InGame mode=World ui=npcmenu+inventory cur=- hold=fight held=14.4s gate=- phase=- hp=127 mp=220 pos=5921,4782 en=231
T L=grant from=fight to=stand why="preempt: survive > fight" tick=5892
time=2026-09-24T06:31:50.133+03:00 level=INFO msg=grant from=fight to=stand class=survive urgency=1.50 why="preempt: survive > fight"
T L=grant from=stand to=fight why="released: stand stopped bidding" tick=5893
time=2026-09-24T06:31:50.405+03:00 level=INFO msg=grant from=stand to=fight class=fight urgency=0.98 why="released: stand stopped bidding"
time=2026-09-24T06:31:52.168+03:00 level=INFO msg=outcome verb=hoverstrike holder=fight tgt="unit=6693" result=whiff ev="no hover confirmation on target (aim=847,413 dTile=4,0 seen=[6665/t1 - - 6664/t1 6664/t1 6664/t1 6664/t1 3733/t4 3733/t4 3733/t4])"
S 06:31:52 #5896 ses=InGame mode=World ui=npcmenu+inventory cur=- hold=fight held=16.6s gate=- phase=- hp=126 mp=220 pos=5917,4787 en=222
S 06:31:53 #5914 ses=InGame mode=World ui=npcmenu+inventory cur=- hold=fight held=17.6s gate=- phase=- hp=123 mp=228 pos=5923,4787 en=215
time=2026-09-24T06:31:54.210+03:00 level=INFO msg=status pos=(5921,4788) area=43 hp=127 mp=220 maxmana=35 lvl=26 gold=92567 weapon=melee arrows=-1 holder=fight
S 06:31:54 #5935 ses=InGame mode=World ui=npcmenu+inventory cur=- hold=fight held=18.6s gate=- phase=- hp=127 mp=220 pos=5918,4789 en=211
S 06:31:55 #5944 ses=InGame mode=World ui=npcmenu+inventory cur=- hold=fight held=19.6s gate=- phase=- hp=127 mp=220 pos=5921,4789 en=205
S 06:31:56 #5962 ses=InGame mode=World ui=npcmenu+inventory cur=- hold=fight held=20.6s gate=- phase=- hp=126 mp=220 pos=5922,4789 en=199
S 06:31:57 #5980 ses=InGame mode=World ui=npcmenu+inventory cur=- hold=fight held=21.7s gate=- phase=- hp=127 mp=242 pos=5922,4794 en=194
time=2026-09-24T06:31:58.241+03:00 level=WARN msg=PATHOLOGY kind=thrash detail="7 handovers/30s among 2 holders" cooling=fight for=8s
T L=grant from=fight to=- why="end: abandoned/judged: watchdog thrash; cool fight 8s" tick=5995
T L=grant from=fight to=advance why="fresh: fight abandoned/judged: watchdog thrash; cool fight 8s" tick=5996
time=2026-09-24T06:31:58.251+03:00 level=INFO msg=grant from=fight to=advance class=travel urgency=0.40 why="fresh: fight abandoned/judged: watchdog thrash; cool fight 8s"
time=2026-09-24T06:31:58.318+03:00 level=INFO msg=outcome verb=nav holder=march tgt="" result=refused ev="me=(5920,4798) area=43 tgt=(5698,5302) way=(5938,4660)"
time=2026-09-24T06:31:58.752+03:00 level=INFO msg=outcome verb=stride holder=advance tgt=(5909,4808) result=blocked ev="from=(5920,4799) to=(5920,4799) gain=0"
S 06:31:58 #5997 ses=InGame mode=World ui=npcmenu+inventory cur=- hold=advance held=7.8s gate=- phase=- hp=127 mp=234 pos=5920,4799 en=194
S 06:32:00 #6000 ses=InGame mode=World ui=npcmenu+inventory cur=- hold=advance held=9.4s gate=- phase=- hp=125 mp=248 pos=5915,4806 en=452
S 06:32:01 #6002 ses=InGame mode=World ui=npcmenu+inventory cur=- hold=advance held=10.5s gate=- phase=- hp=126 mp=248 pos=5913,4818 en=451
time=2026-09-24T06:32:01.514+03:00 level=INFO msg=outcome verb=nav holder=march tgt="" result=refused ev="me=(5913,4818) area=43 tgt=(5698,5302) way=(5938,4660)"
time=2026-09-24T06:32:02.672+03:00 level=INFO msg=outcome verb=stride holder=advance tgt=(5903,4814) result=blocked ev="from=(5913,4816) to=(5913,4816) gain=0"
S 06:32:02 #6004 ses=InGame mode=World ui=npcmenu+inventory cur=- hold=advance held=11.7s gate=- phase=- hp=127 mp=248 pos=5913,4816 en=449
time=2026-09-24T06:32:03.257+03:00 level=INFO msg=outcome verb=stride holder=advance tgt=(5903,4814) result=blocked ev="from=(5913,4816) to=(5913,4816) gain=0"
time=2026-09-24T06:32:03.300+03:00 level=WARN msg=PATHOLOGY kind=thrash detail="7 handovers/30s among 3 holders" cooling=advance for=8s
time=2026-09-24T06:32:03.300+03:00 level=INFO msg=outcome verb=escalate holder=advance tgt="" result=done ev="rung 2 (portal) for intent.62: watchdog thrash"
T L=grant from=advance to=- why="end: abandoned/judged: watchdog thrash; cool advance 8s" tick=6005
time=2026-09-24T06:32:03.326+03:00 level=INFO msg="status: idle" pos=(5913,4816) area=43 hp=127 lvl=26
S 06:32:03 #6008 ses=InGame mode=World ui=npcmenu+inventory cur=- hold=- held=- gate=- phase=- hp=127 mp=248 pos=5913,4816 en=447
T L=grant from=- to=fight why="fresh: no holder" tick=6010
time=2026-09-24T06:32:04.269+03:00 level=INFO msg=grant from="" to=fight class=fight urgency=0.98 why="fresh: no holder"
T L=grant from=fight to=stand why="released: fight stopped bidding" tick=6011
time=2026-09-24T06:32:04.549+03:00 level=INFO msg=grant from=fight to=stand class=survive urgency=1.50 why="released: fight stopped bidding"
S 06:32:04 #6012 ses=InGame mode=World ui=npcmenu+inventory cur=- hold=stand held=0.3s gate=- phase=- hp=127 mp=245 pos=5913,4816 en=447
S 06:32:06 #6028 ses=InGame mode=World ui=npcmenu+inventory cur=- hold=stand held=1.5s gate=- phase=- hp=127 mp=220 pos=5913,4816 en=438
T L=grant from=stand to=fight why="released: stand stopped bidding" tick=6036
time=2026-09-24T06:32:06.693+03:00 level=INFO msg=grant from=stand to=fight class=fight urgency=0.98 why="released: stand stopped bidding"
S 06:32:07 #6039 ses=InGame mode=World ui=npcmenu+inventory cur=- hold=fight held=0.4s gate=- phase=- hp=127 mp=220 pos=5916,4819 en=427
S 06:32:08 #6051 ses=InGame mode=World ui=npcmenu+inventory cur=- hold=fight held=1.4s gate=- phase=- hp=127 mp=217 pos=5916,4819 en=426
time=2026-09-24T06:32:08.537+03:00 level=WARN msg=PATHOLOGY kind=thrash detail="9 handovers/30s among 3 holders" cooling=fight for=8s
T L=grant from=fight to=- why="end: abandoned/judged: watchdog thrash; cool fight 8s" tick=6052
time=2026-09-24T06:32:08.620+03:00 level=INFO msg="status: idle" pos=(5921,4818) area=43 hp=127 lvl=26
S 06:32:09 #6056 ses=InGame mode=World ui=npcmenu+inventory cur=- hold=- held=- gate=- phase=- hp=127 mp=248 pos=5921,4818 en=304
T L=grant from=- to=fight why="fresh: no holder" tick=6056
time=2026-09-24T06:32:09.319+03:00 level=INFO msg=grant from="" to=fight class=fight urgency=0.88 why="fresh: no holder"
S 06:32:10 #6071 ses=InGame mode=World ui=npcmenu+inventory cur=- hold=fight held=1.1s gate=- phase=- hp=123 mp=220 pos=5920,4810 en=300
time=2026-09-24T06:32:12.101+03:00 level=INFO msg=outcome verb=hoverstrike holder=fight tgt="unit=6534" result=whiff ev="no hover confirmation on target (aim=926,335 dTile=2,-5 seen=[6284/t1 6500/t1 6500/t1 6283/t1 6283/t1 6283/t1 6283/t1 6283/t1 6283/t1 6283/t1])"
S 06:32:12 #6076 ses=InGame mode=World ui=npcmenu+inventory cur=- hold=fight held=3.0s gate=- phase=- hp=125 mp=220 pos=5920,4810 en=287
T L=grant from=fight to=advance why="released: fight stopped bidding" tick=6076
time=2026-09-24T06:32:12.350+03:00 level=INFO msg=grant from=fight to=advance class=travel urgency=0.40 why="released: fight stopped bidding"
time=2026-09-24T06:32:12.393+03:00 level=INFO msg=outcome verb=nav holder=march tgt="" result=refused ev="me=(5920,4810) area=43 tgt=(5698,5302) way=(5938,4660)"
time=2026-09-24T06:32:13.038+03:00 level=INFO msg=outcome verb=nav holder=advance tgt=(5802,4997) result=blocked ev="nav: following -> stuck (no progress 2.9s at (5921,4801))"
T L=nav act=advance from=following to=stuck why="no progress 2.9s at (5921,4801)" tick=6077
T L=nav act=advance from=stuck to=escaping why="escape 1/4 to (5928,4804) clr=8 hold=300ms" tick=6077
time=2026-09-24T06:32:13.601+03:00 level=INFO msg=outcome verb=stride holder=advance/escape tgt=(5928,4804) result=blocked ev="from=(5921,4801) to=(5921,4801) gain=0"
S 06:32:13 #6078 ses=InGame mode=World ui=npcmenu+inventory cur=- hold=advance held=1.3s gate=- phase=- hp=127 mp=240 pos=5921,4801 en=280
time=2026-09-24T06:32:13.613+03:00 level=WARN msg=PATHOLOGY kind=thrash detail="9 handovers/30s among 3 holders" cooling=advance for=8s
time=2026-09-24T06:32:13.613+03:00 level=INFO msg=outcome verb=escalate holder=advance tgt="" result=done ev="rung 3 (fail-leg) for intent.62: watchdog thrash"
T L=grant from=advance to=- why="end: abandoned/judged: watchdog thrash; cool advance 8s" tick=6078
time=2026-09-24T06:32:13.685+03:00 level=INFO msg="status: idle" pos=(5921,4801) area=43 hp=127 lvl=26
S 06:32:14 #6083 ses=InGame mode=World ui=npcmenu+inventory cur=- hold=- held=- gate=- phase=- hp=127 mp=248 pos=5921,4801 en=280
T L=grant from=- to=fight why="fresh: no holder" tick=6083
time=2026-09-24T06:32:14.634+03:00 level=INFO msg=grant from="" to=fight class=fight urgency=0.98 why="fresh: no holder"
S 06:32:15 #6098 ses=InGame mode=World ui=npcmenu+inventory cur=- hold=fight held=1.1s gate=- phase=- hp=127 mp=245 pos=5921,4801 en=272
T L=grant from=fight to=stand why="released: fight stopped bidding" tick=6101
time=2026-09-24T06:32:15.933+03:00 level=INFO msg=grant from=fight to=stand class=survive urgency=1.50 why="released: fight stopped bidding"
S 06:32:16 #6111 ses=InGame mode=World ui=npcmenu+inventory cur=- hold=stand held=0.9s gate=- phase=- hp=126 mp=245 pos=5921,4801 en=269
S 06:32:18 #6129 ses=InGame mode=World ui=npcmenu+inventory cur=- hold=stand held=2.1s gate=- phase=- hp=127 mp=248 pos=5921,4799 en=265
T L=grant from=stand to=fight why="released: stand stopped bidding" tick=6130
time=2026-09-24T06:32:18.083+03:00 level=INFO msg=grant from=stand to=fight class=fight urgency=0.98 why="released: stand stopped bidding"
time=2026-09-24T06:32:18.083+03:00 level=INFO msg=outcome verb=fight holder=fight tgt="" result=refused ev="P-2.10 quarantine: target 6308 silent 1.2s at d=3 — retargeting"
time=2026-09-24T06:32:18.114+03:00 level=INFO msg=outcome verb=fight holder=fight tgt="" result=refused ev="no sighted target within radius — fight cools 2s, the march proceeds"
time=2026-09-24T06:32:18.115+03:00 level=INFO msg=verdict activity=fight verdict=done
T L=grant from=fight to=- why="end: done/completed" tick=6131
time=2026-09-24T06:32:18.681+03:00 level=WARN msg=PATHOLOGY kind=thrash detail="10 handovers/30s among 3 holders" cooling=fight for=8s
time=2026-09-24T06:32:18.689+03:00 level=INFO msg="status: idle" pos=(5921,4798) area=43 hp=127 lvl=26
S 06:32:19 #6137 ses=InGame mode=World ui=npcmenu+inventory cur=- hold=- held=- gate=- phase=- hp=127 mp=248 pos=5921,4798 en=130
T L=grant from=- to=advance why="fresh: no holder" tick=6140
time=2026-09-24T06:32:19.856+03:00 level=INFO msg=grant from="" to=advance class=travel urgency=0.40 why="fresh: no holder"
time=2026-09-24T06:32:19.893+03:00 level=INFO msg=outcome verb=nav holder=march tgt="" result=refused ev="me=(5921,4798) area=43 tgt=(5698,5302) way=(5938,4660)"
T L=nav act=advance from=escaping to=noplan why="escape stride done at (5921,4798)" tick=6140
T L=nav act=advance from=noplan to=following why="route 4 legs 245 tiles (5921,4798)->(5802,4997)" tick=6140
S 06:32:20 #6141 ses=InGame mode=World ui=npcmenu+inventory cur=- hold=advance held=0.6s gate=- phase=- hp=127 mp=248 pos=5916,4801 en=382
T L=grant from=advance to=fight why="preempt: fight > travel" tick=6141
time=2026-09-24T06:32:20.507+03:00 level=INFO msg=grant from=advance to=fight class=fight urgency=0.98 why="preempt: fight > travel"
S 06:32:21 #6153 ses=InGame mode=World ui=npcmenu+inventory cur=- hold=fight held=1.0s gate=- phase=- hp=127 mp=245 pos=5916,4805 en=379
T L=grant from=fight to=advance why="released: fight stopped bidding" tick=6155
time=2026-09-24T06:32:21.956+03:00 level=INFO msg=grant from=fight to=advance class=travel urgency=0.40 why="released: fight stopped bidding"
S 06:32:23 #6157 ses=InGame mode=World ui=npcmenu+inventory cur=- hold=advance held=1.8s gate=- phase=- hp=125 mp=242 pos=5916,4811 en=369
time=2026-09-24T06:32:23.179+03:00 level=INFO msg=outcome verb=nav holder=march tgt="" result=refused ev="me=(5916,4811) area=43 tgt=(5698,5302) way=(5938,4660)"
time=2026-09-24T06:32:23.735+03:00 level=INFO msg=outcome verb=stride holder=advance tgt=(5905,4814) result=blocked ev="from=(5915,4813) to=(5915,4813) gain=0"
time=2026-09-24T06:32:23.746+03:00 level=WARN msg=PATHOLOGY kind=thrash detail="11 handovers/30s among 3 holders" cooling=advance for=8s
time=2026-09-24T06:32:23.747+03:00 level=INFO msg=outcome verb=escalate holder=advance tgt="" result=done ev="rung 3 (fail-leg) for intent.62: watchdog thrash"
T L=grant from=advance to=- why="end: abandoned/judged: watchdog thrash; cool advance 8s" tick=6158
time=2026-09-24T06:32:23.873+03:00 level=INFO msg="status: idle" pos=(5915,4813) area=43 hp=127 lvl=26
T L=ui from=world+npcmenu+inventory to=world+npcmenu+shop+inventory why="vendor empty grid" tick=6161 hold=-
S 06:32:24 #6161 ses=InGame mode=World ui=npcmenu+shop+inventory cur=- hold=- held=- gate=- phase=- hp=127 mp=248 pos=5915,4813 en=368
T L=grant from=- to=fight why="fresh: no holder" tick=6163
time=2026-09-24T06:32:24.874+03:00 level=INFO msg=grant from="" to=fight class=fight urgency=0.90 why="fresh: no holder"
S 06:32:25 #6165 ses=InGame mode=World ui=npcmenu+shop+inventory cur=- hold=fight held=0.7s gate=- phase=- hp=127 mp=220 pos=5917,4811 en=368
T L=ui from=world+npcmenu+shop+inventory to=world+npcmenu+inventory why="shop gone" tick=6168 hold=fight
S 06:32:26 #6177 ses=InGame mode=World ui=npcmenu+inventory cur=- hold=fight held=2.0s gate=- phase=- hp=127 mp=220 pos=5917,4805 en=362
time=2026-09-24T06:32:29.341+03:00 level=INFO msg=outcome verb=hoverstrike holder=fight tgt="unit=6306" result=whiff ev="no hover confirmation on target (aim=906,365 dTile=3,-4 seen=[3751/t4 3751/t4 - 3751/t4 3751/t4 - 3751/t4 3751/t4 - 3751/t4])"
S 06:32:29 #6186 ses=InGame mode=World ui=npcmenu+inventory cur=- hold=fight held=4.7s gate=- phase=- hp=127 mp=220 pos=5917,4803 en=356
time=2026-09-24T06:32:29.629+03:00 level=WARN msg=PATHOLOGY kind=thrash detail="11 handovers/30s among 3 holders" cooling=fight for=8s
T L=grant from=fight to=- why="end: abandoned/judged: watchdog thrash; cool fight 8s" tick=6186
time=2026-09-24T06:32:29.705+03:00 level=INFO msg="status: idle" pos=(5917,4803) area=43 hp=127 lvl=26
T L=grant from=- to=fight why="fresh: no holder" tick=6188
time=2026-09-24T06:32:29.933+03:00 level=INFO msg=grant from="" to=fight class=fight urgency=0.88 why="fresh: no holder"
S 06:32:30 #6191 ses=InGame mode=World ui=npcmenu+inventory cur=- hold=fight held=1.0s gate=- phase=- hp=127 mp=208 pos=5921,4800 en=98
time=2026-09-24T06:32:32.856+03:00 level=INFO msg=outcome verb=hoverstrike holder=fight tgt="unit=6645" result=whiff ev="no hover confirmation on target (aim=847,393 dTile=3,0 seen=[3815/t4 3815/t4 3815/t4 - 3815/t4 3815/t4 3787/t4 3815/t4 3815/t4 -])"
S 06:32:33 #6193 ses=InGame mode=World ui=npcmenu+inventory cur=- hold=fight held=3.2s gate=- phase=- hp=127 mp=220 pos=5922,4802 en=231
T L=grant from=fight to=advance why="released: fight stopped bidding" tick=6193
time=2026-09-24T06:32:33.243+03:00 level=INFO msg=grant from=fight to=advance class=travel urgency=0.40 why="released: fight stopped bidding"
time=2026-09-24T06:32:33.305+03:00 level=INFO msg=outcome verb=nav holder=march tgt="" result=refused ev="me=(5922,4802) area=43 tgt=(5698,5302) way=(5938,4660)"
S 06:32:34 #6195 ses=InGame mode=World ui=npcmenu+inventory cur=- hold=advance held=1.2s gate=- phase=- hp=127 mp=222 pos=5916,4807 en=343
time=2026-09-24T06:32:34.986+03:00 level=WARN msg=PATHOLOGY kind=thrash detail="10 handovers/30s among 3 holders" cooling=advance for=8s
time=2026-09-24T06:32:34.988+03:00 level=INFO msg=outcome verb=escalate holder=advance tgt="" result=done ev="rung 3 (fail-leg) for intent.62: watchdog thrash"
T L=grant from=advance to=- why="end: abandoned/judged: watchdog thrash; cool advance 8s" tick=6196
time=2026-09-24T06:32:35.063+03:00 level=INFO msg="status: idle" pos=(5913,4817) area=43 hp=127 lvl=26
S 06:32:35 #6199 ses=InGame mode=World ui=npcmenu+inventory cur=- hold=- held=- gate=- phase=- hp=127 mp=237 pos=5913,4818 en=343
T L=grant from=- to=fight why="fresh: no holder" tick=6200
time=2026-09-24T06:32:35.733+03:00 level=INFO msg=grant from="" to=fight class=fight urgency=0.92 why="fresh: no holder"
S 06:32:36 #6208 ses=InGame mode=World ui=npcmenu+inventory cur=- hold=fight held=0.9s gate=- phase=- hp=127 mp=211 pos=5919,4816 en=341
T L=grant from=fight to=imbibe why="released: fight stopped bidding" tick=6213
time=2026-09-24T06:32:36.969+03:00 level=INFO msg=grant from=fight to=imbibe class=loot urgency=0.45 why="released: fight stopped bidding"
time=2026-09-24T06:32:36.999+03:00 level=INFO msg=verdict activity=imbibe verdict=done
T L=grant from=imbibe to=- why="end: done/completed" tick=6213
S 06:32:37 #6217 ses=InGame mode=World ui=npcmenu+inventory cur=- hold=- held=- gate=- phase=- hp=127 mp=248 pos=5919,4816 en=339
S 06:32:38 #6221 ses=InGame mode=World ui=npcmenu+inventory cur=- hold=- held=- gate=- phase=- hp=127 mp=248 pos=5919,4816 en=338
T L=grant from=- to=fight why="fresh: no holder" tick=6221
time=2026-09-24T06:32:38.873+03:00 level=INFO msg=grant from="" to=fight class=fight urgency=0.80 why="fresh: no holder"
time=2026-09-24T06:32:39.779+03:00 level=INFO msg="screen: capture cost (Screenshot+Observe)" p50=37.6ms p99=57.2ms max=58ms n=162 perSec=2.7
S 06:32:39 #6226 ses=InGame mode=World ui=npcmenu+inventory cur=- hold=fight held=1.0s gate=- phase=- hp=127 mp=220 pos=5925,4821 en=222
T L=grant from=fight to=- why="released: fight stopped bidding" tick=6227
time=2026-09-24T06:32:40.221+03:00 level=INFO msg="status: idle" pos=(5925,4821) area=43 hp=127 lvl=26
S 06:32:40 #6231 ses=InGame mode=World ui=npcmenu+inventory cur=- hold=- held=- gate=- phase=- hp=127 mp=231 pos=5925,4821 en=222
T L=grant from=- to=fight why="fresh: no holder" tick=6232
time=2026-09-24T06:32:41.163+03:00 level=INFO msg=grant from="" to=fight class=fight urgency=0.80 why="fresh: no holder"
S 06:32:42 #6234 ses=InGame mode=World ui=npcmenu+inventory cur=- hold=fight held=1.0s gate=- phase=- hp=127 mp=208 pos=5927,4828 en=223
time=2026-09-24T06:32:44.263+03:00 level=INFO msg=outcome verb=hoverstrike holder=fight tgt="unit=6604" result=whiff ev="no hover confirmation on target (aim=867,403 dTile=4,-1 seen=[- - - 6600/t1 6600/t1 6600/t1 6600/t1 - 6600/t1 6600/t1])"
S 06:32:44 #6236 ses=InGame mode=World ui=npcmenu+inventory cur=- hold=fight held=3.4s gate=- phase=- hp=127 mp=220 pos=5927,4828 en=217
S 06:32:45 #6255 ses=InGame mode=World ui=npcmenu+inventory cur=- hold=fight held=4.4s gate=- phase=- hp=126 mp=191 pos=5930,4824 en=208
S 06:32:46 #6258 ses=InGame mode=World ui=npcmenu+inventory cur=- hold=fight held=5.6s gate=- phase=- hp=127 mp=205 pos=5929,4827 en=207
S 06:32:47 #6274 ses=InGame mode=World ui=npcmenu+inventory cur=- hold=fight held=6.7s gate=- phase=- hp=127 mp=220 pos=5928,4830 en=206
S 06:32:49 #6289 ses=InGame mode=World ui=npcmenu+inventory cur=- hold=fight held=7.9s gate=- phase=- hp=127 mp=220 pos=5932,4826 en=201
S 06:32:50 #6302 ses=InGame mode=World ui=npcmenu+inventory cur=- hold=fight held=8.9s gate=- phase=- hp=127 mp=228 pos=5931,4832 en=195
time=2026-09-24T06:32:50.104+03:00 level=WARN msg=PATHOLOGY kind=thrash detail="7 handovers/30s among 3 holders" cooling=fight for=8s
T L=grant from=fight to=- why="end: abandoned/judged: watchdog thrash; cool fight 8s" tick=6304
T L=grant from=fight to=advance why="fresh: fight abandoned/judged: watchdog thrash; cool fight 8s" tick=6305
time=2026-09-24T06:32:50.189+03:00 level=INFO msg=grant from=fight to=advance class=travel urgency=0.40 why="fresh: fight abandoned/judged: watchdog thrash; cool fight 8s"
time=2026-09-24T06:32:50.243+03:00 level=INFO msg=outcome verb=nav holder=march tgt="" result=refused ev="me=(5931,4832) area=43 tgt=(5698,5302) way=(5938,4660)"
T L=nav act=advance from=following to=noplan why="diverged 31.1 tiles off path at (5931,4832)" tick=6305
T L=nav act=advance from=noplan to=following why="route 3 legs 218 tiles (5931,4832)->(5802,4997)" tick=6305
time=2026-09-24T06:32:50.804+03:00 level=INFO msg=status pos=(5931,4832) area=43 hp=127 mp=228 maxmana=35 lvl=26 gold=93167 weapon=melee arrows=-1 holder=advance
S 06:32:51 #6307 ses=InGame mode=World ui=npcmenu+inventory cur=- hold=advance held=1.3s gate=- phase=- hp=126 mp=248 pos=5918,4842 en=406
S 06:32:52 #6309 ses=InGame mode=World ui=npcmenu+inventory cur=- hold=advance held=2.6s gate=- phase=- hp=126 mp=248 pos=5904,4849 en=609
time=2026-09-24T06:32:53.420+03:00 level=INFO msg=outcome verb=nav holder=march tgt="" result=refused ev="me=(5904,4857) area=43 tgt=(5698,5302) way=(5938,4660)"
S 06:32:54 #6311 ses=InGame mode=World ui=npcmenu+inventory cur=- hold=advance held=3.9s gate=- phase=- hp=124 mp=248 pos=5899,4860 en=610
time=2026-09-24T06:32:55.253+03:00 level=INFO msg=outcome verb=stride holder=advance tgt=(5887,4876) result=blocked ev="from=(5893,4863) to=(5893,4863) gain=0"
S 06:32:55 #6313 ses=InGame mode=World ui=npcmenu+inventory cur=- hold=advance held=5.1s gate=- phase=- hp=123 mp=248 pos=5893,4863 en=610
time=2026-09-24T06:32:55.978+03:00 level=INFO msg=outcome verb=stride holder=advance tgt=(5887,4876) result=blocked ev="from=(5893,4863) to=(5893,4863) gain=0"
time=2026-09-24T06:32:56.591+03:00 level=INFO msg=outcome verb=stride holder=advance tgt=(5887,4876) result=blocked ev="from=(5893,4863) to=(5893,4863) gain=0"
S 06:32:56 #6315 ses=InGame mode=World ui=npcmenu+inventory cur=- hold=advance held=6.4s gate=- phase=- hp=123 mp=248 pos=5893,4863 en=608
time=2026-09-24T06:32:56.681+03:00 level=INFO msg=outcome verb=nav holder=march tgt="" result=refused ev="me=(5893,4863) area=43 tgt=(5698,5302) way=(5938,4660)"
time=2026-09-24T06:32:57.255+03:00 level=INFO msg=outcome verb=stride holder=advance tgt=(5887,4876) result=blocked ev="from=(5893,4863) to=(5893,4863) gain=0"
time=2026-09-24T06:32:57.319+03:00 level=INFO msg=outcome verb=nav holder=advance tgt=(5802,4997) result=blocked ev="nav: following -> stuck (no progress 2.6s at (5893,4863))"
T L=nav act=advance from=following to=stuck why="no progress 2.6s at (5893,4863)" tick=6316
T L=nav act=advance from=stuck to=escaping why="escape 1/4 to (5886,4860) clr=61 hold=300ms" tick=6316
S 06:32:57 #6317 ses=InGame mode=World ui=npcmenu+inventory cur=- hold=advance held=7.8s gate=- phase=- hp=124 mp=248 pos=5892,4860 en=608
T L=nav act=advance from=escaping to=noplan why="escape stride done at (5892,4860)" tick=6317
T L=nav act=advance from=noplan to=following why="route 3 legs 168 tiles (5892,4860)->(5802,4997)" tick=6317
T L=grant from=advance to=stand why="preempt: survive > travel" tick=6318
time=2026-09-24T06:32:58.644+03:00 level=INFO msg=grant from=advance to=stand class=survive urgency=1.50 why="preempt: survive > travel"
S 06:32:58 #6319 ses=InGame mode=World ui=npcmenu+inventory cur=- hold=stand held=0.3s gate=- phase=- hp=124 mp=245 pos=5892,4862 en=608
S 06:33:00 #6335 ses=InGame mode=World ui=npcmenu+inventory cur=- hold=stand held=1.4s gate=- phase=- hp=126 mp=245 pos=5892,4862 en=603
time=2026-09-24T06:33:00.898+03:00 level=INFO msg=status pos=(5892,4862) area=43 hp=125 mp=245 maxmana=35 lvl=26 gold=93759 weapon=melee arrows=-1 holder=stand
S 06:33:01 #6347 ses=InGame mode=World ui=npcmenu+inventory cur=- hold=stand held=2.4s gate=- phase=- hp=127 mp=248 pos=5892,4862 en=600
S 06:33:02 #6361 ses=InGame mode=World ui=npcmenu+inventory cur=- hold=stand held=3.6s gate=- phase=- hp=127 mp=245 pos=5892,4862 en=594
S 06:33:03 #6375 ses=InGame mode=World ui=npcmenu+inventory cur=- hold=stand held=4.6s gate=- phase=- hp=125 mp=245 pos=5892,4862 en=586
S 06:33:04 #6383 ses=InGame mode=World ui=npcmenu+inventory cur=- hold=stand held=5.6s gate=- phase=- hp=124 mp=220 pos=5892,4862 en=582
time=2026-09-24T06:33:05.466+03:00 level=WARN msg="menu sentry: pause menu on screen with no sanction — clicked Return to Game"
S 06:33:05 #6389 ses=InGame mode=World ui=npcmenu+inventory cur=- hold=stand held=6.9s gate=- phase=- hp=127 mp=248 pos=5896,4867 en=567
T L=grant from=stand to=fight why="released: stand stopped bidding" tick=6389
time=2026-09-24T06:33:05.501+03:00 level=INFO msg=grant from=stand to=fight class=fight urgency=0.86 why="released: stand stopped bidding"
time=2026-09-24T06:33:06.545+03:00 level=INFO msg=outcome verb=hoverstrike holder=fight tgt="unit=6752" result=whiff ev="no hover confirmation on target (aim=1441,117 dTile=7,-31 seen=[6754/t1 6754/t1 6749/t1 6749/t1 6749/t1])"
S 06:33:06 #6390 ses=InGame mode=World ui=npcmenu+inventory cur=- hold=fight held=1.3s gate=- phase=- hp=123 mp=220 pos=5896,4867 en=567
S 06:33:07 #6406 ses=InGame mode=World ui=npcmenu+inventory cur=- hold=fight held=2.4s gate=- phase=- hp=124 mp=220 pos=5897,4843 en=568
S 06:33:09 #6420 ses=InGame mode=World ui=npcmenu+inventory cur=- hold=fight held=3.8s gate=- phase=- hp=126 mp=220 pos=5897,4839 en=283
time=2026-09-24T06:33:11.482+03:00 level=INFO msg=outcome verb=hoverstrike holder=fight tgt="unit=6591" result=whiff ev="no hover confirmation on target (aim=669,345 dTile=-4,1 seen=[6990/t1 6990/t1 6990/t1 6990/t1 6990/t1 6990/t1 6990/t1 6990/t1 6990/t1 6990/t1])"
time=2026-09-24T06:33:11.744+03:00 level=INFO msg=status pos=(5897,4841) area=43 hp=126 mp=220 maxmana=35 lvl=26 gold=93759 weapon=melee arrows=-1 holder=fight
S 06:33:11 #6430 ses=InGame mode=World ui=npcmenu+inventory cur=- hold=fight held=6.3s gate=- phase=- hp=126 mp=220 pos=5897,4841 en=545
S 06:33:12 #6439 ses=InGame mode=World ui=npcmenu+inventory cur=- hold=fight held=7.3s gate=- phase=- hp=127 mp=220 pos=5889,4838 en=263
S 06:33:13 #6457 ses=InGame mode=World ui=npcmenu+inventory cur=- hold=fight held=8.4s gate=- phase=- hp=127 mp=220 pos=5891,4847 en=532
S 06:33:14 #6472 ses=InGame mode=World ui=npcmenu+inventory cur=- hold=fight held=9.4s gate=- phase=- hp=127 mp=220 pos=5888,4850 en=519
T L=ui from=world+npcmenu+inventory to=world+npcmenu+shop+inventory why="vendor empty grid" tick=6475 hold=fight
S 06:33:15 #6478 ses=InGame mode=World ui=npcmenu+shop+inventory cur=- hold=fight held=10.5s gate=- phase=- hp=127 mp=220 pos=5883,4844 en=509
T L=ui from=world+npcmenu+shop+inventory to=world+npcmenu+inventory why="shop gone" tick=6482 hold=fight
time=2026-09-24T06:33:17.819+03:00 level=INFO msg=outcome verb=hoverstrike holder=fight tgt="unit=6978" result=whiff ev="no hover confirmation on target (aim=749,443 dTile=3,5 seen=[6826/t1 - - - - - - - 6980/t1 7342/t1])"
S 06:33:18 #6484 ses=InGame mode=World ui=npcmenu+inventory cur=- hold=fight held=12.6s gate=- phase=- hp=127 mp=220 pos=5882,4843 en=502
T L=ui from=world+npcmenu+inventory to=world+npcmenu+shop+inventory why="vendor empty grid" tick=6498 hold=fight
S 06:33:19 #6501 ses=InGame mode=World ui=npcmenu+shop+inventory cur=- hold=fight held=13.6s gate=- phase=- hp=127 mp=220 pos=5882,4845 en=496
T L=grant from=fight to=stand why="preempt: survive > fight" tick=6501
time=2026-09-24T06:33:19.140+03:00 level=INFO msg=grant from=fight to=stand class=survive urgency=1.50 why="preempt: survive > fight"
T L=grant from=stand to=fight why="released: stand stopped bidding" tick=6506
time=2026-09-24T06:33:19.659+03:00 level=INFO msg=grant from=stand to=fight class=fight urgency=0.88 why="released: stand stopped bidding"
T L=ui from=world+npcmenu+shop+inventory to=world+npcmenu+inventory why="shop gone" tick=6509 hold=fight
S 06:33:20 #6509 ses=InGame mode=World ui=npcmenu+inventory cur=- hold=fight held=14.2s gate=- phase=- hp=127 mp=220 pos=5873,4842 en=276
time=2026-09-24T06:33:21.727+03:00 level=INFO msg=outcome verb=hoverstrike holder=fight tgt="unit=6908" result=whiff ev="no hover confirmation on target (aim=669,423 dTile=0,5 seen=[- - - - - - - 6956/t1 6956/t1 6956/t1])"
time=2026-09-24T06:33:22.008+03:00 level=INFO msg=status pos=(5873,4842) area=43 hp=127 mp=220 maxmana=35 lvl=26 gold=93759 weapon=melee arrows=-1 holder=fight
S 06:33:22 #6510 ses=InGame mode=World ui=npcmenu+inventory cur=- hold=fight held=16.0s gate=- phase=- hp=127 mp=220 pos=5873,4842 en=275
T L=ui from=world+npcmenu+inventory to=world+npcmenu+shop+inventory why="vendor empty grid" tick=6517 hold=fight
S 06:33:23 #6526 ses=InGame mode=World ui=npcmenu+shop+inventory cur=- hold=fight held=17.0s gate=- phase=- hp=127 mp=200 pos=5871,4848 en=270
T L=ui from=world+npcmenu+shop+inventory to=world+npcmenu+inventory why="shop gone" tick=6527 hold=fight
S 06:33:24 #6530 ses=InGame mode=World ui=npcmenu+inventory cur=- hold=fight held=18.2s gate=- phase=- hp=127 mp=220 pos=5871,4843 en=259
time=2026-09-24T06:33:26.437+03:00 level=INFO msg=outcome verb=hoverstrike holder=fight tgt="unit=7343" result=whiff ev="no hover confirmation on target (aim=669,345 dTile=-4,1 seen=[6937/t1 6937/t1 6937/t1 6937/t1 6937/t1 6937/t1 6937/t1 6937/t1 6937/t1 6937/t1])"
S 06:33:26 #6539 ses=InGame mode=World ui=npcmenu+inventory cur=- hold=fight held=20.7s gate=- phase=- hp=127 mp=220 pos=5861,4845 en=257
S 06:33:27 #6558 ses=InGame mode=World ui=npcmenu+inventory cur=- hold=fight held=21.7s gate=- phase=- hp=127 mp=248 pos=5848,4840 en=257
S 06:33:28 #6576 ses=InGame mode=World ui=npcmenu+inventory cur=- hold=fight held=22.8s gate=- phase=- hp=127 mp=220 pos=5853,4843 en=255
T L=ui from=world+npcmenu+inventory to=world+npcmenu+shop+inventory why="vendor empty grid" tick=6580 hold=fight
S 06:33:29 #6594 ses=InGame mode=World ui=npcmenu+shop+inventory cur=- hold=fight held=23.8s gate=- phase=- hp=127 mp=220 pos=5853,4843 en=251
T L=ui from=world+npcmenu+shop+inventory to=world+npcmenu+inventory why="shop gone" tick=6604 hold=fight
S 06:33:30 #6608 ses=InGame mode=World ui=npcmenu+inventory cur=- hold=fight held=24.9s gate=- phase=- hp=127 mp=220 pos=5853,4837 en=100
time=2026-09-24T06:33:32.231+03:00 level=INFO msg=status pos=(5849,4841) area=43 hp=127 mp=220 maxmana=35 lvl=26 gold=93759 weapon=melee arrows=-1 holder=fight
S 06:33:32 #6619 ses=InGame mode=World ui=npcmenu+inventory cur=- hold=fight held=26.3s gate=- phase=- hp=127 mp=205 pos=5849,4841 en=246
S 06:33:33 #6628 ses=InGame mode=World ui=npcmenu+inventory cur=- hold=fight held=27.5s gate=- phase=- hp=126 mp=180 pos=5845,4842 en=242
time=2026-09-24T06:33:33.705+03:00 level=INFO msg="azbot done"
time=2026-09-24T06:33:33.745+03:00 level=INFO msg="healed input fn" fn=GetPhysicalCursorPos
time=2026-09-24T06:33:33.745+03:00 level=INFO msg="healed input fn" fn=GetCursorPos
time=2026-09-24T06:33:33.746+03:00 level=INFO msg="healed input fn" fn=GetCursorInfo
time=2026-09-24T06:33:33.747+03:00 level=INFO msg="healed input fn" fn=SetCursorPos
time=2026-09-24T06:33:33.747+03:00 level=INFO msg="healed input fn" fn=GetKeyState
time=2026-09-24T06:33:33.747+03:00 level=INFO msg="healed input fn" fn=GetAsyncKeyState
time=2026-09-24T06:33:33.747+03:00 level=INFO msg="healed input fn" fn=GetKeyboardState
time=2026-09-24T06:33:33.748+03:00 level=INFO msg="healed input fn" fn=TrackMouseEvent
